date,modal_price,arrival_qty,day_of_week,month,quarter,year,day_of_year,lag_1,lag_7,lag_14,lag_30,rolling_7,rolling_14,rolling_30
2021-02-22,3550.0,200.7,0,2,1,2021,53,3400.0,3170.0,2940.0,2500.0,3375.714285714286,3376.4285714285716,2959.0
2021-02-23,3300.0,282.7,1,2,1,2021,54,3550.0,3350.0,3300.0,2500.0,3430.0,3420.0,2994.0
2021-02-24,3000.0,360.3,2,2,1,2021,55,3300.0,3250.0,3500.0,1980.0,3422.8571428571427,3420.0,3020.6666666666665
2021-02-25,2140.0,542.1,3,2,1,2021,56,3000.0,3430.0,3500.0,1980.0,3387.1428571428573,3384.285714285714,3054.6666666666665
2021-02-26,1900.0,44.7,4,2,1,2021,57,2140.0,3630.0,3520.0,2120.0,3202.8571428571427,3287.1428571428573,3060.0
2021-02-27,1500.0,797.6,5,2,1,2021,58,1900.0,3400.0,3440.0,2210.0,2955.714285714286,3171.4285714285716,3052.6666666666665
2021-02-28,1500.0,0.0,6,2,1,2021,59,1500.0,3400.0,3440.0,2300.0,2684.285714285714,3032.8571428571427,3029.0
2021-03-01,1940.0,337.4,0,3,1,2021,60,1500.0,3550.0,3170.0,2500.0,2412.8571428571427,2894.285714285714,3002.3333333333335
2021-03-02,2100.0,463.8,1,3,1,2021,61,1940.0,3300.0,3350.0,2500.0,2182.8571428571427,2806.4285714285716,2983.6666666666665
2021-03-03,2000.0,465.3,2,3,1,2021,62,2100.0,3000.0,3250.0,3100.0,2011.4285714285713,2717.1428571428573,2970.3333333333335
2021-03-04,1550.0,644.3,3,3,1,2021,63,2000.0,2140.0,3430.0,3140.0,1868.5714285714287,2627.8571428571427,2933.6666666666665
2021-03-05,1550.0,0.0,4,3,1,2021,64,1550.0,1900.0,3630.0,3290.0,1784.2857142857142,2493.5714285714284,2880.6666666666665
2021-03-06,1500.0,681.2,5,3,1,2021,65,1550.0,1500.0,3400.0,3000.0,1734.2857142857142,2345.0,2822.6666666666665
2021-03-07,1500.0,0.0,6,3,1,2021,66,1500.0,1500.0,3400.0,2900.0,1734.2857142857142,2209.285714285714,2772.6666666666665
2021-03-08,1500.0,0.0,0,3,1,2021,67,1500.0,1940.0,3550.0,2740.0,1734.2857142857142,2073.5714285714284,2726.0
2021-03-09,1500.0,0.0,1,3,1,2021,68,1500.0,2100.0,3300.0,2740.0,1671.4285714285713,1927.142857142857,2684.6666666666665
2021-03-10,1500.0,0.0,2,3,1,2021,69,1500.0,2000.0,3000.0,2940.0,1585.7142857142858,1798.5714285714287,2643.3333333333335
2021-03-11,1500.0,0.0,3,3,1,2021,70,1500.0,1550.0,2140.0,3300.0,1514.2857142857142,1691.4285714285713,2595.3333333333335
2021-03-12,1090.0,461.8,4,3,1,2021,71,1500.0,1550.0,1900.0,3500.0,1507.142857142857,1645.7142857142858,2535.3333333333335
2021-03-13,1090.0,0.0,5,3,1,2021,72,1090.0,1500.0,1500.0,3500.0,1441.4285714285713,1587.857142857143,2455.0
2021-03-14,1090.0,0.0,6,3,1,2021,73,1090.0,1500.0,1500.0,3520.0,1382.857142857143,1558.5714285714287,2374.6666666666665
2021-03-15,1310.0,260.6,0,3,1,2021,74,1090.0,1500.0,1940.0,3440.0,1324.2857142857142,1529.2857142857142,2293.6666666666665
2021-03-16,1310.0,328.4,1,3,1,2021,75,1310.0,1500.0,2100.0,3440.0,1297.142857142857,1484.2857142857142,2222.6666666666665
2021-03-17,1100.0,552.5,2,3,1,2021,76,1310.0,1500.0,2000.0,3170.0,1270.0,1427.857142857143,2151.6666666666665
2021-03-18,900.0,659.5,3,3,1,2021,77,1100.0,1500.0,1550.0,3350.0,1212.857142857143,1363.5714285714287,2082.6666666666665
2021-03-19,800.0,731.2,4,3,1,2021,78,900.0,1090.0,1550.0,3250.0,1127.142857142857,1317.142857142857,2001.0
2021-03-20,730.0,332.6,5,3,1,2021,79,800.0,1090.0,1500.0,3430.0,1085.7142857142858,1263.5714285714287,1919.3333333333333
2021-03-21,730.0,0.0,6,3,1,2021,80,730.0,1090.0,1500.0,3630.0,1034.2857142857142,1208.5714285714287,1829.3333333333333
2021-03-22,730.0,0.0,0,3,1,2021,81,730.0,1310.0,1500.0,3400.0,982.8571428571429,1153.5714285714287,1732.6666666666667
2021-03-23,830.0,366.8,1,3,1,2021,82,730.0,1310.0,1500.0,3400.0,900.0,1098.5714285714287,1643.6666666666667
2021-03-24,800.0,367.2,2,3,1,2021,83,830.0,1100.0,1500.0,3550.0,831.4285714285714,1050.7142857142858,1558.0
2021-03-25,790.0,618.8,3,3,1,2021,84,800.0,900.0,1500.0,3300.0,788.5714285714286,1000.7142857142857,1466.3333333333333
2021-03-26,790.0,0.0,4,3,1,2021,85,790.0,800.0,1090.0,3000.0,772.8571428571429,950.0,1382.6666666666667
2021-03-27,820.0,542.0,5,3,1,2021,86,790.0,730.0,1090.0,2140.0,771.4285714285714,928.5714285714286,1309.0
2021-03-28,820.0,0.0,6,3,1,2021,87,820.0,730.0,1090.0,1900.0,784.2857142857143,909.2857142857143,1265.0
2021-03-29,820.0,0.0,0,3,1,2021,88,820.0,730.0,1310.0,1500.0,797.1428571428571,890.0,1229.0
2021-03-30,790.0,505.3,1,3,1,2021,89,820.0,830.0,1310.0,1500.0,810.0,855.0,1206.3333333333333
2021-03-31,790.0,342.8,2,3,1,2021,90,790.0,800.0,1100.0,1940.0,804.2857142857143,817.8571428571429,1182.6666666666667
2021-04-01,790.0,427.0,3,4,2,2021,91,790.0,790.0,900.0,2100.0,802.8571428571429,795.7142857142857,1144.3333333333333
2021-04-02,790.0,0.0,4,4,2,2021,92,790.0,790.0,800.0,2000.0,802.8571428571429,787.8571428571429,1100.6666666666667
2021-04-03,790.0,568.6,5,4,2,2021,93,790.0,820.0,730.0,1550.0,802.8571428571429,787.1428571428571,1060.3333333333333
2021-04-04,790.0,0.0,6,4,2,2021,94,790.0,820.0,730.0,1550.0,798.5714285714286,791.4285714285714,1035.0
2021-04-05,790.0,0.0,0,4,2,2021,95,790.0,820.0,730.0,1500.0,794.2857142857143,795.7142857142857,1009.6666666666666
2021-04-06,790.0,0.0,1,4,2,2021,96,790.0,790.0,830.0,1500.0,790.0,800.0,986.0
2021-04-07,700.0,465.3,2,4,2,2021,97,790.0,790.0,800.0,1500.0,790.0,797.1428571428571,962.3333333333334
2021-04-08,700.0,0.0,3,4,2,2021,98,700.0,790.0,790.0,1500.0,777.1428571428571,790.0,935.6666666666666
2021-04-09,700.0,883.3,4,4,2,2021,99,700.0,790.0,790.0,1500.0,764.2857142857143,783.5714285714286,909.0
2021-04-10,700.0,0.0,5,4,2,2021,100,700.0,790.0,820.0,1500.0,751.4285714285714,777.1428571428571,882.3333333333334
2021-04-11,700.0,0.0,6,4,2,2021,101,700.0,790.0,820.0,1090.0,738.5714285714286,768.5714285714286,855.6666666666666
2021-04-12,700.0,0.0,0,4,2,2021,102,700.0,790.0,820.0,1090.0,725.7142857142857,760.0,842.6666666666666
2021-04-13,700.0,0.0,1,4,2,2021,103,700.0,790.0,790.0,1090.0,712.8571428571429,751.4285714285714,829.6666666666666
2021-04-14,700.0,0.0,2,4,2,2021,104,700.0,700.0,790.0,1310.0,700.0,745.0,816.6666666666666
2021-04-15,850.0,94.1,3,4,2,2021,105,700.0,700.0,790.0,1310.0,700.0,738.5714285714286,796.3333333333334
2021-04-16,850.0,156.5,4,4,2,2021,106,850.0,700.0,790.0,1100.0,721.4285714285714,742.8571428571429,781.0
2021-04-17,840.0,247.6,5,4,2,2021,107,850.0,700.0,790.0,900.0,742.8571428571429,747.1428571428571,772.6666666666666
2021-04-18,840.0,0.0,6,4,2,2021,108,840.0,700.0,790.0,800.0,762.8571428571429,750.7142857142857,770.6666666666666
2021-04-19,790.0,445.0,0,4,2,2021,109,840.0,700.0,790.0,730.0,782.8571428571429,754.2857142857143,772.0
2021-04-20,740.0,393.0,1,4,2,2021,110,790.0,700.0,790.0,730.0,795.7142857142857,754.2857142857143,774.0
2021-04-21,740.0,0.0,2,4,2,2021,111,740.0,700.0,700.0,730.0,801.4285714285714,750.7142857142857,774.3333333333334
2021-04-22,780.0,372.0,3,4,2,2021,112,740.0,850.0,700.0,830.0,807.1428571428571,753.5714285714286,774.6666666666666
2021-04-23,690.0,293.9,4,4,2,2021,113,780.0,850.0,700.0,800.0,797.1428571428571,759.2857142857143,773.0
2021-04-24,750.0,288.2,5,4,2,2021,114,690.0,840.0,700.0,790.0,774.2857142857143,758.5714285714286,769.3333333333334
2021-04-25,750.0,0.0,6,4,2,2021,115,750.0,840.0,700.0,790.0,761.4285714285714,762.1428571428571,768.0
2021-04-26,740.0,168.6,0,4,2,2021,116,750.0,790.0,700.0,820.0,748.5714285714286,765.7142857142857,766.6666666666666
2021-04-27,740.0,0.0,1,4,2,2021,117,740.0,740.0,700.0,820.0,741.4285714285714,768.5714285714286,764.0
2021-04-28,820.0,170.4,2,4,2,2021,118,740.0,740.0,700.0,820.0,741.4285714285714,771.4285714285714,761.3333333333334
2021-04-29,810.0,145.8,3,4,2,2021,119,820.0,780.0,850.0,790.0,752.8571428571429,780.0,761.3333333333334
2021-04-30,830.0,245.9,4,4,2,2021,120,810.0,690.0,850.0,790.0,757.1428571428571,777.1428571428571,762.0
2021-05-01,830.0,0.0,5,5,2,2021,121,830.0,750.0,840.0,790.0,777.1428571428571,775.7142857142857,763.3333333333334
2021-05-02,830.0,0.0,6,5,2,2021,122,830.0,750.0,840.0,790.0,788.5714285714286,775.0,764.6666666666666
2021-05-03,860.0,184.5,0,5,2,2021,123,830.0,740.0,790.0,790.0,800.0,774.2857142857143,766.0
2021-05-04,850.0,148.4,1,5,2,2021,124,860.0,740.0,740.0,790.0,817.1428571428571,779.2857142857143,768.3333333333334
2021-05-05,850.0,73.5,2,5,2,2021,125,850.0,820.0,740.0,790.0,832.8571428571429,787.1428571428571,770.3333333333334
2021-05-06,800.0,59.7,3,5,2,2021,126,850.0,810.0,780.0,790.0,837.1428571428571,795.0,772.3333333333334
2021-05-07,800.0,0.0,4,5,2,2021,127,800.0,830.0,690.0,700.0,835.7142857142857,796.4285714285714,772.6666666666666
2021-05-08,800.0,86.6,5,5,2,2021,128,800.0,830.0,750.0,700.0,831.4285714285714,804.2857142857143,776.0
2021-05-09,800.0,0.0,6,5,2,2021,129,800.0,830.0,750.0,700.0,827.1428571428571,807.8571428571429,779.3333333333334
2021-05-10,880.0,103.1,0,5,2,2021,130,800.0,860.0,740.0,700.0,822.8571428571429,811.4285714285714,782.6666666666666
2021-05-11,880.0,0.0,1,5,2,2021,131,880.0,850.0,740.0,700.0,825.7142857142857,821.4285714285714,788.6666666666666
2021-05-12,880.0,93.0,2,5,2,2021,132,880.0,850.0,820.0,700.0,830.0,831.4285714285714,794.6666666666666
2021-05-13,960.0,26.9,3,5,2,2021,133,880.0,800.0,810.0,700.0,834.2857142857143,835.7142857142857,800.6666666666666
2021-05-14,960.0,0.0,4,5,2,2021,134,960.0,800.0,830.0,700.0,857.1428571428571,846.4285714285714,809.3333333333334
2021-05-15,1190.0,31.5,5,5,2,2021,135,960.0,800.0,830.0,850.0,880.0,855.7142857142857,818.0
2021-05-16,1190.0,0.0,6,5,2,2021,136,1190.0,800.0,830.0,850.0,935.7142857142857,881.4285714285714,829.3333333333334
2021-05-17,930.0,75.8,0,5,2,2021,137,1190.0,880.0,860.0,840.0,991.4285714285714,907.1428571428571,840.6666666666666
2021-05-18,920.0,44.6,1,5,2,2021,138,930.0,880.0,850.0,840.0,998.5714285714286,912.1428571428571,843.6666666666666
2021-05-19,940.0,26.9,2,5,2,2021,139,920.0,880.0,850.0,790.0,1004.2857142857143,917.1428571428571,846.3333333333334
2021-05-20,980.0,64.6,3,5,2,2021,140,940.0,960.0,800.0,740.0,1012.8571428571429,923.5714285714286,851.3333333333334
2021-05-21,980.0,0.0,4,5,2,2021,141,980.0,960.0,800.0,740.0,1015.7142857142857,936.4285714285714,859.3333333333334
2021-05-22,850.0,25.0,5,5,2,2021,142,980.0,1190.0,800.0,780.0,1018.5714285714286,949.2857142857143,867.3333333333334
2021-05-23,850.0,0.0,6,5,2,2021,143,850.0,1190.0,800.0,690.0,970.0,952.8571428571429,869.6666666666666
2021-05-24,970.0,43.4,0,5,2,2021,144,850.0,930.0,880.0,750.0,921.4285714285714,956.4285714285714,875.0
2021-05-25,930.0,10.8,1,5,2,2021,145,970.0,920.0,880.0,750.0,927.1428571428571,962.8571428571429,882.3333333333334
2021-05-26,1380.0,24.2,2,5,2,2021,146,930.0,940.0,880.0,740.0,928.5714285714286,966.4285714285714,888.3333333333334
2021-05-27,1280.0,30.2,3,5,2,2021,147,1380.0,980.0,960.0,740.0,991.4285714285714,1002.1428571428571,909.6666666666666
2021-05-28,1130.0,17.2,4,5,2,2021,148,1280.0,980.0,960.0,820.0,1034.2857142857142,1025.0,927.6666666666666
2021-05-29,1370.0,16.4,5,5,2,2021,149,1130.0,850.0,1190.0,810.0,1055.7142857142858,1037.142857142857,938.0
2021-05-30,1370.0,0.0,6,5,2,2021,150,1370.0,850.0,1190.0,830.0,1130.0,1050.0,956.6666666666666
2021-05-31,1500.0,26.1,0,5,2,2021,151,1370.0,970.0,930.0,830.0,1204.2857142857142,1062.857142857143,974.6666666666666
2021-06-01,1480.0,30.2,1,6,2,2021,152,1500.0,930.0,920.0,830.0,1280.0,1103.5714285714287,997.0
2021-06-02,1290.0,16.3,2,6,2,2021,153,1480.0,1380.0,940.0,860.0,1358.5714285714287,1143.5714285714287,1018.6666666666666
2021-06-03,1050.0,20.6,3,6,2,2021,154,1290.0,1280.0,980.0,850.0,1345.7142857142858,1168.5714285714287,1033.0
2021-06-04,910.0,16.0,4,6,2,2021,155,1050.0,1130.0,980.0,850.0,1312.857142857143,1173.5714285714287,1039.6666666666667
2021-06-05,1360.0,8.2,5,6,2,2021,156,910.0,1370.0,850.0,800.0,1281.4285714285713,1168.5714285714287,1041.6666666666667
2021-06-06,1360.0,0.0,6,6,2,2021,157,1360.0,1370.0,850.0,800.0,1280.0,1205.0,1060.3333333333333
2021-06-07,1300.0,24.0,0,6,2,2021,158,1360.0,1500.0,970.0,800.0,1278.5714285714287,1241.4285714285713,1079.0
2021-06-08,1390.0,36.0,1,6,2,2021,159,1300.0,1480.0,930.0,800.0,1250.0,1265.0,1095.6666666666667
2021-06-09,1390.0,0.0,2,6,2,2021,160,1390.0,1290.0,1380.0,880.0,1237.142857142857,1297.857142857143,1115.3333333333333
2021-06-10,1390.0,0.0,3,6,2,2021,161,1390.0,1050.0,1280.0,880.0,1251.4285714285713,1298.5714285714287,1132.3333333333333
2021-06-11,1390.0,26.6,4,6,2,2021,162,1390.0,910.0,1130.0,880.0,1300.0,1306.4285714285713,1149.3333333333333
2021-06-12,1430.0,11.9,5,6,2,2021,163,1390.0,1360.0,1370.0,960.0,1368.5714285714287,1325.0,1166.3333333333333
2021-06-13,1430.0,0.0,6,6,2,2021,164,1430.0,1360.0,1370.0,960.0,1378.5714285714287,1329.2857142857142,1182.0
2021-06-14,1790.0,9.8,0,6,2,2021,165,1430.0,1300.0,1500.0,1190.0,1388.5714285714287,1333.5714285714287,1197.6666666666667
2021-06-15,1620.0,11.3,1,6,2,2021,166,1790.0,1390.0,1480.0,1190.0,1458.5714285714287,1354.2857142857142,1217.6666666666667
2021-06-16,1620.0,0.0,2,6,2,2021,167,1620.0,1390.0,1290.0,930.0,1491.4285714285713,1364.2857142857142,1232.0
2021-06-17,1740.0,21.6,3,6,2,2021,168,1620.0,1390.0,1050.0,920.0,1524.2857142857142,1387.857142857143,1255.0
2021-06-18,1590.0,26.6,4,6,2,2021,169,1740.0,1390.0,910.0,940.0,1574.2857142857142,1437.142857142857,1282.3333333333333
2021-06-19,1350.0,13.2,5,6,2,2021,170,1590.0,1430.0,1360.0,980.0,1602.857142857143,1485.7142857142858,1304.0
2021-06-20,1350.0,0.0,6,6,2,2021,171,1350.0,1430.0,1360.0,980.0,1591.4285714285713,1485.0,1316.3333333333333
2021-06-21,1600.0,15.0,0,6,2,2021,172,1350.0,1790.0,1300.0,850.0,1580.0,1484.2857142857142,1328.6666666666667
2021-06-22,1490.0,3.5,1,6,2,2021,173,1600.0,1620.0,1390.0,850.0,1552.857142857143,1505.7142857142858,1353.6666666666667
2021-06-23,1810.0,3.5,2,6,2,2021,174,1490.0,1620.0,1390.0,970.0,1534.2857142857142,1512.857142857143,1375.0
2021-06-24,1410.0,14.9,3,6,2,2021,175,1810.0,1740.0,1390.0,930.0,1561.4285714285713,1542.857142857143,1403.0
2021-06-25,1570.0,13.5,4,6,2,2021,176,1410.0,1590.0,1390.0,1380.0,1514.2857142857142,1544.2857142857142,1419.0
2021-06-26,1850.0,7.6,5,6,2,2021,177,1570.0,1350.0,1430.0,1280.0,1511.4285714285713,1557.142857142857,1425.3333333333333
2021-06-27,1850.0,0.0,6,6,2,2021,178,1850.0,1350.0,1430.0,1130.0,1582.857142857143,1587.142857142857,1444.3333333333333
2021-06-28,1440.0,7.2,0,6,2,2021,179,1850.0,1600.0,1790.0,1370.0,1654.2857142857142,1617.142857142857,1468.3333333333333
2021-06-29,1710.0,5.5,1,6,2,2021,180,1440.0,1490.0,1620.0,1370.0,1631.4285714285713,1592.142857142857,1470.6666666666667
2021-06-30,1710.0,0.0,2,6,2,2021,181,1710.0,1810.0,1620.0,1500.0,1662.857142857143,1598.5714285714287,1482.0
2021-07-01,1650.0,6.7,3,7,3,2021,182,1710.0,1410.0,1740.0,1480.0,1648.5714285714287,1605.0,1489.0
2021-07-02,1710.0,21.1,4,7,3,2021,183,1650.0,1570.0,1590.0,1290.0,1682.857142857143,1598.5714285714287,1494.6666666666667
2021-07-03,1270.0,19.3,5,7,3,2021,184,1710.0,1850.0,1350.0,1050.0,1702.857142857143,1607.142857142857,1508.6666666666667
2021-07-04,1270.0,0.0,6,7,3,2021,185,1270.0,1850.0,1350.0,910.0,1620.0,1601.4285714285713,1516.0
2021-07-05,1550.0,41.6,0,7,3,2021,186,1270.0,1440.0,1600.0,1360.0,1537.142857142857,1595.7142857142858,1528.0
2021-07-06,1850.0,20.6,1,7,3,2021,187,1550.0,1710.0,1490.0,1360.0,1552.857142857143,1592.142857142857,1534.3333333333333
2021-07-07,1690.0,26.6,2,7,3,2021,188,1850.0,1710.0,1810.0,1300.0,1572.857142857143,1617.857142857143,1550.6666666666667
2021-07-08,1580.0,25.5,3,7,3,2021,189,1690.0,1650.0,1410.0,1390.0,1570.0,1609.2857142857142,1563.6666666666667
2021-07-09,1580.0,0.0,4,7,3,2021,190,1580.0,1710.0,1570.0,1390.0,1560.0,1621.4285714285713,1570.0
2021-07-10,1720.0,31.7,5,7,3,2021,191,1580.0,1270.0,1850.0,1390.0,1541.4285714285713,1622.142857142857,1576.3333333333333
2021-07-11,1720.0,0.0,6,7,3,2021,192,1720.0,1270.0,1850.0,1390.0,1605.7142857142858,1612.857142857143,1587.3333333333333
2021-07-12,1540.0,47.4,0,7,3,2021,193,1720.0,1550.0,1440.0,1430.0,1670.0,1603.5714285714287,1598.3333333333333
2021-07-13,1500.0,64.2,1,7,3,2021,194,1540.0,1850.0,1710.0,1430.0,1668.5714285714287,1610.7142857142858,1602.0
2021-07-14,1500.0,0.0,2,7,3,2021,195,1500.0,1690.0,1710.0,1790.0,1618.5714285714287,1595.7142857142858,1604.3333333333333
2021-07-15,1240.0,25.2,3,7,3,2021,196,1500.0,1580.0,1650.0,1620.0,1591.4285714285713,1580.7142857142858,1594.6666666666667
2021-07-16,1540.0,29.0,4,7,3,2021,197,1240.0,1580.0,1710.0,1620.0,1542.857142857143,1551.4285714285713,1582.0
2021-07-17,1540.0,0.0,5,7,3,2021,198,1540.0,1720.0,1270.0,1740.0,1537.142857142857,1539.2857142857142,1579.3333333333333
2021-07-18,1540.0,0.0,6,7,3,2021,199,1540.0,1720.0,1270.0,1590.0,1511.4285714285713,1558.5714285714287,1572.6666666666667
2021-07-19,1490.0,115.2,0,7,3,2021,200,1540.0,1540.0,1550.0,1350.0,1485.7142857142858,1577.857142857143,1571.0
2021-07-20,1210.0,140.3,1,7,3,2021,201,1490.0,1500.0,1850.0,1350.0,1478.5714285714287,1573.5714285714287,1575.6666666666667
2021-07-21,1210.0,0.0,2,7,3,2021,202,1210.0,1500.0,1690.0,1600.0,1437.142857142857,1527.857142857143,1571.0
2021-07-22,1180.0,58.4,3,7,3,2021,203,1210.0,1240.0,1580.0,1490.0,1395.7142857142858,1493.5714285714287,1558.0
2021-07-23,1420.0,12.8,4,7,3,2021,204,1180.0,1540.0,1580.0,1810.0,1387.142857142857,1465.0,1547.6666666666667
2021-07-24,1150.0,53.5,5,7,3,2021,205,1420.0,1540.0,1720.0,1410.0,1370.0,1453.5714285714287,1534.6666666666667
2021-07-25,1150.0,0.0,6,7,3,2021,206,1150.0,1540.0,1720.0,1570.0,1314.2857142857142,1412.857142857143,1526.0
2021-07-26,1420.0,82.3,0,7,3,2021,207,1150.0,1490.0,1540.0,1850.0,1258.5714285714287,1372.142857142857,1512.0
2021-07-27,1510.0,126.7,1,7,3,2021,208,1420.0,1210.0,1500.0,1850.0,1248.5714285714287,1363.5714285714287,1497.6666666666667
2021-07-28,1450.0,193.4,2,7,3,2021,209,1510.0,1210.0,1500.0,1440.0,1291.4285714285713,1364.2857142857142,1486.3333333333333
2021-07-29,1290.0,178.4,3,7,3,2021,210,1450.0,1180.0,1240.0,1710.0,1325.7142857142858,1360.7142857142858,1486.6666666666667
2021-07-30,1390.0,206.4,4,7,3,2021,211,1290.0,1420.0,1540.0,1710.0,1341.4285714285713,1364.2857142857142,1472.6666666666667
2021-07-31,1450.0,168.6,5,7,3,2021,212,1390.0,1150.0,1540.0,1650.0,1337.142857142857,1353.5714285714287,1462.0
2021-08-01,1450.0,0.0,6,8,3,2021,213,1450.0,1150.0,1540.0,1710.0,1380.0,1347.142857142857,1455.3333333333333
2021-08-02,1410.0,290.4,0,8,3,2021,214,1450.0,1420.0,1490.0,1270.0,1422.857142857143,1340.7142857142858,1446.6666666666667
2021-08-03,1350.0,221.0,1,8,3,2021,215,1410.0,1510.0,1210.0,1270.0,1421.4285714285713,1335.0,1451.3333333333333
2021-08-04,1300.0,263.7,2,8,3,2021,216,1350.0,1450.0,1210.0,1550.0,1398.5714285714287,1345.0,1454.0
2021-08-05,1320.0,207.4,3,8,3,2021,217,1300.0,1290.0,1180.0,1850.0,1377.142857142857,1351.4285714285713,1445.6666666666667
2021-08-06,1330.0,237.9,4,8,3,2021,218,1320.0,1390.0,1420.0,1690.0,1381.4285714285713,1361.4285714285713,1428.0
2021-08-07,1390.0,264.0,5,8,3,2021,219,1330.0,1450.0,1150.0,1580.0,1372.857142857143,1355.0,1416.0
2021-08-08,1390.0,0.0,6,8,3,2021,220,1390.0,1450.0,1150.0,1580.0,1364.2857142857142,1372.142857142857,1409.6666666666667
2021-08-09,1390.0,0.0,0,8,3,2021,221,1390.0,1410.0,1420.0,1720.0,1355.7142857142858,1389.2857142857142,1403.3333333333333
2021-08-10,1390.0,0.0,1,8,3,2021,222,1390.0,1350.0,1510.0,1720.0,1352.857142857143,1387.142857142857,1392.3333333333333
2021-08-11,1390.0,0.0,2,8,3,2021,223,1390.0,1300.0,1450.0,1540.0,1358.5714285714287,1378.5714285714287,1381.3333333333333
2021-08-12,1390.0,0.0,3,8,3,2021,224,1390.0,1320.0,1290.0,1500.0,1371.4285714285713,1374.2857142857142,1376.3333333333333
2021-08-13,1390.0,0.0,4,8,3,2021,225,1390.0,1330.0,1390.0,1500.0,1381.4285714285713,1381.4285714285713,1372.6666666666667
2021-08-14,1390.0,0.0,5,8,3,2021,226,1390.0,1390.0,1450.0,1240.0,1390.0,1381.4285714285713,1369.0
2021-08-15,1390.0,0.0,6,8,3,2021,227,1390.0,1390.0,1450.0,1540.0,1390.0,1377.142857142857,1374.0
2021-08-16,1390.0,0.0,0,8,3,2021,228,1390.0,1390.0,1410.0,1540.0,1390.0,1372.857142857143,1369.0
2021-08-17,1390.0,0.0,1,8,3,2021,229,1390.0,1390.0,1350.0,1540.0,1390.0,1371.4285714285713,1364.0
2021-08-18,1390.0,0.0,2,8,3,2021,230,1390.0,1390.0,1300.0,1490.0,1390.0,1374.2857142857142,1359.0
2021-08-19,1400.0,105.4,3,8,3,2021,231,1390.0,1390.0,1320.0,1210.0,1390.0,1380.7142857142858,1355.6666666666667
2021-08-20,1400.0,0.0,4,8,3,2021,232,1400.0,1390.0,1330.0,1210.0,1391.4285714285713,1386.4285714285713,1362.0
2021-08-21,1400.0,0.0,5,8,3,2021,233,1400.0,1390.0,1390.0,1180.0,1392.857142857143,1391.4285714285713,1368.3333333333333
2021-08-22,1400.0,0.0,6,8,3,2021,234,1400.0,1390.0,1390.0,1420.0,1394.2857142857142,1392.142857142857,1375.6666666666667
2021-08-23,1400.0,0.0,0,8,3,2021,235,1400.0,1390.0,1390.0,1150.0,1395.7142857142858,1392.857142857143,1375.0
2021-08-24,1400.0,0.0,1,8,3,2021,236,1400.0,1390.0,1390.0,1150.0,1397.142857142857,1393.5714285714287,1383.3333333333333
2021-08-25,1400.0,0.0,2,8,3,2021,237,1400.0,1390.0,1390.0,1420.0,1398.5714285714287,1394.2857142857142,1391.6666666666667
2021-08-26,1400.0,0.0,3,8,3,2021,238,1400.0,1400.0,1390.0,1510.0,1400.0,1395.0,1391.0
2021-08-27,1150.0,148.9,4,8,3,2021,239,1400.0,1400.0,1390.0,1450.0,1400.0,1395.7142857142858,1387.3333333333333
2021-08-28,1100.0,484.7,5,8,3,2021,240,1150.0,1400.0,1390.0,1290.0,1364.2857142857142,1378.5714285714287,1377.3333333333333
2021-08-29,1100.0,0.0,6,8,3,2021,241,1100.0,1400.0,1390.0,1390.0,1321.4285714285713,1357.857142857143,1371.0
2021-08-30,1100.0,0.0,0,8,3,2021,242,1100.0,1400.0,1390.0,1450.0,1278.5714285714287,1337.142857142857,1361.3333333333333
2021-08-31,1050.0,379.5,1,8,3,2021,243,1100.0,1400.0,1390.0,1450.0,1235.7142857142858,1316.4285714285713,1349.6666666666667
2021-09-01,950.0,299.0,2,9,3,2021,244,1050.0,1400.0,1390.0,1410.0,1185.7142857142858,1292.142857142857,1336.3333333333333
2021-09-02,950.0,0.0,3,9,3,2021,245,950.0,1400.0,1400.0,1350.0,1121.4285714285713,1260.7142857142858,1321.0
2021-09-03,1050.0,466.2,4,9,3,2021,246,950.0,1150.0,1400.0,1300.0,1057.142857142857,1228.5714285714287,1307.6666666666667
2021-09-04,1057.0,562.7,5,9,3,2021,247,1050.0,1100.0,1400.0,1320.0,1042.857142857143,1203.5714285714287,1299.3333333333333
2021-09-05,1057.0,0.0,6,9,3,2021,248,1057.0,1100.0,1400.0,1330.0,1036.7142857142858,1179.0714285714287,1290.5666666666666
2021-09-06,1071.0,969.3,0,9,3,2021,249,1057.0,1100.0,1400.0,1390.0,1030.5714285714287,1154.5714285714287,1281.4666666666667
2021-09-07,1071.0,0.0,1,9,3,2021,250,1071.0,1050.0,1400.0,1390.0,1026.4285714285713,1131.0714285714287,1270.8333333333333
2021-09-08,1061.0,889.6,2,9,3,2021,251,1071.0,950.0,1400.0,1390.0,1029.4285714285713,1107.5714285714287,1260.2
2021-09-09,1050.0,545.1,3,9,3,2021,252,1061.0,950.0,1400.0,1390.0,1045.2857142857142,1083.357142857143,1249.2333333333333
2021-09-10,1050.0,0.0,4,9,3,2021,253,1050.0,1050.0,1150.0,1390.0,1059.5714285714287,1058.357142857143,1237.9
2021-09-11,1107.0,663.3,5,9,3,2021,254,1050.0,1057.0,1100.0,1390.0,1059.5714285714287,1051.2142857142858,1226.5666666666666
2021-09-12,1107.0,0.0,6,9,3,2021,255,1107.0,1057.0,1100.0,1390.0,1066.7142857142858,1051.7142857142858,1217.1333333333334
2021-09-13,1100.0,685.4,0,9,3,2021,256,1107.0,1071.0,1100.0,1390.0,1073.857142857143,1052.2142857142858,1207.7
2021-09-14,1065.0,800.6,1,9,3,2021,257,1100.0,1071.0,1050.0,1390.0,1078.0,1052.2142857142858,1198.0333333333333
2021-09-15,957.0,604.7,2,9,3,2021,258,1065.0,1061.0,950.0,1390.0,1077.142857142857,1053.2857142857142,1187.2
2021-09-16,900.0,593.5,3,9,3,2021,259,957.0,1050.0,950.0,1390.0,1062.2857142857142,1053.7857142857142,1172.7666666666667
2021-09-17,900.0,0.0,4,9,3,2021,260,900.0,1050.0,1050.0,1390.0,1040.857142857143,1050.2142857142858,1156.4333333333334
2021-09-18,900.0,0.0,5,9,3,2021,261,900.0,1107.0,1057.0,1400.0,1019.4285714285714,1039.5,1140.1
2021-09-19,900.0,0.0,6,9,3,2021,262,900.0,1107.0,1057.0,1400.0,989.8571428571429,1028.2857142857142,1123.4333333333334
2021-09-20,900.0,0.0,0,9,3,2021,263,900.0,1100.0,1071.0,1400.0,960.2857142857143,1017.0714285714286,1106.7666666666667
2021-09-21,900.0,0.0,1,9,3,2021,264,900.0,1065.0,1071.0,1400.0,931.7142857142857,1004.8571428571429,1090.1
2021-09-22,900.0,0.0,2,9,3,2021,265,900.0,957.0,1061.0,1400.0,908.1428571428571,992.6428571428571,1073.4333333333334
2021-09-23,900.0,0.0,3,9,3,2021,266,900.0,900.0,1050.0,1400.0,900.0,981.1428571428571,1056.7666666666667
2021-09-24,900.0,0.0,4,9,3,2021,267,900.0,900.0,1050.0,1400.0,900.0,970.4285714285714,1040.1
2021-09-25,900.0,0.0,5,9,3,2021,268,900.0,900.0,1107.0,1400.0,900.0,959.7142857142857,1023.4333333333333
2021-09-26,900.0,0.0,6,9,3,2021,269,900.0,900.0,1107.0,1150.0,900.0,944.9285714285714,1006.7666666666667
2021-09-27,900.0,0.0,0,9,3,2021,270,900.0,900.0,1100.0,1100.0,900.0,930.1428571428571,998.4333333333333
2021-09-28,900.0,0.0,1,9,3,2021,271,900.0,900.0,1065.0,1100.0,900.0,915.8571428571429,991.7666666666667
2021-09-29,900.0,0.0,2,9,3,2021,272,900.0,900.0,957.0,1100.0,900.0,904.0714285714286,985.1
2021-09-30,900.0,0.0,3,9,3,2021,273,900.0,900.0,900.0,1050.0,900.0,900.0,978.4333333333333
2021-10-01,900.0,0.0,4,10,4,2021,274,900.0,900.0,900.0,950.0,900.0,900.0,973.4333333333333
2021-10-02,900.0,0.0,5,10,4,2021,275,900.0,900.0,900.0,950.0,900.0,900.0,971.7666666666667
2021-10-03,900.0,0.0,6,10,4,2021,276,900.0,900.0,900.0,1050.0,900.0,900.0,970.1
2021-10-04,900.0,0.0,0,10,4,2021,277,900.0,900.0,900.0,1057.0,900.0,900.0,965.1
2021-10-05,900.0,0.0,1,10,4,2021,278,900.0,900.0,900.0,1057.0,900.0,900.0,959.8666666666667
2021-10-06,900.0,0.0,2,10,4,2021,279,900.0,900.0,900.0,1071.0,900.0,900.0,954.6333333333333
2021-10-07,900.0,0.0,3,10,4,2021,280,900.0,900.0,900.0,1071.0,900.0,900.0,948.9333333333333
2021-10-08,900.0,0.0,4,10,4,2021,281,900.0,900.0,900.0,1061.0,900.0,900.0,943.2333333333333
2021-10-09,900.0,0.0,5,10,4,2021,282,900.0,900.0,900.0,1050.0,900.0,900.0,937.8666666666667
2021-10-10,900.0,0.0,6,10,4,2021,283,900.0,900.0,900.0,1050.0,900.0,900.0,932.8666666666667
2021-10-11,1860.0,207.2,0,10,4,2021,284,900.0,900.0,900.0,1107.0,900.0,900.0,927.8666666666667
2021-10-12,2700.0,278.1,1,10,4,2021,285,1860.0,900.0,900.0,1107.0,1037.142857142857,968.5714285714286,952.9666666666667
2021-10-13,2700.0,0.0,2,10,4,2021,286,2700.0,900.0,900.0,1100.0,1294.2857142857142,1097.142857142857,1006.0666666666667
2021-10-14,2700.0,0.0,3,10,4,2021,287,2700.0,900.0,900.0,1065.0,1551.4285714285713,1225.7142857142858,1059.4
2021-10-15,2700.0,0.0,4,10,4,2021,288,2700.0,900.0,900.0,957.0,1808.5714285714287,1354.2857142857142,1113.9
2021-10-16,2700.0,0.0,5,10,4,2021,289,2700.0,900.0,900.0,900.0,2065.714285714286,1482.857142857143,1172.0
2021-10-17,2700.0,0.0,6,10,4,2021,290,2700.0,900.0,900.0,900.0,2322.8571428571427,1611.4285714285713,1232.0
2021-10-18,1800.0,585.0,0,10,4,2021,291,2700.0,1860.0,900.0,900.0,2580.0,1740.0,1292.0
2021-10-19,1800.0,0.0,1,10,4,2021,292,1800.0,2700.0,900.0,900.0,2571.4285714285716,1804.2857142857142,1322.0
2021-10-20,1950.0,378.0,2,10,4,2021,293,1800.0,2700.0,900.0,900.0,2442.8571428571427,1868.5714285714287,1352.0
2021-10-21,1900.0,405.0,3,10,4,2021,294,1950.0,2700.0,900.0,900.0,2335.714285714286,1943.5714285714287,1387.0
2021-10-22,1800.0,392.1,4,10,4,2021,295,1900.0,2700.0,900.0,900.0,2221.4285714285716,2015.0,1420.3333333333333
2021-10-23,1750.0,320.1,5,10,4,2021,296,1800.0,2700.0,900.0,900.0,2092.8571428571427,2079.285714285714,1450.3333333333333
2021-10-24,1750.0,0.0,6,10,4,2021,297,1750.0,2700.0,900.0,900.0,1957.142857142857,2140.0,1478.6666666666667
2021-10-25,1901.0,578.8,0,10,4,2021,298,1750.0,1800.0,1860.0,900.0,1821.4285714285713,2200.714285714286,1507.0
2021-10-26,1707.0,400.1,1,10,4,2021,299,1901.0,1800.0,2700.0,900.0,1835.857142857143,2203.6428571428573,1540.3666666666666
2021-10-27,1000.0,507.6,2,10,4,2021,300,1707.0,1950.0,2700.0,900.0,1822.5714285714287,2132.714285714286,1567.2666666666667
2021-10-28,1100.0,619.7,3,10,4,2021,301,1000.0,1900.0,2700.0,900.0,1686.857142857143,2011.2857142857142,1570.6
2021-10-29,1200.0,755.1,4,10,4,2021,302,1100.0,1800.0,2700.0,900.0,1572.5714285714287,1897.0,1577.2666666666667
2021-10-30,1008.0,688.2,5,10,4,2021,303,1200.0,1750.0,2700.0,900.0,1486.857142857143,1789.857142857143,1587.2666666666667
2021-10-31,1008.0,0.0,6,10,4,2021,304,1008.0,1750.0,2700.0,900.0,1380.857142857143,1669.0,1590.8666666666666
2021-11-01,1651.0,503.5,0,11,4,2021,305,1008.0,1901.0,1800.0,900.0,1274.857142857143,1548.142857142857,1594.4666666666667
2021-11-02,1400.0,387.8,1,11,4,2021,306,1651.0,1707.0,1800.0,900.0,1239.142857142857,1537.5,1619.5
2021-11-03,1369.0,263.0,2,11,4,2021,307,1400.0,1000.0,1950.0,900.0,1195.2857142857142,1508.9285714285713,1636.1666666666667
2021-11-04,1369.0,0.0,3,11,4,2021,308,1369.0,1100.0,1900.0,900.0,1248.0,1467.4285714285713,1651.8
2021-11-05,1600.0,193.4,4,11,4,2021,309,1369.0,1200.0,1800.0,900.0,1286.4285714285713,1429.5,1667.4333333333334
2021-11-06,1827.0,322.0,5,11,4,2021,310,1600.0,1008.0,1750.0,900.0,1343.5714285714287,1415.2142857142858,1690.7666666666667
2021-11-07,1827.0,0.0,6,11,4,2021,311,1827.0,1008.0,1750.0,900.0,1460.5714285714287,1420.7142857142858,1721.6666666666667
2021-11-08,1880.0,492.8,0,11,4,2021,312,1827.0,1651.0,1901.0,900.0,1577.5714285714287,1426.2142857142858,1752.5666666666666
2021-11-09,1808.0,565.3,1,11,4,2021,313,1880.0,1400.0,1707.0,900.0,1610.2857142857142,1424.7142857142858,1785.2333333333333
2021-11-10,1752.0,648.4,2,11,4,2021,314,1808.0,1369.0,1000.0,1860.0,1668.5714285714287,1431.9285714285713,1815.5
2021-11-11,1602.0,698.9,3,11,4,2021,315,1752.0,1369.0,1100.0,2700.0,1723.2857142857142,1485.642857142857,1811.9
2021-11-12,1321.0,708.9,4,11,4,2021,316,1602.0,1600.0,1200.0,2700.0,1756.5714285714287,1521.5,1775.3
2021-11-13,1211.0,569.9,5,11,4,2021,317,1321.0,1827.0,1008.0,2700.0,1716.7142857142858,1530.142857142857,1729.3333333333333
2021-11-14,1211.0,0.0,6,11,4,2021,318,1211.0,1827.0,1008.0,2700.0,1628.7142857142858,1544.642857142857,1679.7
2021-11-15,1175.0,373.8,0,11,4,2021,319,1211.0,1880.0,1651.0,2700.0,1540.7142857142858,1559.142857142857,1630.0666666666666
2021-11-16,1406.0,270.1,1,11,4,2021,320,1175.0,1808.0,1400.0,2700.0,1440.0,1525.142857142857,1579.2333333333333
2021-11-17,1355.0,235.2,2,11,4,2021,321,1406.0,1752.0,1369.0,1800.0,1382.5714285714287,1525.5714285714287,1536.1
2021-11-18,1105.0,156.2,3,11,4,2021,322,1355.0,1602.0,1369.0,1800.0,1325.857142857143,1524.5714285714287,1521.2666666666667
2021-11-19,1255.0,37.6,4,11,4,2021,323,1105.0,1321.0,1600.0,1950.0,1254.857142857143,1505.7142857142858,1498.1
2021-11-20,1121.0,36.5,5,11,4,2021,324,1255.0,1211.0,1827.0,1900.0,1245.4285714285713,1481.0714285714287,1474.9333333333334
2021-11-21,1121.0,0.0,6,11,4,2021,325,1121.0,1211.0,1827.0,1800.0,1232.5714285714287,1430.642857142857,1448.9666666666667
2021-11-22,1259.0,55.5,0,11,4,2021,326,1121.0,1175.0,1880.0,1750.0,1219.7142857142858,1380.2142857142858,1426.3333333333333
2021-11-23,1359.0,74.0,1,11,4,2021,327,1259.0,1406.0,1808.0,1750.0,1231.7142857142858,1335.857142857143,1409.9666666666667
2021-11-24,1407.0,154.0,2,11,4,2021,328,1359.0,1355.0,1752.0,1901.0,1225.0,1303.7857142857142,1396.9333333333334
2021-11-25,1407.0,0.0,3,11,4,2021,329,1407.0,1105.0,1602.0,1707.0,1232.4285714285713,1279.142857142857,1380.4666666666667
2021-11-26,1069.0,408.2,4,11,4,2021,330,1407.0,1255.0,1321.0,1000.0,1275.5714285714287,1265.2142857142858,1370.4666666666667
2021-11-27,1051.0,381.6,5,11,4,2021,331,1069.0,1121.0,1211.0,1100.0,1249.0,1247.2142857142858,1372.7666666666667
2021-11-28,1051.0,0.0,6,11,4,2021,332,1051.0,1121.0,1211.0,1200.0,1239.0,1235.7857142857142,1371.1333333333334
2021-11-29,881.0,145.9,0,11,4,2021,333,1051.0,1259.0,1175.0,1008.0,1229.0,1224.357142857143,1366.1666666666667
2021-11-30,909.0,99.3,1,11,4,2021,334,881.0,1359.0,1406.0,1008.0,1175.0,1203.357142857143,1361.9333333333334
2021-12-01,903.0,88.6,2,12,4,2021,335,909.0,1407.0,1355.0,1651.0,1110.7142857142858,1167.857142857143,1358.6333333333334
2021-12-02,1151.0,116.8,3,12,4,2021,336,903.0,1407.0,1105.0,1400.0,1038.7142857142858,1135.5714285714287,1333.7
2021-12-03,1151.0,0.0,4,12,4,2021,337,1151.0,1069.0,1255.0,1369.0,1002.1428571428571,1138.857142857143,1325.4
2021-12-04,1151.0,0.0,5,12,4,2021,338,1151.0,1051.0,1121.0,1369.0,1013.8571428571429,1131.4285714285713,1318.1333333333334
2021-12-05,1151.0,0.0,6,12,4,2021,339,1151.0,1051.0,1121.0,1600.0,1028.142857142857,1133.5714285714287,1310.8666666666666
2021-12-06,1200.0,222.3,0,12,4,2021,340,1151.0,881.0,1259.0,1827.0,1042.4285714285713,1135.7142857142858,1295.9
2021-12-07,1169.0,260.2,1,12,4,2021,341,1200.0,909.0,1359.0,1827.0,1088.0,1131.5,1275.0
2021-12-08,1209.0,275.6,2,12,4,2021,342,1169.0,903.0,1407.0,1880.0,1125.142857142857,1117.9285714285713,1253.0666666666666
2021-12-09,1219.0,273.3,3,12,4,2021,343,1209.0,1151.0,1407.0,1808.0,1168.857142857143,1103.7857142857142,1230.7
2021-12-10,1309.0,302.4,4,12,4,2021,344,1219.0,1151.0,1069.0,1752.0,1178.5714285714287,1090.357142857143,1211.0666666666666
2021-12-11,1207.0,310.1,5,12,4,2021,345,1309.0,1151.0,1051.0,1602.0,1201.142857142857,1107.5,1196.3
2021-12-12,1207.0,0.0,6,12,4,2021,346,1207.0,1151.0,1051.0,1321.0,1209.142857142857,1118.642857142857,1183.1333333333334
2021-12-13,1207.0,0.0,0,12,4,2021,347,1207.0,1200.0,881.0,1211.0,1217.142857142857,1129.7857142857142,1179.3333333333333
2021-12-14,1209.0,105.6,1,12,4,2021,348,1207.0,1169.0,909.0,1211.0,1218.142857142857,1153.0714285714287,1179.2
2021-12-15,1259.0,95.6,2,12,4,2021,349,1209.0,1209.0,903.0,1175.0,1223.857142857143,1174.5,1179.1333333333334
2021-12-16,1309.0,70.3,3,12,4,2021,350,1259.0,1219.0,1151.0,1406.0,1231.0,1199.9285714285713,1181.9333333333334
2021-12-17,1429.0,69.8,4,12,4,2021,351,1309.0,1309.0,1151.0,1355.0,1243.857142857143,1211.2142857142858,1178.7
2021-12-18,1479.0,86.5,5,12,4,2021,352,1429.0,1207.0,1151.0,1105.0,1261.0,1231.0714285714287,1181.1666666666667
2021-12-19,1479.0,0.0,6,12,4,2021,353,1479.0,1207.0,1151.0,1255.0,1299.857142857143,1254.5,1193.6333333333334
2021-12-20,1381.0,77.0,0,12,4,2021,354,1479.0,1207.0,1200.0,1121.0,1338.7142857142858,1277.9285714285713,1201.1
2021-12-21,1379.0,67.7,1,12,4,2021,355,1381.0,1209.0,1169.0,1121.0,1363.5714285714287,1290.857142857143,1209.7666666666667
2021-12-22,1509.0,24.4,2,12,4,2021,356,1379.0,1259.0,1209.0,1259.0,1387.857142857143,1305.857142857143,1218.3666666666666
2021-12-23,1601.0,77.7,3,12,4,2021,357,1509.0,1309.0,1219.0,1359.0,1423.5714285714287,1327.2857142857142,1226.7
2021-12-24,1609.0,46.7,4,12,4,2021,358,1601.0,1429.0,1309.0,1407.0,1465.2857142857142,1354.5714285714287,1234.7666666666667
2021-12-25,1609.0,0.0,5,12,4,2021,359,1609.0,1479.0,1207.0,1407.0,1491.0,1376.0,1241.5
2021-12-26,1609.0,0.0,6,12,4,2021,360,1609.0,1479.0,1207.0,1069.0,1509.5714285714287,1404.7142857142858,1248.2333333333333
2021-12-27,1683.0,40.2,0,12,4,2021,361,1609.0,1381.0,1207.0,1051.0,1528.142857142857,1433.4285714285713,1266.2333333333333
2021-12-28,1629.0,78.7,1,12,4,2021,362,1683.0,1379.0,1209.0,1051.0,1571.2857142857142,1467.4285714285713,1287.3
2021-12-29,1629.0,0.0,2,12,4,2021,363,1629.0,1509.0,1259.0,881.0,1607.0,1497.4285714285713,1306.5666666666666
2021-12-30,1610.0,52.4,3,12,4,2021,364,1629.0,1601.0,1309.0,909.0,1624.142857142857,1523.857142857143,1331.5
2021-12-31,1537.0,46.3,4,12,4,2021,365,1610.0,1609.0,1429.0,903.0,1625.4285714285713,1545.357142857143,1354.8666666666666
2022-01-01,1537.0,0.0,5,1,1,2022,1,1537.0,1609.0,1479.0,1151.0,1615.142857142857,1553.0714285714287,1376.0
2022-01-02,1537.0,0.0,6,1,1,2022,2,1537.0,1609.0,1479.0,1151.0,1604.857142857143,1557.2142857142858,1388.8666666666666
2022-01-03,1669.0,41.2,0,1,1,2022,3,1537.0,1683.0,1381.0,1151.0,1594.5714285714287,1561.357142857143,1401.7333333333333
2022-01-04,1563.0,59.7,1,1,1,2022,4,1669.0,1629.0,1379.0,1151.0,1592.5714285714287,1581.9285714285713,1419.0
2022-01-05,1623.0,58.6,2,1,1,2022,5,1563.0,1629.0,1509.0,1200.0,1583.142857142857,1595.0714285714287,1432.7333333333333
2022-01-06,1673.0,50.6,3,1,1,2022,6,1623.0,1610.0,1601.0,1169.0,1582.2857142857142,1603.2142857142858,1446.8333333333333
2022-01-07,1669.0,75.9,4,1,1,2022,7,1673.0,1537.0,1609.0,1209.0,1591.2857142857142,1608.357142857143,1463.6333333333334
2022-01-08,1569.0,73.1,5,1,1,2022,8,1669.0,1537.0,1609.0,1219.0,1610.142857142857,1612.642857142857,1478.9666666666667
2022-01-09,1569.0,0.0,6,1,1,2022,9,1569.0,1537.0,1609.0,1309.0,1614.7142857142858,1609.7857142857142,1490.6333333333334
2022-01-10,1651.0,101.0,0,1,1,2022,10,1569.0,1669.0,1683.0,1207.0,1619.2857142857142,1606.9285714285713,1499.3
2022-01-11,1585.0,63.0,1,1,1,2022,11,1651.0,1563.0,1629.0,1207.0,1616.7142857142858,1604.642857142857,1514.1
2022-01-12,1479.0,109.9,2,1,1,2022,12,1585.0,1623.0,1629.0,1207.0,1619.857142857143,1601.5,1526.7
2022-01-13,1479.0,0.0,3,1,1,2022,13,1479.0,1673.0,1610.0,1209.0,1599.2857142857142,1590.7857142857142,1535.7666666666667
2022-01-14,1479.0,0.0,4,1,1,2022,14,1479.0,1669.0,1537.0,1259.0,1571.5714285714287,1581.4285714285713,1544.7666666666667
2022-01-15,1479.0,0.0,5,1,1,2022,15,1479.0,1569.0,1537.0,1309.0,1544.4285714285713,1577.2857142857142,1552.1
2022-01-16,1479.0,0.0,6,1,1,2022,16,1479.0,1569.0,1537.0,1429.0,1531.5714285714287,1573.142857142857,1557.7666666666667
2022-01-17,1451.0,15.4,0,1,1,2022,17,1479.0,1651.0,1669.0,1479.0,1518.7142857142858,1569.0,1559.4333333333334
2022-01-18,1769.0,20.3,1,1,1,2022,18,1451.0,1585.0,1563.0,1479.0,1490.142857142857,1553.4285714285713,1558.5
2022-01-19,1669.0,38.2,2,1,1,2022,19,1769.0,1479.0,1623.0,1381.0,1516.4285714285713,1568.142857142857,1568.1666666666667
2022-01-20,1723.0,43.9,3,1,1,2022,20,1669.0,1479.0,1673.0,1379.0,1543.5714285714287,1571.4285714285713,1577.7666666666667
2022-01-21,1669.0,75.6,4,1,1,2022,21,1723.0,1479.0,1669.0,1509.0,1578.4285714285713,1575.0,1589.2333333333333
2022-01-22,1627.0,107.7,5,1,1,2022,22,1669.0,1479.0,1569.0,1601.0,1605.5714285714287,1575.0,1594.5666666666666
2022-01-23,1627.0,0.0,6,1,1,2022,23,1627.0,1479.0,1569.0,1609.0,1626.7142857142858,1579.142857142857,1595.4333333333334
2022-01-24,1619.0,119.3,0,1,1,2022,24,1627.0,1451.0,1651.0,1609.0,1647.857142857143,1583.2857142857142,1596.0333333333333
2022-01-25,1573.0,162.8,1,1,1,2022,25,1619.0,1769.0,1585.0,1609.0,1671.857142857143,1581.0,1596.3666666666666
2022-01-26,1573.0,0.0,2,1,1,2022,26,1573.0,1669.0,1479.0,1683.0,1643.857142857143,1580.142857142857,1595.1666666666667
2022-01-27,1629.0,115.2,3,1,1,2022,27,1573.0,1723.0,1479.0,1629.0,1630.142857142857,1586.857142857143,1591.5
2022-01-28,1559.0,127.1,4,1,1,2022,28,1629.0,1669.0,1479.0,1629.0,1616.7142857142858,1597.5714285714287,1591.5
2022-01-29,1479.0,132.0,5,1,1,2022,29,1559.0,1627.0,1479.0,1610.0,1601.0,1603.2857142857142,1589.1666666666667
2022-01-30,1479.0,0.0,6,1,1,2022,30,1479.0,1627.0,1479.0,1537.0,1579.857142857143,1603.2857142857142,1584.8
2022-01-31,1487.0,156.4,0,1,1,2022,31,1479.0,1619.0,1451.0,1537.0,1558.7142857142858,1603.2857142857142,1582.8666666666666
2022-02-01,1487.0,0.0,1,2,1,2022,32,1487.0,1573.0,1769.0,1537.0,1539.857142857143,1605.857142857143,1581.2
2022-02-02,1409.0,130.8,2,2,1,2022,33,1487.0,1573.0,1669.0,1669.0,1527.5714285714287,1585.7142857142858,1579.5333333333333
2022-02-03,1527.0,68.5,3,2,1,2022,34,1409.0,1629.0,1723.0,1563.0,1504.142857142857,1567.142857142857,1570.8666666666666
2022-02-04,1469.0,81.3,4,2,1,2022,35,1527.0,1559.0,1669.0,1623.0,1489.5714285714287,1553.142857142857,1569.6666666666667
2022-02-05,1721.0,84.6,5,2,1,2022,36,1469.0,1479.0,1627.0,1673.0,1476.7142857142858,1538.857142857143,1564.5333333333333
2022-02-06,1721.0,0.0,6,2,1,2022,37,1721.0,1479.0,1627.0,1669.0,1511.2857142857142,1545.5714285714287,1566.1333333333334
2022-02-07,1839.0,55.0,0,2,1,2022,38,1721.0,1487.0,1619.0,1569.0,1545.857142857143,1552.2857142857142,1567.8666666666666
2022-02-08,1848.0,55.0,1,2,1,2022,39,1839.0,1487.0,1573.0,1569.0,1596.142857142857,1568.0,1576.8666666666666
2022-02-09,1910.0,35.3,2,2,1,2022,40,1848.0,1409.0,1573.0,1651.0,1647.7142857142858,1587.642857142857,1586.1666666666667
2022-02-10,1937.0,81.9,3,2,1,2022,41,1910.0,1527.0,1629.0,1585.0,1719.2857142857142,1611.7142857142858,1594.8
2022-02-11,1937.0,0.0,4,2,1,2022,42,1937.0,1469.0,1559.0,1479.0,1777.857142857143,1633.7142857142858,1606.5333333333333
2022-02-12,1569.0,96.0,5,2,1,2022,43,1937.0,1721.0,1479.0,1479.0,1844.7142857142858,1660.7142857142858,1621.8
2022-02-13,1569.0,0.0,6,2,1,2022,44,1569.0,1721.0,1479.0,1479.0,1823.0,1667.142857142857,1624.8
2022-02-14,1905.0,77.3,0,2,1,2022,45,1569.0,1839.0,1487.0,1479.0,1801.2857142857142,1673.5714285714287,1627.8
2022-02-15,1652.0,41.7,1,2,1,2022,46,1905.0,1848.0,1487.0,1479.0,1810.7142857142858,1703.4285714285713,1642.0
2022-02-16,1869.0,79.7,2,2,1,2022,47,1652.0,1910.0,1409.0,1451.0,1782.7142857142858,1715.2142857142858,1647.7666666666667
2022-02-17,1967.0,92.7,3,2,1,2022,48,1869.0,1937.0,1527.0,1769.0,1776.857142857143,1748.0714285714287,1661.7
2022-02-18,1639.0,89.5,4,2,1,2022,49,1967.0,1937.0,1469.0,1669.0,1781.142857142857,1779.5,1668.3
2022-02-19,1789.0,96.5,5,2,1,2022,50,1639.0,1569.0,1721.0,1723.0,1738.5714285714287,1791.642857142857,1667.3
2022-02-20,1789.0,0.0,6,2,1,2022,51,1789.0,1569.0,1721.0,1669.0,1770.0,1796.5,1669.5
2022-02-21,1832.0,97.6,0,2,1,2022,52,1789.0,1905.0,1839.0,1627.0,1801.4285714285713,1801.357142857143,1673.5
2022-02-22,1819.0,136.8,1,2,1,2022,53,1832.0,1652.0,1848.0,1627.0,1791.0,1800.857142857143,1680.3333333333333
2022-02-23,1809.0,124.6,2,2,1,2022,54,1819.0,1869.0,1910.0,1619.0,1814.857142857143,1798.7857142857142,1686.7333333333333
2022-02-24,1883.0,161.9,3,2,1,2022,55,1809.0,1967.0,1937.0,1573.0,1806.2857142857142,1791.5714285714287,1693.0666666666666
2022-02-25,1850.0,183.9,4,2,1,2022,56,1883.0,1639.0,1937.0,1573.0,1794.2857142857142,1787.7142857142858,1703.4
2022-02-26,1611.0,240.3,5,2,1,2022,57,1850.0,1789.0,1569.0,1629.0,1824.4285714285713,1781.5,1712.6333333333334
2022-02-27,1611.0,0.0,6,2,1,2022,58,1611.0,1789.0,1569.0,1559.0,1799.0,1784.5,1712.0333333333333
2022-02-28,1450.0,310.0,0,2,1,2022,59,1611.0,1832.0,1905.0,1479.0,1773.5714285714287,1787.5,1713.7666666666667
2022-03-01,1450.0,0.0,1,3,1,2022,60,1450.0,1819.0,1652.0,1479.0,1719.0,1755.0,1712.8
2022-03-02,1450.0,0.0,2,3,1,2022,61,1450.0,1809.0,1869.0,1487.0,1666.2857142857142,1740.5714285714287,1711.8333333333333
2022-03-03,1349.0,135.5,3,3,1,2022,62,1450.0,1883.0,1967.0,1487.0,1615.0,1710.642857142857,1710.6
2022-03-04,1349.0,0.0,4,3,1,2022,63,1349.0,1850.0,1639.0,1409.0,1538.7142857142858,1666.5,1706.0
2022-03-05,1289.0,242.1,5,3,1,2022,64,1349.0,1611.0,1789.0,1527.0,1467.142857142857,1645.7857142857142,1704.0
2022-03-06,1289.0,0.0,6,3,1,2022,65,1289.0,1611.0,1789.0,1469.0,1421.142857142857,1610.0714285714287,1696.0666666666666
2022-03-07,1147.0,255.0,0,3,1,2022,66,1289.0,1450.0,1832.0,1721.0,1375.142857142857,1574.357142857143,1690.0666666666666
2022-03-08,1150.0,298.7,1,3,1,2022,67,1147.0,1450.0,1819.0,1721.0,1331.857142857143,1525.4285714285713,1670.9333333333334
2022-03-09,1050.0,179.3,2,3,1,2022,68,1150.0,1450.0,1809.0,1839.0,1289.0,1477.642857142857,1651.9
2022-03-10,1021.0,198.0,3,3,1,2022,69,1050.0,1349.0,1883.0,1848.0,1231.857142857143,1423.4285714285713,1625.6
2022-03-11,980.0,150.9,4,3,1,2022,70,1021.0,1349.0,1850.0,1910.0,1185.0,1361.857142857143,1598.0333333333333
2022-03-12,1205.0,126.0,5,3,1,2022,71,980.0,1289.0,1611.0,1937.0,1132.2857142857142,1299.7142857142858,1567.0333333333333
2022-03-13,1205.0,0.0,6,3,1,2022,72,1205.0,1289.0,1611.0,1937.0,1120.2857142857142,1270.7142857142858,1542.6333333333334
2022-03-14,1123.0,133.7,0,3,1,2022,73,1205.0,1147.0,1450.0,1569.0,1108.2857142857142,1241.7142857142858,1518.2333333333333
2022-03-15,1069.0,149.7,1,3,1,2022,74,1123.0,1150.0,1450.0,1569.0,1104.857142857143,1218.357142857143,1503.3666666666666
2022-03-16,987.0,124.7,2,3,1,2022,75,1069.0,1050.0,1450.0,1905.0,1093.2857142857142,1191.142857142857,1486.7
2022-03-17,987.0,0.0,3,3,1,2022,76,987.0,1021.0,1349.0,1652.0,1084.2857142857142,1158.0714285714287,1456.1
2022-03-18,987.0,0.0,4,3,1,2022,77,987.0,980.0,1349.0,1869.0,1079.4285714285713,1132.2142857142858,1433.9333333333334
2022-03-19,959.0,169.4,5,3,1,2022,78,987.0,1205.0,1289.0,1967.0,1080.4285714285713,1106.357142857143,1404.5333333333333
2022-03-20,959.0,0.0,6,3,1,2022,79,959.0,1205.0,1289.0,1639.0,1045.2857142857142,1082.7857142857142,1370.9333333333334
2022-03-21,951.0,122.6,0,3,1,2022,80,959.0,1123.0,1147.0,1789.0,1010.1428571428571,1059.2142857142858,1348.2666666666667
2022-03-22,929.0,201.4,1,3,1,2022,81,951.0,1069.0,1150.0,1789.0,985.5714285714286,1045.2142857142858,1320.3333333333333
2022-03-23,960.0,58.3,2,3,1,2022,82,929.0,987.0,1050.0,1832.0,965.5714285714286,1029.4285714285713,1291.6666666666667
2022-03-24,889.0,80.1,3,3,1,2022,83,960.0,987.0,1021.0,1819.0,961.7142857142857,1023.0,1262.6
2022-03-25,930.0,80.7,4,3,1,2022,84,889.0,987.0,980.0,1809.0,947.7142857142857,1013.5714285714286,1231.6
2022-03-26,819.0,128.2,5,3,1,2022,85,930.0,959.0,1205.0,1883.0,939.5714285714286,1010.0,1202.3
2022-03-27,819.0,0.0,6,3,1,2022,86,819.0,959.0,1205.0,1850.0,919.5714285714286,982.4285714285714,1166.8333333333333
2022-03-28,819.0,0.0,0,3,1,2022,87,819.0,951.0,1123.0,1611.0,899.5714285714286,954.8571428571429,1132.4666666666667
2022-03-29,819.0,0.0,1,3,1,2022,88,819.0,929.0,1069.0,1611.0,880.7142857142857,933.1428571428571,1106.0666666666666
2022-03-30,750.0,194.2,2,3,1,2022,89,819.0,960.0,987.0,1450.0,865.0,915.2857142857143,1079.6666666666667
2022-03-31,930.0,106.6,3,3,1,2022,90,750.0,889.0,987.0,1450.0,835.0,898.3571428571429,1056.3333333333333
2022-04-01,930.0,0.0,4,4,2,2022,91,930.0,930.0,987.0,1450.0,840.8571428571429,894.2857142857143,1039.0
2022-04-02,930.0,0.0,5,4,2,2022,92,930.0,819.0,959.0,1349.0,840.8571428571429,890.2142857142857,1021.6666666666666
2022-04-03,930.0,0.0,6,4,2,2022,93,930.0,819.0,959.0,1349.0,856.7142857142857,888.1428571428571,1007.7
2022-04-04,951.0,35.6,0,4,2,2022,94,930.0,819.0,951.0,1289.0,872.5714285714286,886.0714285714286,993.7333333333333
2022-04-05,951.0,0.0,1,4,2,2022,95,951.0,819.0,929.0,1289.0,891.4285714285714,886.0714285714286,982.4666666666667
2022-04-06,928.0,64.9,2,4,2,2022,96,951.0,750.0,960.0,1147.0,910.2857142857143,887.6428571428571,971.2
2022-04-07,830.0,55.5,3,4,2,2022,97,928.0,930.0,889.0,1150.0,935.7142857142857,885.3571428571429,963.9
2022-04-08,829.0,148.3,4,4,2,2022,98,830.0,930.0,930.0,1050.0,921.4285714285714,881.1428571428571,953.2333333333333
2022-04-09,729.0,110.3,5,4,2,2022,99,829.0,930.0,819.0,1021.0,907.0,873.9285714285714,945.8666666666667
2022-04-10,729.0,0.0,6,4,2,2022,100,729.0,930.0,819.0,980.0,878.2857142857143,867.5,936.1333333333333
2022-04-11,612.0,248.3,0,4,2,2022,101,729.0,951.0,819.0,1205.0,849.5714285714286,861.0714285714286,927.7666666666667
2022-04-12,509.0,251.6,1,4,2,2022,102,612.0,951.0,819.0,1205.0,801.1428571428571,846.2857142857143,908.0
2022-04-13,590.0,94.1,2,4,2,2022,103,509.0,928.0,750.0,1123.0,738.0,824.1428571428571,884.8
2022-04-14,590.0,0.0,3,4,2,2022,104,590.0,830.0,930.0,1069.0,689.7142857142857,812.7142857142857,867.0333333333333
2022-04-15,590.0,0.0,4,4,2,2022,105,590.0,829.0,930.0,987.0,655.4285714285714,788.4285714285714,851.0666666666667
2022-04-16,590.0,107.3,5,4,2,2022,106,590.0,729.0,930.0,987.0,621.2857142857143,764.1428571428571,837.8333333333334
2022-04-17,590.0,0.0,6,4,2,2022,107,590.0,729.0,930.0,987.0,601.4285714285714,739.8571428571429,824.6
2022-04-18,677.0,41.0,0,4,2,2022,108,590.0,612.0,951.0,959.0,581.5714285714286,715.5714285714286,811.3666666666667
2022-04-19,651.0,19.0,1,4,2,2022,109,677.0,509.0,951.0,959.0,590.8571428571429,696.0,801.9666666666667
2022-04-20,909.0,31.7,2,4,2,2022,110,651.0,590.0,928.0,951.0,611.1428571428571,674.5714285714286,791.7
2022-04-21,759.0,31.8,3,4,2,2022,111,909.0,590.0,830.0,929.0,656.7142857142857,673.2142857142857,790.3
2022-04-22,730.0,48.8,4,4,2,2022,112,759.0,590.0,829.0,960.0,680.8571428571429,668.1428571428571,784.6333333333333
2022-04-23,679.0,53.7,5,4,2,2022,113,730.0,590.0,729.0,889.0,700.8571428571429,661.0714285714286,776.9666666666667
2022-04-24,679.0,0.0,6,4,2,2022,114,679.0,590.0,729.0,930.0,713.5714285714286,657.5,769.9666666666667
2022-04-25,580.0,133.5,0,4,2,2022,115,679.0,677.0,612.0,819.0,726.2857142857143,653.9285714285714,761.6
2022-04-26,580.0,0.0,1,4,2,2022,116,580.0,651.0,509.0,819.0,712.4285714285714,651.6428571428571,753.6333333333333
2022-04-27,555.0,32.6,2,4,2,2022,117,580.0,909.0,590.0,819.0,702.2857142857143,656.7142857142857,745.6666666666666
2022-04-28,627.0,30.4,3,4,2,2022,118,555.0,759.0,590.0,819.0,651.7142857142857,654.2142857142857,736.8666666666667
2022-04-29,755.0,76.2,4,4,2,2022,119,627.0,730.0,590.0,750.0,632.8571428571429,656.8571428571429,730.4666666666667
2022-04-30,755.0,0.0,5,4,2,2022,120,755.0,679.0,590.0,930.0,636.4285714285714,668.6428571428571,730.6333333333333
2022-05-01,755.0,0.0,6,5,2,2022,121,755.0,679.0,590.0,930.0,647.2857142857143,680.4285714285714,724.8
2022-05-02,519.0,65.3,0,5,2,2022,122,755.0,580.0,677.0,930.0,658.1428571428571,692.2142857142857,718.9666666666667
2022-05-03,519.0,0.0,1,5,2,2022,123,519.0,580.0,651.0,930.0,649.4285714285714,680.9285714285714,705.2666666666667
2022-05-04,507.0,43.2,2,5,2,2022,124,519.0,555.0,909.0,951.0,640.7142857142857,671.5,691.5666666666667
2022-05-05,507.0,0.0,3,5,2,2022,125,507.0,627.0,759.0,951.0,633.8571428571429,642.7857142857143,676.7666666666667
2022-05-06,580.0,62.4,4,5,2,2022,126,507.0,755.0,730.0,928.0,616.7142857142857,624.7857142857143,661.9666666666667
2022-05-07,580.0,0.0,5,5,2,2022,127,580.0,755.0,679.0,830.0,591.7142857142857,614.0714285714286,650.3666666666667
2022-05-08,580.0,0.0,6,5,2,2022,128,580.0,755.0,679.0,829.0,566.7142857142857,607.0,642.0333333333333
2022-05-09,589.0,39.1,0,5,2,2022,129,580.0,519.0,580.0,729.0,541.7142857142857,599.9285714285714,633.7333333333333
2022-05-10,450.0,35.0,1,5,2,2022,130,589.0,519.0,580.0,729.0,551.7142857142857,600.5714285714286,629.0666666666667
2022-05-11,550.0,29.4,2,5,2,2022,131,450.0,507.0,555.0,612.0,541.8571428571429,591.2857142857143,619.7666666666667
2022-05-12,407.0,15.8,3,5,2,2022,132,550.0,507.0,627.0,509.0,548.0,590.9285714285714,617.7
2022-05-13,500.0,24.8,4,5,2,2022,133,407.0,580.0,755.0,590.0,533.7142857142857,575.2142857142857,614.3
2022-05-14,500.0,0.0,5,5,2,2022,134,500.0,580.0,755.0,590.0,522.2857142857143,557.0,611.3
2022-05-15,500.0,0.0,6,5,2,2022,135,500.0,580.0,755.0,590.0,510.85714285714283,538.7857142857143,608.3
2022-05-16,426.0,3.1,0,5,2,2022,136,500.0,589.0,519.0,590.0,499.42857142857144,520.5714285714286,605.3
2022-05-17,300.0,3.4,1,5,2,2022,137,426.0,450.0,519.0,590.0,476.14285714285717,513.9285714285714,599.8333333333334
2022-05-18,527.0,12.6,2,5,2,2022,138,300.0,550.0,507.0,677.0,454.7142857142857,498.2857142857143,590.1666666666666
2022-05-19,410.0,3.1,3,5,2,2022,139,527.0,407.0,507.0,651.0,451.42857142857144,499.7142857142857,585.1666666666666
2022-05-20,410.0,0.0,4,5,2,2022,140,410.0,500.0,580.0,909.0,451.85714285714283,492.7857142857143,577.1333333333333
2022-05-21,410.0,0.0,5,5,2,2022,141,410.0,500.0,580.0,759.0,439.0,480.64285714285717,560.5
2022-05-22,410.0,0.0,6,5,2,2022,142,410.0,500.0,580.0,730.0,426.14285714285717,468.5,548.8666666666667
2022-05-23,410.0,0.0,0,5,2,2022,143,410.0,426.0,589.0,679.0,413.2857142857143,456.35714285714283,538.2
2022-05-24,410.0,0.0,1,5,2,2022,144,410.0,300.0,450.0,679.0,411.0,443.57142857142856,529.2333333333333
2022-05-25,667.0,7.2,2,5,2,2022,145,410.0,527.0,550.0,580.0,426.7142857142857,440.7142857142857,520.2666666666667
2022-05-26,617.0,13.8,3,5,2,2022,146,667.0,410.0,407.0,580.0,446.7142857142857,449.07142857142856,523.1666666666666
2022-05-27,700.0,3.6,4,5,2,2022,147,617.0,410.0,500.0,555.0,476.2857142857143,464.07142857142856,524.4
2022-05-28,611.0,3.9,5,5,2,2022,148,700.0,410.0,500.0,627.0,517.7142857142857,478.35714285714283,529.2333333333333
2022-05-29,611.0,0.0,6,5,2,2022,149,611.0,410.0,500.0,755.0,546.4285714285714,486.2857142857143,528.7
2022-05-30,611.0,0.0,0,5,2,2022,150,611.0,410.0,426.0,755.0,575.1428571428571,494.2142857142857,523.9
2022-05-31,589.0,18.7,1,5,2,2022,151,611.0,410.0,300.0,755.0,603.8571428571429,507.42857142857144,519.1
2022-06-01,929.0,2.9,2,6,2,2022,152,589.0,667.0,527.0,519.0,629.4285714285714,528.0714285714286,513.5666666666667
2022-06-02,929.0,0.0,3,6,2,2022,153,929.0,617.0,410.0,519.0,666.8571428571429,556.7857142857143,527.2333333333333
2022-06-03,729.0,9.5,4,6,2,2022,154,929.0,700.0,410.0,507.0,711.4285714285714,593.8571428571429,540.9
2022-06-04,729.0,0.0,5,6,2,2022,155,729.0,611.0,410.0,507.0,715.5714285714286,616.6428571428571,548.3
2022-06-05,729.0,0.0,6,6,2,2022,156,729.0,611.0,410.0,580.0,732.4285714285714,639.4285714285714,555.7
2022-06-06,920.0,4.9,0,6,2,2022,157,729.0,611.0,410.0,580.0,749.2857142857143,662.2142857142857,560.6666666666666
2022-06-07,851.0,7.5,1,6,2,2022,158,920.0,589.0,410.0,580.0,793.4285714285714,698.6428571428571,572.0
2022-06-08,590.0,15.5,2,6,2,2022,159,851.0,929.0,667.0,589.0,830.8571428571429,730.1428571428571,581.0333333333333
2022-06-09,769.0,8.6,3,6,2,2022,160,590.0,929.0,617.0,450.0,782.4285714285714,724.6428571428571,581.0666666666667
2022-06-10,829.0,15.0,4,6,2,2022,161,769.0,729.0,700.0,550.0,759.5714285714286,735.5,591.7
2022-06-11,971.0,8.2,5,6,2,2022,162,829.0,729.0,611.0,407.0,773.8571428571429,744.7142857142857,601.0
2022-06-12,971.0,0.0,6,6,2,2022,163,971.0,729.0,611.0,500.0,808.4285714285714,770.4285714285714,619.8
2022-06-13,755.0,3.6,0,6,2,2022,164,971.0,920.0,611.0,500.0,843.0,796.1428571428571,635.5
2022-06-14,730.0,16.2,1,6,2,2022,165,755.0,851.0,589.0,500.0,819.4285714285714,806.4285714285714,644.0
2022-06-15,730.0,0.0,2,6,2,2022,166,730.0,590.0,929.0,426.0,802.1428571428571,816.5,651.6666666666666
2022-06-16,955.0,5.0,3,6,2,2022,167,730.0,769.0,929.0,300.0,822.1428571428571,802.2857142857143,661.8
2022-06-17,955.0,0.0,4,6,2,2022,168,955.0,829.0,729.0,527.0,848.7142857142857,804.1428571428571,683.6333333333333
2022-06-18,955.0,0.0,5,6,2,2022,169,955.0,971.0,729.0,410.0,866.7142857142857,820.2857142857143,697.9
2022-06-19,955.0,0.0,6,6,2,2022,170,955.0,971.0,729.0,410.0,864.4285714285714,836.4285714285714,716.0666666666667
2022-06-20,1031.0,43.2,0,6,2,2022,171,955.0,755.0,920.0,410.0,862.1428571428571,852.5714285714286,734.2333333333333
2022-06-21,657.0,5.4,1,6,2,2022,172,1031.0,730.0,851.0,410.0,901.5714285714286,860.5,754.9333333333333
2022-06-22,800.0,5.7,2,6,2,2022,173,657.0,730.0,590.0,410.0,891.1428571428571,846.6428571428571,763.1666666666666
2022-06-23,800.0,0.0,3,6,2,2022,174,800.0,955.0,769.0,410.0,901.1428571428571,861.6428571428571,776.1666666666666
2022-06-24,1037.0,15.8,4,6,2,2022,175,800.0,955.0,829.0,667.0,879.0,863.8571428571429,789.1666666666666
2022-06-25,1089.0,3.4,5,6,2,2022,176,1037.0,955.0,971.0,617.0,890.7142857142857,878.7142857142857,801.5
2022-06-26,1089.0,0.0,6,6,2,2022,177,1089.0,955.0,971.0,700.0,909.8571428571429,887.1428571428571,817.2333333333333
2022-06-27,1030.0,10.6,0,6,2,2022,178,1089.0,1031.0,755.0,611.0,929.0,895.5714285714286,830.2
2022-06-28,750.0,15.7,1,6,2,2022,179,1030.0,657.0,730.0,611.0,928.8571428571429,915.2142857142857,844.1666666666666
2022-06-29,750.0,0.0,2,6,2,2022,180,750.0,800.0,730.0,611.0,942.1428571428571,916.6428571428571,848.8
2022-06-30,617.0,1.1,3,6,2,2022,181,750.0,800.0,955.0,589.0,935.0,918.0714285714286,853.4333333333333
2022-07-01,1067.0,11.2,4,7,3,2022,182,617.0,1037.0,955.0,929.0,908.8571428571429,893.9285714285714,854.3666666666667
2022-07-02,1067.0,0.0,5,7,3,2022,183,1067.0,1089.0,955.0,929.0,913.1428571428571,901.9285714285714,858.9666666666667
2022-07-03,1067.0,0.0,6,7,3,2022,184,1067.0,1089.0,955.0,729.0,910.0,909.9285714285714,863.5666666666667
2022-07-04,1177.0,23.4,0,7,3,2022,185,1067.0,1030.0,1031.0,729.0,906.8571428571429,917.9285714285714,874.8333333333334
2022-07-05,638.0,11.0,1,7,3,2022,186,1177.0,750.0,657.0,729.0,927.8571428571429,928.3571428571429,889.7666666666667
2022-07-06,900.0,2.7,2,7,3,2022,187,638.0,750.0,800.0,920.0,911.8571428571429,927.0,886.7333333333333
2022-07-07,900.0,17.8,3,7,3,2022,188,900.0,617.0,800.0,851.0,933.2857142857143,934.1428571428571,886.0666666666667
2022-07-08,787.0,22.0,4,7,3,2022,189,900.0,1067.0,1037.0,590.0,973.7142857142857,941.2857142857143,887.7
2022-07-09,815.0,1.8,5,7,3,2022,190,787.0,1067.0,1089.0,769.0,933.7142857142857,923.4285714285714,894.2666666666667
2022-07-10,815.0,0.0,6,7,3,2022,191,815.0,1067.0,1089.0,829.0,897.7142857142857,903.8571428571429,895.8
2022-07-11,1179.0,10.9,0,7,3,2022,192,815.0,1177.0,1030.0,971.0,861.7142857142857,884.2857142857143,895.3333333333334
2022-07-12,880.0,2.4,1,7,3,2022,193,1179.0,638.0,750.0,971.0,862.0,894.9285714285714,902.2666666666667
2022-07-13,1009.0,10.6,2,7,3,2022,194,880.0,900.0,750.0,755.0,896.5714285714286,904.2142857142857,899.2333333333333
2022-07-14,1009.0,0.0,3,7,3,2022,195,1009.0,900.0,617.0,730.0,912.1428571428571,922.7142857142857,907.7
2022-07-15,915.0,3.8,4,7,3,2022,196,1009.0,787.0,1067.0,730.0,927.7142857142857,950.7142857142857,917.0
2022-07-16,859.0,4.5,5,7,3,2022,197,915.0,815.0,1067.0,955.0,946.0,939.8571428571429,923.1666666666666
2022-07-17,859.0,0.0,6,7,3,2022,198,859.0,815.0,1067.0,955.0,952.2857142857143,925.0,919.9666666666667
2022-07-18,1049.0,39.2,0,7,3,2022,199,859.0,1179.0,1177.0,955.0,958.5714285714286,910.1428571428571,916.7666666666667
2022-07-19,909.0,28.8,1,7,3,2022,200,1049.0,880.0,638.0,955.0,940.0,901.0,919.9
2022-07-20,871.0,26.5,2,7,3,2022,201,909.0,1009.0,900.0,1031.0,944.1428571428571,920.3571428571429,918.3666666666667
2022-07-21,760.0,39.8,3,7,3,2022,202,871.0,1009.0,900.0,657.0,924.4285714285714,918.2857142857143,913.0333333333333
2022-07-22,675.0,45.6,4,7,3,2022,203,760.0,915.0,787.0,800.0,888.8571428571429,908.2857142857143,916.4666666666667
2022-07-23,669.0,60.2,5,7,3,2022,204,675.0,859.0,815.0,800.0,854.5714285714286,900.2857142857143,912.3
2022-07-24,669.0,0.0,6,7,3,2022,205,669.0,859.0,815.0,1037.0,827.4285714285714,889.8571428571429,907.9333333333333
2022-07-25,767.0,75.5,0,7,3,2022,206,669.0,1049.0,1179.0,1089.0,800.2857142857143,879.4285714285714,895.6666666666666
2022-07-26,535.0,30.7,1,7,3,2022,207,767.0,909.0,880.0,1089.0,760.0,850.0,884.9333333333333
2022-07-27,689.0,28.2,2,7,3,2022,208,535.0,871.0,1009.0,1030.0,706.5714285714286,825.3571428571429,866.4666666666667
2022-07-28,689.0,0.0,3,7,3,2022,209,689.0,760.0,1009.0,750.0,680.5714285714286,802.5,855.1
2022-07-29,949.0,11.6,4,7,3,2022,210,689.0,675.0,915.0,750.0,670.4285714285714,779.6428571428571,853.0666666666667
2022-07-30,755.0,7.2,5,7,3,2022,211,949.0,669.0,859.0,617.0,709.5714285714286,782.0714285714286,859.7
2022-07-31,755.0,0.0,6,7,3,2022,212,755.0,669.0,859.0,1067.0,721.8571428571429,774.6428571428571,864.3
2022-08-01,711.0,26.8,0,8,3,2022,213,755.0,767.0,1049.0,1067.0,734.1428571428571,767.2142857142857,853.9
2022-08-02,949.0,55.6,1,8,3,2022,214,711.0,535.0,909.0,1067.0,726.1428571428571,743.0714285714286,842.0333333333333
2022-08-03,949.0,0.0,2,8,3,2022,215,949.0,689.0,871.0,1177.0,785.2857142857143,745.9285714285714,838.1
2022-08-04,609.0,52.4,3,8,3,2022,216,949.0,689.0,760.0,638.0,822.4285714285714,751.5,830.5
2022-08-05,687.0,21.2,4,8,3,2022,217,609.0,949.0,675.0,900.0,811.0,740.7142857142857,829.5333333333333
2022-08-06,801.0,33.1,5,8,3,2022,218,687.0,755.0,669.0,900.0,773.5714285714286,741.5714285714286,822.4333333333333
2022-08-07,801.0,0.0,6,8,3,2022,219,801.0,755.0,669.0,787.0,780.1428571428571,751.0,819.1333333333333
2022-08-08,789.0,96.4,0,8,3,2022,220,801.0,711.0,767.0,815.0,786.7142857142857,760.4285714285714,819.6
2022-08-09,789.0,0.0,1,8,3,2022,221,789.0,949.0,535.0,815.0,797.8571428571429,762.0,818.7333333333333
2022-08-10,789.0,42.5,2,8,3,2022,222,789.0,949.0,689.0,1179.0,775.0,780.1428571428571,817.8666666666667
2022-08-11,817.0,21.3,3,8,3,2022,223,789.0,609.0,689.0,880.0,752.1428571428571,787.2857142857143,804.8666666666667
2022-08-12,880.0,33.9,4,8,3,2022,224,817.0,687.0,949.0,1009.0,781.8571428571429,796.4285714285714,802.7666666666667
2022-08-13,867.0,64.4,5,8,3,2022,225,880.0,801.0,755.0,1009.0,809.4285714285714,791.5,798.4666666666667
2022-08-14,867.0,0.0,6,8,3,2022,226,867.0,801.0,755.0,915.0,818.8571428571429,799.5,793.7333333333333
2022-08-15,867.0,0.0,0,8,3,2022,227,867.0,789.0,711.0,859.0,828.2857142857143,807.5,792.1333333333333
2022-08-16,859.0,136.5,1,8,3,2022,228,867.0,789.0,949.0,859.0,839.4285714285714,818.6428571428571,792.4
2022-08-17,769.0,148.0,2,8,3,2022,229,859.0,789.0,949.0,1049.0,849.4285714285714,812.2142857142857,792.4
2022-08-18,757.0,232.9,3,8,3,2022,230,769.0,817.0,609.0,909.0,846.5714285714286,799.3571428571429,783.0666666666667
2022-08-19,757.0,0.0,4,8,3,2022,231,757.0,880.0,687.0,871.0,838.0,809.9285714285714,778.0
2022-08-20,859.0,317.5,5,8,3,2022,232,757.0,867.0,801.0,760.0,820.4285714285714,814.9285714285714,774.2
2022-08-21,859.0,0.0,6,8,3,2022,233,859.0,867.0,801.0,675.0,819.2857142857143,819.0714285714286,777.5
2022-08-22,869.0,312.3,0,8,3,2022,234,859.0,867.0,789.0,669.0,818.1428571428571,823.2142857142857,783.6333333333333
2022-08-23,851.0,292.7,1,8,3,2022,235,869.0,859.0,789.0,669.0,818.4285714285714,828.9285714285714,790.3
2022-08-24,800.0,333.9,2,8,3,2022,236,851.0,769.0,789.0,767.0,817.2857142857143,833.3571428571429,796.3666666666667
2022-08-25,789.0,481.6,3,8,3,2022,237,800.0,757.0,817.0,535.0,821.7142857142857,834.1428571428571,797.4666666666667
2022-08-26,801.0,621.8,4,8,3,2022,238,789.0,757.0,880.0,689.0,826.2857142857143,832.1428571428571,805.9333333333333
2022-08-27,801.0,0.0,5,8,3,2022,239,801.0,859.0,867.0,689.0,832.5714285714286,826.5,809.6666666666666
2022-08-28,801.0,0.0,6,8,3,2022,240,801.0,859.0,867.0,949.0,824.2857142857143,821.7857142857143,813.4
2022-08-29,789.0,615.4,0,8,3,2022,241,801.0,869.0,867.0,755.0,816.0,817.0714285714286,808.4666666666667
2022-08-30,809.0,313.2,1,8,3,2022,242,789.0,851.0,859.0,755.0,804.5714285714286,811.5,809.6
2022-08-31,809.0,0.0,2,8,3,2022,243,809.0,800.0,769.0,711.0,798.5714285714286,807.9285714285714,811.4
2022-09-01,869.0,190.5,3,9,3,2022,244,809.0,789.0,757.0,949.0,799.8571428571429,810.7857142857143,814.6666666666666
2022-09-02,769.0,395.0,4,9,3,2022,245,869.0,801.0,757.0,949.0,811.2857142857143,818.7857142857143,812.0
2022-09-03,629.0,522.1,5,9,3,2022,246,769.0,801.0,859.0,609.0,806.7142857142857,819.6428571428571,806.0
2022-09-04,629.0,0.0,6,9,3,2022,247,629.0,801.0,859.0,687.0,782.1428571428571,803.2142857142857,806.6666666666666
2022-09-05,739.0,523.2,0,9,3,2022,248,629.0,789.0,869.0,801.0,757.5714285714286,786.7857142857143,804.7333333333333
2022-09-06,851.0,502.7,1,9,3,2022,249,739.0,809.0,851.0,801.0,750.4285714285714,777.5,802.6666666666666
2022-09-07,859.0,467.0,2,9,3,2022,250,851.0,809.0,800.0,789.0,756.4285714285714,777.5,804.3333333333334
2022-09-08,819.0,297.8,3,9,3,2022,251,859.0,869.0,789.0,789.0,763.5714285714286,781.7142857142857,806.6666666666666
2022-09-09,639.0,259.2,4,9,3,2022,252,819.0,769.0,801.0,789.0,756.4285714285714,783.8571428571429,807.6666666666666
2022-09-10,879.0,349.9,5,9,3,2022,253,639.0,629.0,801.0,817.0,737.8571428571429,772.2857142857143,802.6666666666666
2022-09-11,879.0,0.0,6,9,3,2022,254,879.0,629.0,801.0,880.0,773.5714285714286,777.8571428571429,804.7333333333333
2022-09-12,817.0,333.9,0,9,3,2022,255,879.0,739.0,789.0,867.0,809.2857142857143,783.4285714285714,804.7
2022-09-13,817.0,0.0,1,9,3,2022,256,817.0,851.0,809.0,867.0,820.4285714285714,785.4285714285714,803.0333333333333
2022-09-14,819.0,390.2,2,9,3,2022,257,817.0,859.0,809.0,867.0,815.5714285714286,786.0,801.3666666666667
2022-09-15,718.0,524.1,3,9,3,2022,258,819.0,819.0,869.0,859.0,809.8571428571429,786.7142857142857,799.7666666666667
2022-09-16,721.0,578.8,4,9,3,2022,259,718.0,639.0,769.0,769.0,795.4285714285714,775.9285714285714,795.0666666666667
2022-09-17,609.0,424.1,5,9,3,2022,260,721.0,879.0,629.0,757.0,807.1428571428571,772.5,793.4666666666667
2022-09-18,609.0,0.0,6,9,3,2022,261,609.0,879.0,629.0,757.0,768.5714285714286,771.0714285714286,788.5333333333333
2022-09-19,610.0,321.3,0,9,3,2022,262,609.0,817.0,739.0,859.0,730.0,769.6428571428571,783.6
2022-09-20,601.0,308.6,1,9,3,2022,263,610.0,817.0,851.0,859.0,700.4285714285714,760.4285714285714,775.3
2022-09-21,656.0,205.8,2,9,3,2022,264,601.0,819.0,859.0,869.0,669.5714285714286,742.5714285714286,766.7
2022-09-22,666.0,226.9,3,9,3,2022,265,656.0,718.0,819.0,851.0,646.2857142857143,728.0714285714286,759.6
2022-09-23,687.0,204.6,4,9,3,2022,266,666.0,721.0,639.0,800.0,638.8571428571429,717.1428571428571,753.4333333333333
2022-09-24,721.0,94.6,5,9,3,2022,267,687.0,609.0,879.0,789.0,634.0,720.5714285714286,749.6666666666666
2022-09-25,721.0,0.0,6,9,3,2022,268,721.0,609.0,879.0,801.0,650.0,709.2857142857143,747.4
2022-09-26,809.0,122.3,0,9,3,2022,269,721.0,610.0,817.0,801.0,666.0,698.0,744.7333333333333
2022-09-27,619.0,196.2,1,9,3,2022,270,809.0,601.0,817.0,801.0,694.4285714285714,697.4285714285714,745.0
2022-09-28,722.0,139.7,2,9,3,2022,271,619.0,656.0,819.0,789.0,697.0,683.2857142857143,738.9333333333333
2022-09-29,761.0,130.7,3,9,3,2022,272,722.0,666.0,718.0,809.0,706.4285714285714,676.3571428571429,736.7
2022-09-30,727.0,125.3,4,9,3,2022,273,761.0,687.0,721.0,809.0,720.0,679.4285714285714,735.1
2022-10-01,827.0,102.6,5,10,4,2022,274,727.0,721.0,609.0,869.0,725.7142857142857,679.8571428571429,732.3666666666667
2022-10-02,827.0,0.0,6,10,4,2022,275,827.0,721.0,609.0,769.0,740.8571428571429,695.4285714285714,730.9666666666667
2022-10-03,827.0,0.0,0,10,4,2022,276,827.0,809.0,610.0,629.0,756.0,711.0,732.9
2022-10-04,827.0,0.0,1,10,4,2022,277,827.0,619.0,601.0,629.0,758.5714285714286,726.5,739.5
2022-10-05,827.0,0.0,2,10,4,2022,278,827.0,722.0,656.0,739.0,788.2857142857143,742.6428571428571,746.1
2022-10-06,827.0,0.0,3,10,4,2022,279,827.0,761.0,666.0,851.0,803.2857142857143,754.8571428571429,749.0333333333333
2022-10-07,835.0,26.8,4,10,4,2022,280,827.0,727.0,687.0,859.0,812.7142857142857,766.3571428571429,748.2333333333333
2022-10-08,916.0,99.1,5,10,4,2022,281,835.0,827.0,721.0,819.0,828.1428571428571,776.9285714285714,747.4333333333333
2022-10-09,916.0,0.0,6,10,4,2022,282,916.0,827.0,721.0,639.0,840.8571428571429,790.8571428571429,750.6666666666666
2022-10-10,980.0,142.9,0,10,4,2022,283,916.0,827.0,809.0,879.0,853.5714285714286,804.7857142857143,759.9
2022-10-11,900.0,231.6,1,10,4,2022,284,980.0,827.0,619.0,879.0,875.4285714285714,817.0,763.2666666666667
2022-10-12,810.0,339.2,2,10,4,2022,285,900.0,827.0,722.0,817.0,885.8571428571429,837.0714285714286,763.9666666666667
2022-10-13,855.0,249.5,3,10,4,2022,286,810.0,827.0,761.0,817.0,883.4285714285714,843.3571428571429,763.7333333333333
2022-10-14,751.0,213.3,4,10,4,2022,287,855.0,835.0,727.0,819.0,887.4285714285714,850.0714285714286,765.0
2022-10-15,770.0,246.6,5,10,4,2022,288,751.0,916.0,827.0,718.0,875.4285714285714,851.7857142857143,762.7333333333333
2022-10-16,770.0,0.0,6,10,4,2022,289,770.0,916.0,827.0,721.0,854.5714285714286,847.7142857142857,764.4666666666667
2022-10-17,770.0,0.0,0,10,4,2022,290,770.0,980.0,827.0,609.0,833.7142857142857,843.6428571428571,766.1
2022-10-18,780.0,198.1,1,10,4,2022,291,770.0,900.0,827.0,609.0,803.7142857142857,839.5714285714286,771.4666666666667
2022-10-19,759.0,367.2,2,10,4,2022,292,780.0,810.0,827.0,610.0,786.5714285714286,836.2142857142857,777.1666666666666
2022-10-20,760.0,408.8,3,10,4,2022,293,759.0,855.0,827.0,601.0,779.2857142857143,831.3571428571429,782.1333333333333
2022-10-21,760.0,0.0,4,10,4,2022,294,760.0,751.0,835.0,656.0,765.7142857142857,826.5714285714286,787.4333333333333
2022-10-22,700.0,390.2,5,10,4,2022,295,760.0,770.0,916.0,666.0,767.0,821.2142857142857,790.9
2022-10-23,700.0,0.0,6,10,4,2022,296,700.0,770.0,916.0,687.0,757.0,805.7857142857143,792.0333333333333
2022-10-24,700.0,0.0,0,10,4,2022,297,700.0,770.0,980.0,721.0,747.0,790.3571428571429,792.4666666666667
2022-10-25,700.0,0.0,1,10,4,2022,298,700.0,780.0,900.0,721.0,737.0,770.3571428571429,791.7666666666667
2022-10-26,755.0,145.0,2,10,4,2022,299,700.0,759.0,810.0,809.0,725.5714285714286,756.0714285714286,791.0666666666667
2022-10-27,819.0,206.1,3,10,4,2022,300,755.0,760.0,855.0,619.0,725.0,752.1428571428571,789.2666666666667
2022-10-28,880.0,324.0,4,10,4,2022,301,819.0,760.0,751.0,722.0,733.4285714285714,749.5714285714286,795.9333333333333
2022-10-29,970.0,386.6,5,10,4,2022,302,880.0,700.0,770.0,761.0,750.5714285714286,758.7857142857143,801.2
2022-10-30,970.0,0.0,6,10,4,2022,303,970.0,700.0,770.0,727.0,789.1428571428571,773.0714285714286,808.1666666666666
2022-10-31,1009.0,323.0,0,10,4,2022,304,970.0,700.0,770.0,827.0,827.7142857142857,787.3571428571429,816.2666666666667
2022-11-01,1001.0,360.4,1,11,4,2022,305,1009.0,700.0,780.0,827.0,871.8571428571429,804.4285714285714,822.3333333333334
2022-11-02,1029.0,496.6,2,11,4,2022,306,1001.0,755.0,759.0,827.0,914.8571428571429,820.2142857142857,828.1333333333333
2022-11-03,1121.0,546.2,3,11,4,2022,307,1029.0,819.0,760.0,827.0,954.0,839.5,834.8666666666667
2022-11-04,1100.0,498.2,4,11,4,2022,308,1121.0,880.0,760.0,827.0,997.1428571428571,865.2857142857143,844.6666666666666
2022-11-05,1125.0,590.0,5,11,4,2022,309,1100.0,970.0,700.0,827.0,1028.5714285714287,889.5714285714286,853.7666666666667
2022-11-06,1125.0,0.0,6,11,4,2022,310,1125.0,970.0,700.0,835.0,1050.7142857142858,919.9285714285714,863.7
2022-11-07,1100.0,593.2,0,11,4,2022,311,1125.0,1009.0,700.0,916.0,1072.857142857143,950.2857142857143,873.3666666666667
2022-11-08,1184.0,484.0,1,11,4,2022,312,1100.0,1001.0,700.0,916.0,1085.857142857143,978.8571428571429,879.5
2022-11-09,901.0,620.3,2,11,4,2022,313,1184.0,1029.0,755.0,980.0,1112.0,1013.4285714285714,888.4333333333333
2022-11-10,999.0,566.2,3,11,4,2022,314,901.0,1121.0,819.0,900.0,1093.7142857142858,1023.8571428571429,885.8
2022-11-11,802.0,559.5,4,11,4,2022,315,999.0,1100.0,880.0,810.0,1076.2857142857142,1036.7142857142858,889.1
2022-11-12,1030.0,549.1,5,11,4,2022,316,802.0,1125.0,970.0,855.0,1033.7142857142858,1031.142857142857,888.8333333333334
2022-11-13,1030.0,0.0,6,11,4,2022,317,1030.0,1125.0,970.0,751.0,1020.1428571428571,1035.4285714285713,894.6666666666666
2022-11-14,931.0,314.3,0,11,4,2022,318,1030.0,1100.0,1009.0,770.0,1006.5714285714286,1039.7142857142858,903.9666666666667
2022-11-15,989.0,300.7,1,11,4,2022,319,931.0,1184.0,1001.0,770.0,982.4285714285714,1034.142857142857,909.3333333333334
2022-11-16,1009.0,255.3,2,11,4,2022,320,989.0,901.0,1029.0,770.0,954.5714285714286,1033.2857142857142,916.6333333333333
2022-11-17,969.0,235.7,3,11,4,2022,321,1009.0,999.0,1121.0,780.0,970.0,1031.857142857143,924.6
2022-11-18,990.0,285.6,4,11,4,2022,322,969.0,802.0,1100.0,759.0,965.7142857142857,1021.0,930.9
2022-11-19,1009.0,309.2,5,11,4,2022,323,990.0,1030.0,1125.0,760.0,992.5714285714286,1013.1428571428571,938.6
2022-11-20,1009.0,0.0,6,11,4,2022,324,1009.0,1030.0,1125.0,760.0,989.5714285714286,1004.8571428571429,946.9
2022-11-21,1029.0,263.5,0,11,4,2022,325,1009.0,931.0,1100.0,700.0,986.5714285714286,996.5714285714286,955.2
2022-11-22,1026.0,278.8,1,11,4,2022,326,1029.0,989.0,1184.0,700.0,1000.5714285714286,991.5,966.1666666666666
2022-11-23,1026.0,0.0,2,11,4,2022,327,1026.0,1009.0,901.0,700.0,1005.8571428571429,980.2142857142857,977.0333333333333
2022-11-24,1009.0,279.6,3,11,4,2022,328,1026.0,969.0,999.0,700.0,1008.2857142857143,989.1428571428571,987.9
2022-11-25,969.0,230.7,4,11,4,2022,329,1009.0,990.0,802.0,755.0,1014.0,989.8571428571429,998.2
2022-11-26,1019.0,285.4,5,11,4,2022,330,969.0,1009.0,1030.0,819.0,1011.0,1001.7857142857143,1005.3333333333334
2022-11-27,1019.0,0.0,6,11,4,2022,331,1019.0,1009.0,1030.0,880.0,1012.4285714285714,1001.0,1012.0
2022-11-28,1059.0,189.3,0,11,4,2022,332,1019.0,1029.0,931.0,970.0,1013.8571428571429,1000.2142857142857,1016.6333333333333
2022-11-29,1070.0,229.0,1,11,4,2022,333,1059.0,1026.0,989.0,970.0,1018.1428571428571,1009.3571428571429,1019.6
2022-11-30,1109.0,206.0,2,11,4,2022,334,1070.0,1026.0,1009.0,1009.0,1024.4285714285713,1015.1428571428571,1022.9333333333333
2022-12-01,1008.0,206.1,3,12,4,2022,335,1109.0,1009.0,969.0,1001.0,1036.2857142857142,1022.2857142857143,1026.2666666666667
2022-12-02,909.0,213.1,4,12,4,2022,336,1008.0,969.0,990.0,1029.0,1036.142857142857,1025.0714285714287,1026.5
2022-12-03,1209.0,260.1,5,12,4,2022,337,909.0,1019.0,1009.0,1121.0,1027.5714285714287,1019.2857142857143,1022.5
2022-12-04,1209.0,0.0,6,12,4,2022,338,1209.0,1019.0,1009.0,1100.0,1054.7142857142858,1033.5714285714287,1025.4333333333334
2022-12-05,1119.0,171.9,0,12,4,2022,339,1209.0,1059.0,1029.0,1125.0,1081.857142857143,1047.857142857143,1029.0666666666666
2022-12-06,1186.0,111.6,1,12,4,2022,340,1119.0,1070.0,1026.0,1125.0,1090.4285714285713,1054.2857142857142,1028.8666666666666
2022-12-07,1278.0,142.7,2,12,4,2022,341,1186.0,1109.0,1026.0,1100.0,1107.0,1065.7142857142858,1030.9
2022-12-08,821.0,143.0,3,12,4,2022,342,1278.0,1008.0,1009.0,1184.0,1131.142857142857,1083.7142857142858,1036.8333333333333
2022-12-09,1286.0,114.4,4,12,4,2022,343,821.0,909.0,969.0,901.0,1104.4285714285713,1070.2857142857142,1024.7333333333333
2022-12-10,1286.0,0.0,5,12,4,2022,344,1286.0,1209.0,1019.0,999.0,1158.2857142857142,1092.9285714285713,1037.5666666666666
2022-12-11,1286.0,0.0,6,12,4,2022,345,1286.0,1209.0,1019.0,802.0,1169.2857142857142,1112.0,1047.1333333333334
2022-12-12,917.0,11.6,0,12,4,2022,346,1286.0,1119.0,1059.0,1030.0,1180.2857142857142,1131.0714285714287,1063.2666666666667
2022-12-13,1210.0,6.1,1,12,4,2022,347,917.0,1186.0,1070.0,1030.0,1151.4285714285713,1120.9285714285713,1059.5
2022-12-14,1239.0,6.3,2,12,4,2022,348,1210.0,1278.0,1109.0,931.0,1154.857142857143,1130.9285714285713,1065.5
2022-12-15,1209.0,11.7,3,12,4,2022,349,1239.0,821.0,1008.0,989.0,1149.2857142857142,1140.2142857142858,1075.7666666666667
2022-12-16,1017.0,38.3,4,12,4,2022,350,1209.0,1286.0,909.0,1009.0,1204.7142857142858,1154.5714285714287,1083.1
2022-12-17,929.0,92.4,5,12,4,2022,351,1017.0,1286.0,1209.0,969.0,1166.2857142857142,1162.2857142857142,1083.3666666666666
2022-12-18,929.0,0.0,6,12,4,2022,352,929.0,1286.0,1209.0,990.0,1115.2857142857142,1142.2857142857142,1082.0333333333333
2022-12-19,809.0,85.8,0,12,4,2022,353,929.0,917.0,1119.0,1009.0,1064.2857142857142,1122.2857142857142,1080.0
2022-12-20,817.0,53.1,1,12,4,2022,354,809.0,1210.0,1186.0,1009.0,1048.857142857143,1100.142857142857,1073.3333333333333
2022-12-21,1317.0,46.0,2,12,4,2022,355,817.0,1239.0,1278.0,1029.0,992.7142857142857,1073.7857142857142,1066.9333333333334
2022-12-22,1317.0,0.0,3,12,4,2022,356,1317.0,1209.0,821.0,1026.0,1003.8571428571429,1076.5714285714287,1076.5333333333333
2022-12-23,869.0,52.6,4,12,4,2022,357,1317.0,1017.0,1286.0,1026.0,1019.2857142857143,1112.0,1086.2333333333333
2022-12-24,969.0,34.2,5,12,4,2022,358,869.0,929.0,1286.0,1009.0,998.1428571428571,1082.2142857142858,1081.0
2022-12-25,969.0,0.0,6,12,4,2022,359,969.0,929.0,1286.0,969.0,1003.8571428571429,1059.5714285714287,1079.6666666666667
2022-12-26,929.0,28.6,0,12,4,2022,360,969.0,809.0,917.0,1019.0,1009.5714285714286,1036.9285714285713,1079.6666666666667
2022-12-27,1109.0,12.0,1,12,4,2022,361,929.0,817.0,1210.0,1019.0,1026.7142857142858,1037.7857142857142,1076.6666666666667
2022-12-28,1209.0,10.6,2,12,4,2022,362,1109.0,1317.0,1239.0,1059.0,1068.4285714285713,1030.5714285714287,1079.6666666666667
2022-12-29,666.0,2.5,3,12,4,2022,363,1209.0,1317.0,1209.0,1070.0,1053.0,1028.4285714285713,1084.6666666666667
2022-12-30,1265.0,10.6,4,12,4,2022,364,666.0,869.0,1017.0,1109.0,960.0,989.6428571428571,1071.2
2022-12-31,1360.0,9.2,5,12,4,2022,365,1265.0,969.0,929.0,1008.0,1016.5714285714286,1007.3571428571429,1076.4
2023-01-01,1360.0,0.0,6,1,1,2023,1,1360.0,969.0,929.0,909.0,1072.4285714285713,1038.142857142857,1088.1333333333334
2023-01-02,1385.0,8.9,0,1,1,2023,2,1360.0,929.0,809.0,1209.0,1128.2857142857142,1068.9285714285713,1103.1666666666667
2023-01-03,1451.0,4.9,1,1,1,2023,3,1385.0,1109.0,817.0,1209.0,1193.4285714285713,1110.0714285714287,1109.0333333333333
2023-01-04,1451.0,0.0,2,1,1,2023,4,1451.0,1209.0,1317.0,1119.0,1242.2857142857142,1155.357142857143,1117.1
2023-01-05,1325.0,10.6,3,1,1,2023,5,1451.0,666.0,1317.0,1186.0,1276.857142857143,1164.9285714285713,1128.1666666666667
2023-01-06,1499.0,12.6,4,1,1,2023,6,1325.0,1265.0,869.0,1278.0,1371.0,1165.5,1132.8
2023-01-07,1489.0,9.5,5,1,1,2023,7,1499.0,1360.0,969.0,821.0,1404.4285714285713,1210.5,1140.1666666666667
2023-01-08,1489.0,0.0,6,1,1,2023,8,1489.0,1360.0,969.0,1286.0,1422.857142857143,1247.642857142857,1162.4333333333334
2023-01-09,1059.0,0.9,0,1,1,2023,9,1489.0,1385.0,929.0,1286.0,1441.2857142857142,1284.7857142857142,1169.2
2023-01-10,1159.0,2.4,1,1,1,2023,10,1059.0,1451.0,1109.0,1286.0,1394.7142857142858,1294.0714285714287,1161.6333333333334
2023-01-11,1360.0,3.7,2,1,1,2023,11,1159.0,1451.0,1209.0,917.0,1353.0,1297.642857142857,1157.4
2023-01-12,1055.0,3.8,3,1,1,2023,12,1360.0,1325.0,666.0,1210.0,1340.0,1308.4285714285713,1172.1666666666667
2023-01-13,1175.0,3.8,4,1,1,2023,13,1055.0,1499.0,1265.0,1239.0,1301.4285714285713,1336.2142857142858,1167.0
2023-01-14,1175.0,0.0,5,1,1,2023,14,1175.0,1489.0,1360.0,1209.0,1255.142857142857,1329.7857142857142,1164.8666666666666
2023-01-15,1175.0,0.0,6,1,1,2023,15,1175.0,1489.0,1360.0,1017.0,1210.2857142857142,1316.5714285714287,1163.7333333333333
2023-01-16,1175.0,0.0,0,1,1,2023,16,1175.0,1059.0,1385.0,929.0,1165.4285714285713,1303.357142857143,1169.0
2023-01-17,1539.0,5.4,1,1,1,2023,17,1175.0,1159.0,1451.0,929.0,1182.0,1288.357142857143,1177.2
2023-01-18,1009.0,17.4,2,1,1,2023,18,1539.0,1360.0,1451.0,809.0,1236.2857142857142,1294.642857142857,1197.5333333333333
2023-01-19,1389.0,26.2,3,1,1,2023,19,1009.0,1055.0,1325.0,817.0,1186.142857142857,1263.0714285714287,1204.2
2023-01-20,1089.0,21.6,4,1,1,2023,20,1389.0,1175.0,1499.0,1317.0,1233.857142857143,1267.642857142857,1223.2666666666667
2023-01-21,1089.0,0.0,5,1,1,2023,21,1089.0,1175.0,1489.0,1317.0,1221.5714285714287,1238.357142857143,1215.6666666666667
2023-01-22,1089.0,0.0,6,1,1,2023,22,1089.0,1175.0,1489.0,869.0,1209.2857142857142,1209.7857142857142,1208.0666666666666
2023-01-23,1347.0,22.5,0,1,1,2023,23,1089.0,1175.0,1059.0,969.0,1197.0,1181.2142857142858,1215.4
2023-01-24,1309.0,12.2,1,1,1,2023,24,1347.0,1539.0,1159.0,969.0,1221.5714285714287,1201.7857142857142,1228.0
2023-01-25,1078.0,37.8,2,1,1,2023,25,1309.0,1009.0,1360.0,929.0,1188.7142857142858,1212.5,1239.3333333333333
2023-01-26,1078.0,0.0,3,1,1,2023,26,1078.0,1389.0,1055.0,1109.0,1198.5714285714287,1192.357142857143,1244.3
2023-01-27,1027.0,69.6,4,1,1,2023,27,1078.0,1089.0,1175.0,1209.0,1154.142857142857,1194.0,1243.2666666666667
2023-01-28,919.0,58.3,5,1,1,2023,28,1027.0,1089.0,1175.0,666.0,1145.2857142857142,1183.4285714285713,1237.2
2023-01-29,919.0,0.0,6,1,1,2023,29,919.0,1089.0,1175.0,1265.0,1121.0,1165.142857142857,1245.6333333333334
2023-01-30,809.0,66.5,0,1,1,2023,30,919.0,1347.0,1175.0,1360.0,1096.7142857142858,1146.857142857143,1234.1
2023-01-31,727.0,54.0,1,1,1,2023,31,809.0,1309.0,1539.0,1360.0,1019.8571428571429,1120.7142857142858,1215.7333333333333
2023-02-01,659.0,33.3,2,2,1,2023,32,727.0,1078.0,1009.0,1385.0,936.7142857142857,1062.7142857142858,1194.6333333333334
2023-02-02,709.0,38.8,3,2,1,2023,33,659.0,1078.0,1389.0,1451.0,876.8571428571429,1037.7142857142858,1170.4333333333334
2023-02-03,760.0,48.7,4,2,1,2023,34,709.0,1027.0,1089.0,1451.0,824.1428571428571,989.1428571428571,1145.7
2023-02-04,709.0,20.2,5,2,1,2023,35,760.0,919.0,1089.0,1325.0,786.0,965.6428571428571,1122.6666666666667
2023-02-05,709.0,0.0,6,2,1,2023,36,709.0,919.0,1089.0,1499.0,756.0,938.5,1102.1333333333334
2023-02-06,809.0,32.8,0,2,1,2023,37,709.0,809.0,1347.0,1489.0,726.0,911.3571428571429,1075.8
2023-02-07,821.0,19.4,1,2,1,2023,38,809.0,727.0,1309.0,1489.0,726.0,872.9285714285714,1053.1333333333334
2023-02-08,769.0,30.4,2,2,1,2023,39,821.0,659.0,1078.0,1059.0,739.4285714285714,838.0714285714286,1030.8666666666666
2023-02-09,919.0,53.4,3,2,1,2023,40,769.0,709.0,1078.0,1159.0,755.1428571428571,816.0,1021.2
2023-02-10,780.0,71.0,4,2,1,2023,41,919.0,760.0,1027.0,1360.0,785.1428571428571,804.6428571428571,1013.2
2023-02-11,741.0,116.4,5,2,1,2023,42,780.0,709.0,919.0,1055.0,788.0,787.0,993.8666666666667
2023-02-12,741.0,0.0,6,2,1,2023,43,741.0,709.0,919.0,1175.0,792.5714285714286,774.2857142857143,983.4
2023-02-13,520.0,116.6,0,2,1,2023,44,741.0,809.0,809.0,1175.0,797.1428571428571,761.5714285714286,968.9333333333333
2023-02-14,819.0,83.1,1,2,1,2023,45,520.0,821.0,727.0,1175.0,755.8571428571429,740.9285714285714,947.1
2023-02-15,831.0,60.8,2,2,1,2023,46,819.0,769.0,659.0,1175.0,755.5714285714286,747.5,935.2333333333333
2023-02-16,749.0,127.3,3,2,1,2023,47,831.0,919.0,709.0,1539.0,764.4285714285714,759.7857142857143,923.7666666666667
2023-02-17,651.0,143.9,4,2,1,2023,48,749.0,780.0,760.0,1009.0,740.1428571428571,762.6428571428571,897.4333333333333
2023-02-18,651.0,0.0,5,2,1,2023,49,651.0,741.0,709.0,1389.0,721.7142857142857,754.8571428571429,885.5
2023-02-19,651.0,0.0,6,2,1,2023,50,651.0,741.0,709.0,1089.0,708.8571428571429,750.7142857142857,860.9
2023-02-20,651.0,0.0,0,2,1,2023,51,651.0,520.0,809.0,1089.0,696.0,746.5714285714286,846.3
2023-02-21,740.0,61.2,1,2,1,2023,52,651.0,819.0,821.0,1089.0,714.7142857142857,735.2857142857143,831.7
2023-02-22,708.0,67.0,2,2,1,2023,53,740.0,831.0,769.0,1347.0,703.4285714285714,729.5,820.0666666666667
2023-02-23,708.0,0.0,3,2,1,2023,54,708.0,749.0,919.0,1309.0,685.8571428571429,725.1428571428571,798.7666666666667
2023-02-24,619.0,173.4,4,2,1,2023,55,708.0,651.0,780.0,1078.0,680.0,710.0714285714286,778.7333333333333
2023-02-25,639.0,97.8,5,2,1,2023,56,619.0,651.0,741.0,1078.0,675.4285714285714,698.5714285714286,763.4333333333333
2023-02-26,639.0,0.0,6,2,1,2023,57,639.0,651.0,741.0,1027.0,673.7142857142857,691.2857142857143,748.8
2023-02-27,630.0,98.9,0,2,1,2023,58,639.0,651.0,520.0,919.0,672.0,684.0,735.8666666666667
2023-02-28,500.0,86.5,1,2,1,2023,59,630.0,740.0,819.0,919.0,669.0,691.8571428571429,726.2333333333333
2023-03-01,517.0,59.0,2,3,1,2023,60,500.0,708.0,831.0,809.0,634.7142857142857,669.0714285714286,712.2666666666667
2023-03-02,679.0,46.1,3,3,1,2023,61,517.0,708.0,749.0,727.0,607.4285714285714,646.6428571428571,702.5333333333333
2023-03-03,639.0,33.1,4,3,1,2023,62,679.0,619.0,651.0,659.0,603.2857142857143,641.6428571428571,700.9333333333333
2023-03-04,739.0,35.8,5,3,1,2023,63,639.0,639.0,651.0,709.0,606.1428571428571,640.7857142857143,700.2666666666667
2023-03-05,739.0,0.0,6,3,1,2023,64,739.0,639.0,651.0,760.0,620.4285714285714,647.0714285714286,701.2666666666667
2023-03-06,739.0,31.5,0,3,1,2023,65,739.0,630.0,651.0,709.0,634.7142857142857,653.3571428571429,700.5666666666667
2023-03-07,730.0,26.1,1,3,1,2023,66,739.0,500.0,740.0,709.0,650.2857142857143,659.6428571428571,701.5666666666667
2023-03-08,730.0,0.0,2,3,1,2023,67,730.0,517.0,708.0,809.0,683.1428571428571,658.9285714285714,702.2666666666667
2023-03-09,730.0,0.0,3,3,1,2023,68,730.0,679.0,708.0,821.0,713.5714285714286,660.5,699.6333333333333
2023-03-10,749.0,25.2,4,3,1,2023,69,730.0,639.0,619.0,769.0,720.8571428571429,662.0714285714286,696.6
2023-03-11,825.0,10.1,5,3,1,2023,70,749.0,739.0,639.0,919.0,736.5714285714286,671.3571428571429,695.9333333333333
2023-03-12,825.0,0.0,6,3,1,2023,71,825.0,739.0,639.0,780.0,748.8571428571429,684.6428571428571,692.8
2023-03-13,825.0,0.0,0,3,1,2023,72,825.0,739.0,630.0,741.0,761.1428571428571,697.9285714285714,694.3
2023-03-14,709.0,56.9,1,3,1,2023,73,825.0,730.0,500.0,741.0,773.4285714285714,711.8571428571429,697.1
2023-03-15,650.0,55.8,2,3,1,2023,74,709.0,730.0,517.0,520.0,770.4285714285714,726.7857142857143,696.0333333333333
2023-03-16,650.0,0.0,3,3,1,2023,75,650.0,730.0,679.0,819.0,759.0,736.2857142857143,700.3666666666667
2023-03-17,520.0,127.4,4,3,1,2023,76,650.0,749.0,639.0,831.0,747.5714285714286,734.2142857142857,694.7333333333333
2023-03-18,520.0,153.8,5,3,1,2023,77,520.0,825.0,739.0,749.0,714.8571428571429,725.7142857142857,684.3666666666667
2023-03-19,520.0,0.0,6,3,1,2023,78,520.0,825.0,739.0,651.0,671.2857142857143,710.0714285714286,676.7333333333333
2023-03-20,589.0,88.1,0,3,1,2023,79,520.0,825.0,739.0,651.0,627.7142857142857,694.4285714285714,672.3666666666667
2023-03-21,589.0,0.0,1,3,1,2023,80,589.0,709.0,730.0,651.0,594.0,683.7142857142857,670.3
2023-03-22,589.0,0.0,2,3,1,2023,81,589.0,650.0,730.0,651.0,576.8571428571429,673.6428571428571,668.2333333333333
2023-03-23,589.0,0.0,3,3,1,2023,82,589.0,650.0,730.0,740.0,568.1428571428571,663.5714285714286,666.1666666666666
2023-03-24,600.0,37.4,4,3,1,2023,83,589.0,520.0,749.0,708.0,559.4285714285714,653.5,661.1333333333333
2023-03-25,613.0,64.8,5,3,1,2023,84,600.0,520.0,825.0,708.0,570.8571428571429,642.8571428571429,657.5333333333333
2023-03-26,613.0,0.0,6,3,1,2023,85,613.0,520.0,825.0,619.0,584.1428571428571,627.7142857142857,654.3666666666667
2023-03-27,581.0,158.9,0,3,1,2023,86,613.0,589.0,825.0,639.0,597.4285714285714,612.5714285714286,654.1666666666666
2023-03-28,691.0,126.2,1,3,1,2023,87,581.0,589.0,709.0,639.0,596.2857142857143,595.1428571428571,652.2333333333333
2023-03-29,691.0,0.0,2,3,1,2023,88,691.0,589.0,650.0,630.0,610.8571428571429,593.8571428571429,653.9666666666667
2023-03-30,691.0,0.0,3,3,1,2023,89,691.0,589.0,650.0,500.0,625.4285714285714,596.7857142857143,656.0
2023-03-31,691.0,0.0,4,3,1,2023,90,691.0,600.0,520.0,517.0,640.0,599.7142857142857,662.3666666666667
2023-04-01,691.0,0.0,5,4,2,2023,91,691.0,613.0,520.0,679.0,653.0,611.9285714285714,668.1666666666666
2023-04-02,691.0,0.0,6,4,2,2023,92,691.0,613.0,520.0,639.0,664.1428571428571,624.1428571428571,668.5666666666667
2023-04-03,675.0,264.2,0,4,2,2023,93,691.0,581.0,589.0,739.0,675.2857142857143,636.3571428571429,670.3
2023-04-04,675.0,0.0,1,4,2,2023,94,675.0,691.0,589.0,739.0,688.7142857142857,642.5,668.1666666666666
2023-04-05,675.0,0.0,2,4,2,2023,95,675.0,691.0,589.0,739.0,686.4285714285714,648.6428571428571,666.0333333333333
2023-04-06,655.0,199.4,3,4,2,2023,96,675.0,691.0,589.0,730.0,684.1428571428571,654.7857142857143,663.9
2023-04-07,655.0,0.0,4,4,2,2023,97,655.0,691.0,600.0,730.0,679.0,659.5,661.4
2023-04-08,490.0,101.7,5,4,2,2023,98,655.0,691.0,613.0,730.0,673.8571428571429,663.4285714285714,658.9
2023-04-09,490.0,0.0,6,4,2,2023,99,490.0,691.0,613.0,749.0,645.1428571428571,654.6428571428571,650.9
2023-04-10,490.0,0.0,0,4,2,2023,100,490.0,675.0,581.0,825.0,616.4285714285714,645.8571428571429,642.2666666666667
2023-04-11,551.0,24.2,1,4,2,2023,101,490.0,675.0,691.0,825.0,590.0,639.3571428571429,631.1
2023-04-12,551.0,0.0,2,4,2,2023,102,551.0,675.0,691.0,825.0,572.2857142857143,629.3571428571429,621.9666666666667
2023-04-13,480.0,18.0,3,4,2,2023,103,551.0,655.0,691.0,709.0,554.5714285714286,619.3571428571429,612.8333333333334
2023-04-14,480.0,0.0,4,4,2,2023,104,480.0,655.0,691.0,650.0,529.5714285714286,604.2857142857143,605.2
2023-04-15,651.0,8.3,5,4,2,2023,105,480.0,490.0,691.0,650.0,504.57142857142856,589.2142857142857,599.5333333333333
2023-04-16,651.0,0.0,6,4,2,2023,106,651.0,490.0,691.0,520.0,527.5714285714286,586.3571428571429,599.5666666666667
2023-04-17,751.0,10.5,0,4,2,2023,107,651.0,490.0,675.0,520.0,550.5714285714286,583.5,603.9333333333333
2023-04-18,469.0,2.3,1,4,2,2023,108,751.0,551.0,675.0,520.0,587.8571428571429,588.9285714285714,611.6333333333333
2023-04-19,651.0,16.4,2,4,2,2023,109,469.0,551.0,675.0,589.0,576.1428571428571,574.2142857142857,609.9333333333333
2023-04-20,651.0,0.0,3,4,2,2023,110,651.0,480.0,655.0,589.0,590.4285714285714,572.5,612.0
2023-04-21,651.0,0.0,4,4,2,2023,111,651.0,480.0,655.0,589.0,614.8571428571429,572.2142857142857,614.0666666666667
2023-04-22,651.0,0.0,5,4,2,2023,112,651.0,651.0,490.0,589.0,639.2857142857143,571.9285714285714,616.1333333333333
2023-04-23,651.0,0.0,6,4,2,2023,113,651.0,651.0,490.0,600.0,639.2857142857143,583.4285714285714,618.2
2023-04-24,480.0,7.1,0,4,2,2023,114,651.0,751.0,490.0,613.0,639.2857142857143,594.9285714285714,619.9
2023-04-25,480.0,0.0,1,4,2,2023,115,480.0,469.0,551.0,613.0,600.5714285714286,594.2142857142857,615.4666666666667
2023-04-26,480.0,0.0,2,4,2,2023,116,480.0,651.0,551.0,581.0,602.1428571428571,589.1428571428571,611.0333333333333
2023-04-27,481.0,7.2,3,4,2,2023,117,480.0,651.0,480.0,691.0,577.7142857142857,584.0714285714286,607.6666666666666
2023-04-28,481.0,0.0,4,4,2,2023,118,481.0,651.0,480.0,691.0,553.4285714285714,584.1428571428571,600.6666666666666
2023-04-29,770.0,10.0,5,4,2,2023,119,481.0,651.0,651.0,691.0,529.1428571428571,584.2142857142857,593.6666666666666
2023-04-30,770.0,0.0,6,4,2,2023,120,770.0,651.0,651.0,691.0,546.1428571428571,592.7142857142857,596.3
2023-05-01,770.0,0.0,0,5,2,2023,121,770.0,480.0,751.0,691.0,563.1428571428571,601.2142857142857,598.9333333333333
2023-05-02,555.0,12.5,1,5,2,2023,122,770.0,480.0,469.0,691.0,604.5714285714286,602.5714285714286,601.5666666666667
2023-05-03,555.0,0.0,2,5,2,2023,123,555.0,480.0,651.0,675.0,615.2857142857143,608.7142857142857,597.0333333333333
2023-05-04,555.0,0.0,3,5,2,2023,124,555.0,481.0,651.0,675.0,626.0,601.8571428571429,593.0333333333333
2023-05-05,555.0,0.0,4,5,2,2023,125,555.0,481.0,651.0,675.0,636.5714285714286,595.0,589.0333333333333
2023-05-06,555.0,0.0,5,5,2,2023,126,555.0,770.0,651.0,655.0,647.1428571428571,588.1428571428571,585.0333333333333
2023-05-07,555.0,0.0,6,5,2,2023,127,555.0,770.0,651.0,655.0,616.4285714285714,581.2857142857143,581.7
2023-05-08,555.0,0.0,0,5,2,2023,128,555.0,770.0,480.0,490.0,585.7142857142857,574.4285714285714,578.3666666666667
2023-05-09,555.0,0.0,1,5,2,2023,129,555.0,555.0,480.0,490.0,555.0,579.7857142857143,580.5333333333333
2023-05-10,555.0,0.0,2,5,2,2023,130,555.0,555.0,480.0,490.0,555.0,585.1428571428571,582.7
2023-05-11,555.0,0.0,3,5,2,2023,131,555.0,555.0,481.0,551.0,555.0,590.5,584.8666666666667
2023-05-12,555.0,0.0,4,5,2,2023,132,555.0,555.0,481.0,551.0,555.0,595.7857142857143,585.0
2023-05-13,555.0,0.0,5,5,2,2023,133,555.0,555.0,770.0,480.0,555.0,601.0714285714286,585.1333333333333
2023-05-14,555.0,0.0,6,5,2,2023,134,555.0,555.0,770.0,480.0,555.0,585.7142857142857,587.6333333333333
2023-05-15,555.0,0.0,0,5,2,2023,135,555.0,555.0,770.0,651.0,555.0,570.3571428571429,590.1333333333333
2023-05-16,555.0,0.0,1,5,2,2023,136,555.0,555.0,555.0,651.0,555.0,555.0,586.9333333333333
2023-05-17,555.0,0.0,2,5,2,2023,137,555.0,555.0,555.0,751.0,555.0,555.0,583.7333333333333
2023-05-18,555.0,0.0,3,5,2,2023,138,555.0,555.0,555.0,469.0,555.0,555.0,577.2
2023-05-19,555.0,0.0,4,5,2,2023,139,555.0,555.0,555.0,651.0,555.0,555.0,580.0666666666667
2023-05-20,555.0,0.0,5,5,2,2023,140,555.0,555.0,555.0,651.0,555.0,555.0,576.8666666666667
2023-05-21,555.0,0.0,6,5,2,2023,141,555.0,555.0,555.0,651.0,555.0,555.0,573.6666666666666
2023-05-22,555.0,0.0,0,5,2,2023,142,555.0,555.0,555.0,651.0,555.0,555.0,570.4666666666667
2023-05-23,405.0,11.5,1,5,2,2023,143,555.0,555.0,555.0,651.0,555.0,555.0,567.2666666666667
2023-05-24,405.0,0.0,2,5,2,2023,144,405.0,555.0,555.0,480.0,533.5714285714286,544.2857142857143,559.0666666666667
2023-05-25,405.0,0.0,3,5,2,2023,145,405.0,555.0,555.0,480.0,512.1428571428571,533.5714285714286,556.5666666666667
2023-05-26,405.0,0.0,4,5,2,2023,146,405.0,555.0,555.0,480.0,490.7142857142857,522.8571428571429,554.0666666666667
2023-05-27,405.0,0.0,5,5,2,2023,147,405.0,555.0,555.0,481.0,469.2857142857143,512.1428571428571,551.5666666666667
2023-05-28,405.0,0.0,6,5,2,2023,148,405.0,555.0,555.0,481.0,447.85714285714283,501.42857142857144,549.0333333333333
2023-05-29,405.0,0.0,0,5,2,2023,149,405.0,555.0,555.0,770.0,426.42857142857144,490.7142857142857,546.5
2023-05-30,405.0,0.0,1,5,2,2023,150,405.0,405.0,555.0,770.0,405.0,480.0,534.3333333333334
2023-05-31,405.0,0.0,2,5,2,2023,151,405.0,405.0,555.0,770.0,405.0,469.2857142857143,522.1666666666666
2023-06-01,405.0,0.0,3,6,2,2023,152,405.0,405.0,555.0,555.0,405.0,458.57142857142856,510.0
2023-06-02,819.0,1.4,4,6,2,2023,153,405.0,405.0,555.0,555.0,405.0,447.85714285714283,505.0
2023-06-03,819.0,0.0,5,6,2,2023,154,819.0,405.0,555.0,555.0,464.14285714285717,466.7142857142857,513.8
2023-06-04,819.0,0.0,6,6,2,2023,155,819.0,405.0,555.0,555.0,523.2857142857143,485.57142857142856,522.6
2023-06-05,819.0,0.0,0,6,2,2023,156,819.0,405.0,555.0,555.0,582.4285714285714,504.42857142857144,531.4
2023-06-06,819.0,0.0,1,6,2,2023,157,819.0,405.0,405.0,555.0,641.5714285714286,523.2857142857143,540.2
2023-06-07,819.0,0.0,2,6,2,2023,158,819.0,405.0,405.0,555.0,700.7142857142857,552.8571428571429,549.0
2023-06-08,819.0,0.0,3,6,2,2023,159,819.0,405.0,405.0,555.0,759.8571428571429,582.4285714285714,557.8
2023-06-09,819.0,0.0,4,6,2,2023,160,819.0,819.0,405.0,555.0,819.0,612.0,566.6
2023-06-10,819.0,0.0,5,6,2,2023,161,819.0,819.0,405.0,555.0,819.0,641.5714285714286,575.4
2023-06-11,819.0,0.0,6,6,2,2023,162,819.0,819.0,405.0,555.0,819.0,671.1428571428571,584.2
2023-06-12,819.0,0.0,0,6,2,2023,163,819.0,819.0,405.0,555.0,819.0,700.7142857142857,593.0
2023-06-13,819.0,0.0,1,6,2,2023,164,819.0,819.0,405.0,555.0,819.0,730.2857142857143,601.8
2023-06-14,819.0,0.0,2,6,2,2023,165,819.0,819.0,405.0,555.0,819.0,759.8571428571429,610.6
2023-06-15,819.0,0.0,3,6,2,2023,166,819.0,819.0,405.0,555.0,819.0,789.4285714285714,619.4
2023-06-16,819.0,0.0,4,6,2,2023,167,819.0,819.0,819.0,555.0,819.0,819.0,628.2
2023-06-17,819.0,0.0,5,6,2,2023,168,819.0,819.0,819.0,555.0,819.0,819.0,637.0
2023-06-18,819.0,0.0,6,6,2,2023,169,819.0,819.0,819.0,555.0,819.0,819.0,645.8
2023-06-19,819.0,0.0,0,6,2,2023,170,819.0,819.0,819.0,555.0,819.0,819.0,654.6
2023-06-20,819.0,0.0,1,6,2,2023,171,819.0,819.0,819.0,555.0,819.0,819.0,663.4
2023-06-21,819.0,0.0,2,6,2,2023,172,819.0,819.0,819.0,555.0,819.0,819.0,672.2
2023-06-22,819.0,0.0,3,6,2,2023,173,819.0,819.0,819.0,405.0,819.0,819.0,681.0
2023-06-23,819.0,0.0,4,6,2,2023,174,819.0,819.0,819.0,405.0,819.0,819.0,694.8
2023-06-24,819.0,0.0,5,6,2,2023,175,819.0,819.0,819.0,405.0,819.0,819.0,708.6
2023-06-25,819.0,0.0,6,6,2,2023,176,819.0,819.0,819.0,405.0,819.0,819.0,722.4
2023-06-26,819.0,0.0,0,6,2,2023,177,819.0,819.0,819.0,405.0,819.0,819.0,736.2
2023-06-27,819.0,0.0,1,6,2,2023,178,819.0,819.0,819.0,405.0,819.0,819.0,750.0
2023-06-28,819.0,0.0,2,6,2,2023,179,819.0,819.0,819.0,405.0,819.0,819.0,763.8
2023-06-29,819.0,0.0,3,6,2,2023,180,819.0,819.0,819.0,405.0,819.0,819.0,777.6
2023-06-30,819.0,0.0,4,6,2,2023,181,819.0,819.0,819.0,405.0,819.0,819.0,791.4
2023-07-01,819.0,0.0,5,7,3,2023,182,819.0,819.0,819.0,405.0,819.0,819.0,805.2
2023-07-02,819.0,0.0,6,7,3,2023,183,819.0,819.0,819.0,819.0,819.0,819.0,819.0
2023-07-03,819.0,0.0,0,7,3,2023,184,819.0,819.0,819.0,819.0,819.0,819.0,819.0
2023-07-04,819.0,0.0,1,7,3,2023,185,819.0,819.0,819.0,819.0,819.0,819.0,819.0
2023-07-05,819.0,0.0,2,7,3,2023,186,819.0,819.0,819.0,819.0,819.0,819.0,819.0
2023-07-06,819.0,0.0,3,7,3,2023,187,819.0,819.0,819.0,819.0,819.0,819.0,819.0
2023-07-07,819.0,0.0,4,7,3,2023,188,819.0,819.0,819.0,819.0,819.0,819.0,819.0
2023-07-08,819.0,0.0,5,7,3,2023,189,819.0,819.0,819.0,819.0,819.0,819.0,819.0
2023-07-09,819.0,0.0,6,7,3,2023,190,819.0,819.0,819.0,819.0,819.0,819.0,819.0
2023-07-10,819.0,0.0,0,7,3,2023,191,819.0,819.0,819.0,819.0,819.0,819.0,819.0
2023-07-11,819.0,0.0,1,7,3,2023,192,819.0,819.0,819.0,819.0,819.0,819.0,819.0
2023-07-12,819.0,0.0,2,7,3,2023,193,819.0,819.0,819.0,819.0,819.0,819.0,819.0
2023-07-13,819.0,0.0,3,7,3,2023,194,819.0,819.0,819.0,819.0,819.0,819.0,819.0
2023-07-14,819.0,0.0,4,7,3,2023,195,819.0,819.0,819.0,819.0,819.0,819.0,819.0
2023-07-15,819.0,0.0,5,7,3,2023,196,819.0,819.0,819.0,819.0,819.0,819.0,819.0
2023-07-16,819.0,0.0,6,7,3,2023,197,819.0,819.0,819.0,819.0,819.0,819.0,819.0
2023-07-17,819.0,0.0,0,7,3,2023,198,819.0,819.0,819.0,819.0,819.0,819.0,819.0
2023-07-18,819.0,0.0,1,7,3,2023,199,819.0,819.0,819.0,819.0,819.0,819.0,819.0
2023-07-19,819.0,0.0,2,7,3,2023,200,819.0,819.0,819.0,819.0,819.0,819.0,819.0
2023-07-20,819.0,0.0,3,7,3,2023,201,819.0,819.0,819.0,819.0,819.0,819.0,819.0
2023-07-21,819.0,0.0,4,7,3,2023,202,819.0,819.0,819.0,819.0,819.0,819.0,819.0
2023-07-22,819.0,0.0,5,7,3,2023,203,819.0,819.0,819.0,819.0,819.0,819.0,819.0
2023-07-23,819.0,0.0,6,7,3,2023,204,819.0,819.0,819.0,819.0,819.0,819.0,819.0
2023-07-24,819.0,0.0,0,7,3,2023,205,819.0,819.0,819.0,819.0,819.0,819.0,819.0
2023-07-25,819.0,0.0,1,7,3,2023,206,819.0,819.0,819.0,819.0,819.0,819.0,819.0
2023-07-26,819.0,0.0,2,7,3,2023,207,819.0,819.0,819.0,819.0,819.0,819.0,819.0
2023-07-27,819.0,0.0,3,7,3,2023,208,819.0,819.0,819.0,819.0,819.0,819.0,819.0
2023-07-28,819.0,0.0,4,7,3,2023,209,819.0,819.0,819.0,819.0,819.0,819.0,819.0
2023-07-29,819.0,0.0,5,7,3,2023,210,819.0,819.0,819.0,819.0,819.0,819.0,819.0
2023-07-30,819.0,0.0,6,7,3,2023,211,819.0,819.0,819.0,819.0,819.0,819.0,819.0
2023-07-31,819.0,0.0,0,7,3,2023,212,819.0,819.0,819.0,819.0,819.0,819.0,819.0
2023-08-01,819.0,0.0,1,8,3,2023,213,819.0,819.0,819.0,819.0,819.0,819.0,819.0
2023-08-02,819.0,0.0,2,8,3,2023,214,819.0,819.0,819.0,819.0,819.0,819.0,819.0
2023-08-03,819.0,0.0,3,8,3,2023,215,819.0,819.0,819.0,819.0,819.0,819.0,819.0
2023-08-04,1079.0,8.6,4,8,3,2023,216,819.0,819.0,819.0,819.0,819.0,819.0,819.0
2023-08-05,1079.0,0.0,5,8,3,2023,217,1079.0,819.0,819.0,819.0,856.1428571428571,837.5714285714286,827.6666666666666
2023-08-06,1079.0,0.0,6,8,3,2023,218,1079.0,819.0,819.0,819.0,893.2857142857143,856.1428571428571,836.3333333333334
2023-08-07,1079.0,0.0,0,8,3,2023,219,1079.0,819.0,819.0,819.0,930.4285714285714,874.7142857142857,845.0
2023-08-08,1365.0,2.1,1,8,3,2023,220,1079.0,819.0,819.0,819.0,967.5714285714286,893.2857142857143,853.6666666666666
2023-08-09,1611.0,4.3,2,8,3,2023,221,1365.0,819.0,819.0,819.0,1045.5714285714287,932.2857142857143,871.8666666666667
2023-08-10,1611.0,0.0,3,8,3,2023,222,1611.0,819.0,819.0,819.0,1158.7142857142858,988.8571428571429,898.2666666666667
2023-08-11,1611.0,0.0,4,8,3,2023,223,1611.0,1079.0,819.0,819.0,1271.857142857143,1045.4285714285713,924.6666666666666
2023-08-12,2051.0,2.1,5,8,3,2023,224,1611.0,1079.0,819.0,819.0,1347.857142857143,1102.0,951.0666666666667
2023-08-13,2051.0,0.0,6,8,3,2023,225,2051.0,1079.0,819.0,819.0,1486.7142857142858,1190.0,992.1333333333333
2023-08-14,2099.0,5.1,0,8,3,2023,226,2051.0,1079.0,819.0,819.0,1625.5714285714287,1278.0,1033.2
2023-08-15,2099.0,0.0,1,8,3,2023,227,2099.0,1365.0,819.0,819.0,1771.2857142857142,1369.4285714285713,1075.8666666666666
2023-08-16,2099.0,0.0,2,8,3,2023,228,2099.0,1611.0,819.0,819.0,1876.142857142857,1460.857142857143,1118.5333333333333
2023-08-17,1800.0,1.4,3,8,3,2023,229,2099.0,1611.0,819.0,819.0,1945.857142857143,1552.2857142857142,1161.2
2023-08-18,1800.0,0.0,4,8,3,2023,230,1800.0,1611.0,1079.0,819.0,1972.857142857143,1622.357142857143,1193.9
2023-08-19,1611.0,19.0,5,8,3,2023,231,1800.0,2051.0,1079.0,819.0,1999.857142857143,1673.857142857143,1226.6
2023-08-20,1611.0,0.0,6,8,3,2023,232,1611.0,2051.0,1079.0,819.0,1937.0,1711.857142857143,1253.0
2023-08-21,2631.0,25.7,0,8,3,2023,233,1611.0,2099.0,1079.0,819.0,1874.142857142857,1749.857142857143,1279.4
2023-08-22,2009.0,27.1,1,8,3,2023,234,2631.0,2099.0,1365.0,819.0,1950.142857142857,1860.7142857142858,1339.8
2023-08-23,1929.0,19.1,2,8,3,2023,235,2009.0,2099.0,1611.0,819.0,1937.2857142857142,1906.7142857142858,1379.4666666666667
2023-08-24,2015.0,11.7,3,8,3,2023,236,1929.0,1800.0,1611.0,819.0,1913.0,1929.4285714285713,1416.4666666666667
2023-08-25,2120.0,18.7,4,8,3,2023,237,2015.0,1800.0,1611.0,819.0,1943.7142857142858,1958.2857142857142,1456.3333333333333
2023-08-26,2069.0,21.3,5,8,3,2023,238,2120.0,1611.0,2051.0,819.0,1989.4285714285713,1994.642857142857,1499.7
2023-08-27,2069.0,0.0,6,8,3,2023,239,2069.0,1611.0,2051.0,819.0,2054.8571428571427,1995.9285714285713,1541.3666666666666
2023-08-28,2031.0,75.7,0,8,3,2023,240,2069.0,2631.0,2099.0,819.0,2120.285714285714,1997.2142857142858,1583.0333333333333
2023-08-29,2179.0,53.1,1,8,3,2023,241,2031.0,2009.0,2099.0,819.0,2034.5714285714287,1992.357142857143,1623.4333333333334
2023-08-30,2179.0,0.0,2,8,3,2023,242,2179.0,1929.0,2099.0,819.0,2058.8571428571427,1998.0714285714287,1668.7666666666667
2023-08-31,2201.0,33.8,3,8,3,2023,243,2179.0,2015.0,1800.0,819.0,2094.5714285714284,2003.7857142857142,1714.1
2023-09-01,2235.0,50.2,4,9,3,2023,244,2201.0,2120.0,1800.0,819.0,2121.1428571428573,2032.4285714285713,1760.1666666666667
2023-09-02,2269.0,45.3,5,9,3,2023,245,2235.0,2069.0,1611.0,819.0,2137.5714285714284,2063.5,1807.3666666666666
2023-09-03,2269.0,0.0,6,9,3,2023,246,2269.0,2069.0,1611.0,1079.0,2166.1428571428573,2110.5,1855.7
2023-09-04,2111.0,124.8,0,9,3,2023,247,2269.0,2031.0,2631.0,1079.0,2194.714285714286,2157.5,1895.3666666666666
2023-09-05,2283.0,18.0,1,9,3,2023,248,2111.0,2179.0,2009.0,1079.0,2206.1428571428573,2120.3571428571427,1929.7666666666667
2023-09-06,2283.0,0.0,2,9,3,2023,249,2283.0,2179.0,1929.0,1079.0,2221.0,2139.9285714285716,1969.9
2023-09-07,1961.0,16.5,3,9,3,2023,250,2283.0,2201.0,2015.0,1365.0,2235.8571428571427,2165.214285714286,2010.0333333333333
2023-09-08,2179.0,35.5,4,9,3,2023,251,1961.0,2235.0,2120.0,1611.0,2201.5714285714284,2161.3571428571427,2029.9
2023-09-09,1959.0,202.5,5,9,3,2023,252,2179.0,2269.0,2069.0,1611.0,2193.5714285714284,2165.5714285714284,2048.8333333333335
2023-09-10,1959.0,0.0,6,9,3,2023,253,1959.0,2269.0,2069.0,1611.0,2149.285714285714,2157.714285714286,2060.4333333333334
2023-09-11,1728.0,533.6,0,9,3,2023,254,1959.0,2111.0,2031.0,2051.0,2105.0,2149.8571428571427,2072.0333333333333
2023-09-12,1719.0,275.5,1,9,3,2023,255,1728.0,2283.0,2179.0,2051.0,2050.285714285714,2128.214285714286,2061.266666666667
2023-09-13,1569.0,221.4,2,9,3,2023,256,1719.0,2283.0,2179.0,2099.0,1969.7142857142858,2095.3571428571427,2050.2
2023-09-14,1569.0,0.0,3,9,3,2023,257,1569.0,1961.0,2201.0,2099.0,1867.7142857142858,2051.785714285714,2032.5333333333333
2023-09-15,1869.0,155.1,4,9,3,2023,258,1569.0,2179.0,2235.0,2099.0,1811.7142857142858,2006.642857142857,2014.8666666666666
2023-09-16,1959.0,113.6,5,9,3,2023,259,1869.0,1959.0,2269.0,1800.0,1767.4285714285713,1980.5,2007.2
2023-09-17,1959.0,0.0,6,9,3,2023,260,1959.0,1959.0,2269.0,1800.0,1767.4285714285713,1958.357142857143,2012.5
2023-09-18,1959.0,0.0,0,9,3,2023,261,1959.0,1728.0,2111.0,1611.0,1767.4285714285713,1936.2142857142858,2017.8
2023-09-19,1910.0,236.2,1,9,3,2023,262,1959.0,1719.0,2283.0,1611.0,1800.4285714285713,1925.357142857143,2029.4
2023-09-20,1851.0,132.3,2,9,3,2023,263,1910.0,1569.0,2283.0,2631.0,1827.7142857142858,1898.7142857142858,2039.3666666666666
2023-09-21,1899.0,61.5,3,9,3,2023,264,1851.0,1569.0,1961.0,2009.0,1868.0,1867.857142857143,2013.3666666666666
2023-09-22,1791.0,142.7,4,9,3,2023,265,1899.0,1869.0,2179.0,1929.0,1915.142857142857,1863.4285714285713,2009.7
2023-09-23,1837.0,83.3,5,9,3,2023,266,1791.0,1959.0,1959.0,2015.0,1904.0,1835.7142857142858,2005.1
2023-09-24,1837.0,0.0,6,9,3,2023,267,1837.0,1959.0,1959.0,2120.0,1886.5714285714287,1827.0,1999.1666666666667
2023-09-25,2276.0,85.6,0,9,3,2023,268,1837.0,1959.0,1728.0,2069.0,1869.142857142857,1818.2857142857142,1989.7333333333333
2023-09-26,2279.0,25.0,1,9,3,2023,269,2276.0,1910.0,1719.0,2069.0,1914.4285714285713,1857.4285714285713,1996.6333333333334
2023-09-27,2070.0,97.4,2,9,3,2023,270,2279.0,1851.0,1569.0,2031.0,1967.142857142857,1897.4285714285713,2003.6333333333334
2023-09-28,2070.0,0.0,3,9,3,2023,271,2070.0,1899.0,1569.0,2179.0,1998.4285714285713,1933.2142857142858,2004.9333333333334
2023-09-29,2309.0,122.4,4,9,3,2023,272,2070.0,1791.0,1869.0,2179.0,2022.857142857143,1969.0,2001.3
2023-09-30,2085.0,91.0,5,9,3,2023,273,2309.0,1837.0,1959.0,2201.0,2096.8571428571427,2000.4285714285713,2005.6333333333334
2023-10-01,2085.0,0.0,6,10,4,2023,274,2085.0,1837.0,1959.0,2235.0,2132.285714285714,2009.4285714285713,2001.7666666666667
2023-10-02,2085.0,0.0,0,10,4,2023,275,2085.0,2276.0,1959.0,2269.0,2167.714285714286,2018.4285714285713,1996.7666666666667
2023-10-03,1810.0,342.1,1,10,4,2023,276,2085.0,2279.0,1910.0,2269.0,2140.4285714285716,2027.4285714285713,1990.6333333333334
2023-10-04,1939.0,250.3,2,10,4,2023,277,1810.0,2070.0,1851.0,2111.0,2073.4285714285716,2020.2857142857142,1975.3333333333333
2023-10-05,2078.0,243.9,3,10,4,2023,278,1939.0,2070.0,1899.0,2283.0,2054.714285714286,2026.5714285714287,1969.6
2023-10-06,1869.0,306.5,4,10,4,2023,279,2078.0,2309.0,1791.0,2283.0,2055.8571428571427,2039.357142857143,1962.7666666666667
2023-10-07,2129.0,145.4,5,10,4,2023,280,1869.0,2085.0,1837.0,1961.0,1993.0,2044.9285714285713,1948.9666666666667
2023-10-08,2129.0,0.0,6,10,4,2023,281,2129.0,2085.0,1837.0,2179.0,1999.2857142857142,2065.785714285714,1954.5666666666666
2023-10-09,2041.0,130.8,0,10,4,2023,282,2129.0,2085.0,2276.0,1959.0,2005.5714285714287,2086.6428571428573,1952.9
2023-10-10,1926.0,158.5,1,10,4,2023,283,2041.0,1810.0,2279.0,1959.0,1999.2857142857142,2069.8571428571427,1955.6333333333334
2023-10-11,2188.0,235.5,2,10,4,2023,284,1926.0,1939.0,2070.0,1728.0,2015.857142857143,2044.642857142857,1954.5333333333333
2023-10-12,1960.0,244.7,3,10,4,2023,285,2188.0,2078.0,2070.0,1719.0,2051.4285714285716,2053.0714285714284,1969.8666666666666
2023-10-13,2123.0,256.5,4,10,4,2023,286,1960.0,1869.0,2309.0,1569.0,2034.5714285714287,2045.2142857142858,1977.9
2023-10-14,2123.0,0.0,5,10,4,2023,287,2123.0,2129.0,2085.0,1569.0,2070.8571428571427,2031.9285714285713,1996.3666666666666
2023-10-15,2123.0,0.0,6,10,4,2023,288,2123.0,2129.0,2085.0,1869.0,2070.0,2034.642857142857,2014.8333333333333
2023-10-16,2369.0,205.5,0,10,4,2023,289,2123.0,2041.0,2085.0,1959.0,2069.1428571428573,2037.357142857143,2023.3
2023-10-17,1927.0,239.5,1,10,4,2023,290,2369.0,1926.0,1810.0,1959.0,2116.0,2057.6428571428573,2036.9666666666667
2023-10-18,2469.0,156.6,2,10,4,2023,291,1927.0,2188.0,1939.0,1959.0,2116.1428571428573,2066.0,2035.9
2023-10-19,2839.0,115.6,3,10,4,2023,292,2469.0,1960.0,2078.0,1910.0,2156.285714285714,2103.8571428571427,2052.9
2023-10-20,2459.0,212.0,4,10,4,2023,293,2839.0,2123.0,1869.0,1851.0,2281.8571428571427,2158.214285714286,2083.866666666667
2023-10-21,2519.0,104.2,5,10,4,2023,294,2459.0,2123.0,2129.0,1899.0,2329.8571428571427,2200.3571428571427,2104.133333333333
2023-10-22,2519.0,0.0,6,10,4,2023,295,2519.0,2123.0,2129.0,1791.0,2386.4285714285716,2228.214285714286,2124.8
2023-10-23,2519.0,0.0,0,10,4,2023,296,2519.0,2369.0,2041.0,1837.0,2443.0,2256.0714285714284,2149.0666666666666
2023-10-24,2519.0,0.0,1,10,4,2023,297,2519.0,1927.0,1926.0,1837.0,2464.4285714285716,2290.214285714286,2171.8
2023-10-25,3739.0,34.8,2,10,4,2023,298,2519.0,2469.0,2188.0,2276.0,2549.0,2332.5714285714284,2194.5333333333333
2023-10-26,4419.0,77.7,3,10,4,2023,299,3739.0,2839.0,1960.0,2279.0,2730.4285714285716,2443.3571428571427,2243.3
2023-10-27,4563.0,187.3,4,10,4,2023,300,4419.0,2459.0,2123.0,2070.0,2956.1428571428573,2619.0,2314.633333333333
2023-10-28,4635.0,244.4,5,10,4,2023,301,4563.0,2519.0,2123.0,2070.0,3256.714285714286,2793.285714285714,2397.733333333333
2023-10-29,4635.0,0.0,6,10,4,2023,302,4635.0,2519.0,2123.0,2309.0,3559.0,2972.714285714286,2483.233333333333
2023-10-30,3027.0,560.8,0,10,4,2023,303,4635.0,2519.0,2369.0,2085.0,3861.285714285714,3152.1428571428573,2560.766666666667
2023-10-31,3600.0,838.0,1,10,4,2023,304,3027.0,2519.0,1927.0,2085.0,3933.8571428571427,3199.1428571428573,2592.1666666666665
2023-11-01,3311.0,755.6,2,11,4,2023,305,3600.0,3739.0,2469.0,2085.0,4088.285714285714,3318.6428571428573,2642.6666666666665
2023-11-02,3361.0,581.0,3,11,4,2023,306,3311.0,4419.0,2839.0,1810.0,4027.1428571428573,3378.785714285714,2683.5333333333333
2023-11-03,3569.0,536.9,4,11,4,2023,307,3361.0,4563.0,2459.0,1939.0,3876.0,3416.0714285714284,2735.233333333333
2023-11-04,2523.0,560.5,5,11,4,2023,308,3569.0,4635.0,2519.0,2078.0,3734.0,3495.3571428571427,2789.5666666666666
2023-11-05,2523.0,0.0,6,11,4,2023,309,2523.0,4635.0,2519.0,1869.0,3432.285714285714,3495.6428571428573,2804.4
2023-11-06,3006.0,321.2,0,11,4,2023,310,2523.0,3027.0,2519.0,2129.0,3130.5714285714284,3495.9285714285716,2826.2
2023-11-07,3754.0,296.0,1,11,4,2023,311,3006.0,3600.0,2519.0,2129.0,3127.5714285714284,3530.714285714286,2855.4333333333334
2023-11-08,3839.0,210.8,2,11,4,2023,312,3754.0,3311.0,3739.0,2041.0,3149.5714285714284,3618.9285714285716,2909.6
2023-11-09,4006.0,320.2,3,11,4,2023,313,3839.0,3361.0,4419.0,1926.0,3225.0,3626.0714285714284,2969.5333333333333
2023-11-10,4204.0,258.2,4,11,4,2023,314,4006.0,3569.0,4563.0,2188.0,3317.1428571428573,3596.5714285714284,3038.866666666667
2023-11-11,4319.0,344.0,5,11,4,2023,315,4204.0,2523.0,4635.0,1960.0,3407.8571428571427,3570.9285714285716,3106.0666666666666
2023-11-12,4319.0,0.0,6,11,4,2023,316,4319.0,2523.0,4635.0,2123.0,3664.4285714285716,3548.3571428571427,3184.7
2023-11-13,4319.0,0.0,0,11,4,2023,317,4319.0,3006.0,3027.0,2123.0,3921.0,3525.785714285714,3257.9
2023-11-14,3231.0,274.8,1,11,4,2023,318,4319.0,3754.0,3600.0,2123.0,4108.571428571428,3618.0714285714284,3331.1
2023-11-15,3319.0,619.6,2,11,4,2023,319,3231.0,3839.0,3311.0,2369.0,4033.8571428571427,3591.714285714286,3368.0333333333333
2023-11-16,3088.0,937.0,3,11,4,2023,320,3319.0,4006.0,3361.0,1927.0,3959.5714285714284,3592.285714285714,3399.7
2023-11-17,3006.0,932.1,4,11,4,2023,321,3088.0,4204.0,3569.0,2469.0,3828.4285714285716,3572.785714285714,3438.4
2023-11-18,3289.0,668.4,5,11,4,2023,322,3006.0,4319.0,2523.0,2839.0,3657.285714285714,3532.5714285714284,3456.3
2023-11-19,3289.0,0.0,6,11,4,2023,323,3289.0,4319.0,2523.0,2459.0,3510.1428571428573,3587.285714285714,3471.3
2023-11-20,3423.0,331.9,0,11,4,2023,324,3289.0,4319.0,3006.0,2519.0,3363.0,3642.0,3498.9666666666667
2023-11-21,3418.0,523.8,1,11,4,2023,325,3423.0,3231.0,3754.0,2519.0,3235.0,3671.785714285714,3529.1
2023-11-22,3219.0,723.2,2,11,4,2023,326,3418.0,3319.0,3839.0,2519.0,3261.714285714286,3647.785714285714,3559.0666666666666
2023-11-23,3189.0,736.2,3,11,4,2023,327,3219.0,3088.0,4006.0,2519.0,3247.4285714285716,3603.5,3582.4
2023-11-24,3183.0,723.0,4,11,4,2023,328,3189.0,3006.0,4204.0,3739.0,3261.8571428571427,3545.1428571428573,3604.733333333333
2023-11-25,3419.0,667.8,5,11,4,2023,329,3183.0,3289.0,4319.0,4419.0,3287.1428571428573,3472.214285714286,3586.2
2023-11-26,3419.0,0.0,6,11,4,2023,330,3419.0,3289.0,4319.0,4563.0,3305.714285714286,3407.9285714285716,3552.866666666667
2023-11-27,3182.0,594.7,0,11,4,2023,331,3419.0,3423.0,4319.0,4635.0,3324.285714285714,3343.6428571428573,3514.733333333333
2023-11-28,3232.0,414.3,1,11,4,2023,332,3182.0,3418.0,3231.0,4635.0,3289.8571428571427,3262.4285714285716,3466.3
2023-11-29,4069.0,482.7,2,11,4,2023,333,3232.0,3219.0,3319.0,3027.0,3263.285714285714,3262.5,3419.5333333333333
2023-11-30,3851.0,443.3,3,11,4,2023,334,4069.0,3189.0,3088.0,3600.0,3384.714285714286,3316.0714285714284,3454.266666666667
2023-12-01,3113.0,518.1,4,12,4,2023,335,3851.0,3183.0,3006.0,3311.0,3479.285714285714,3370.5714285714284,3462.633333333333
2023-12-02,3113.0,0.0,5,12,4,2023,336,3113.0,3419.0,3289.0,3361.0,3469.285714285714,3378.214285714286,3456.0333333333333
2023-12-03,3113.0,0.0,6,12,4,2023,337,3113.0,3419.0,3289.0,3569.0,3425.5714285714284,3365.6428571428573,3447.766666666667
2023-12-04,3411.0,670.7,0,12,4,2023,338,3113.0,3182.0,3423.0,2523.0,3381.8571428571427,3353.0714285714284,3432.5666666666666
2023-12-05,3526.0,708.5,1,12,4,2023,339,3411.0,3232.0,3418.0,2523.0,3414.5714285714284,3352.214285714286,3462.1666666666665
2023-12-06,3624.0,242.1,2,12,4,2023,340,3526.0,4069.0,3219.0,3006.0,3456.5714285714284,3359.9285714285716,3495.6
2023-12-07,3723.0,273.2,3,12,4,2023,341,3624.0,3851.0,3189.0,3754.0,3393.0,3388.8571428571427,3516.2
2023-12-08,2666.0,265.1,4,12,4,2023,342,3723.0,3113.0,3183.0,3839.0,3374.714285714286,3427.0,3515.1666666666665
2023-12-09,2704.0,387.6,5,12,4,2023,343,2666.0,3113.0,3419.0,4006.0,3310.8571428571427,3390.0714285714284,3476.0666666666666
2023-12-10,2704.0,0.0,6,12,4,2023,344,2704.0,3113.0,3419.0,4204.0,3252.4285714285716,3339.0,3432.6666666666665
2023-12-11,2621.0,378.0,0,12,4,2023,345,2704.0,3411.0,3182.0,4319.0,3194.0,3287.9285714285716,3382.6666666666665
2023-12-12,2621.0,0.0,1,12,4,2023,346,2621.0,3526.0,3232.0,4319.0,3081.1428571428573,3247.8571428571427,3326.0666666666666
2023-12-13,1726.0,437.9,2,12,4,2023,347,2621.0,3624.0,4069.0,4319.0,2951.8571428571427,3204.214285714286,3269.4666666666667
2023-12-14,2500.0,514.7,3,12,4,2023,348,1726.0,3723.0,3851.0,3231.0,2680.714285714286,3036.8571428571427,3183.0333333333333
2023-12-15,2500.0,0.0,4,12,4,2023,349,2500.0,2666.0,3113.0,3319.0,2506.0,2940.3571428571427,3158.6666666666665
2023-12-16,1121.0,728.1,5,12,4,2023,350,2500.0,2704.0,3113.0,3088.0,2482.285714285714,2896.5714285714284,3131.366666666667
2023-12-17,1121.0,0.0,6,12,4,2023,351,1121.0,2704.0,3113.0,3006.0,2256.1428571428573,2754.285714285714,3065.8
2023-12-18,1532.0,364.7,0,12,4,2023,352,1121.0,2621.0,3411.0,3289.0,2030.0,2612.0,3002.9666666666667
2023-12-19,1619.0,271.4,1,12,4,2023,353,1532.0,2621.0,3526.0,3289.0,1874.4285714285713,2477.785714285714,2944.4
2023-12-20,1827.0,248.6,2,12,4,2023,354,1619.0,1726.0,3624.0,3423.0,1731.2857142857142,2341.5714285714284,2888.733333333333
2023-12-21,1629.0,180.9,3,12,4,2023,355,1827.0,2500.0,3723.0,3418.0,1745.7142857142858,2213.214285714286,2835.5333333333333
2023-12-22,1620.0,167.1,4,12,4,2023,356,1629.0,2500.0,2666.0,3219.0,1621.2857142857142,2063.6428571428573,2775.9
2023-12-23,1620.0,0.0,5,12,4,2023,357,1620.0,1121.0,2704.0,3189.0,1495.5714285714287,1988.9285714285713,2722.6
2023-12-24,1620.0,0.0,6,12,4,2023,358,1620.0,1121.0,2704.0,3183.0,1566.857142857143,1911.5,2670.3
2023-12-25,1620.0,0.0,0,12,4,2023,359,1620.0,1532.0,2621.0,3419.0,1638.142857142857,1834.0714285714287,2618.2
2023-12-26,1516.0,113.1,1,12,4,2023,360,1620.0,1619.0,2621.0,3419.0,1650.7142857142858,1762.5714285714287,2558.233333333333
2023-12-27,1380.0,159.7,2,12,4,2023,361,1516.0,1827.0,1726.0,3182.0,1636.0,1683.642857142857,2494.8
2023-12-28,1380.0,0.0,3,12,4,2023,362,1380.0,1629.0,2500.0,3232.0,1572.142857142857,1658.9285714285713,2434.733333333333
2023-12-29,1579.0,273.9,4,12,4,2023,363,1380.0,1620.0,2500.0,4069.0,1536.5714285714287,1578.9285714285713,2373.0
2023-12-30,1356.0,172.0,5,12,4,2023,364,1579.0,1620.0,1121.0,3851.0,1530.7142857142858,1513.142857142857,2290.0
2023-12-31,1356.0,0.0,6,12,4,2023,365,1356.0,1620.0,1121.0,3113.0,1493.0,1529.9285714285713,2206.8333333333335
2024-01-01,1356.0,0.0,0,1,1,2024,1,1356.0,1620.0,1532.0,3113.0,1455.2857142857142,1546.7142857142858,2148.266666666667
2024-01-02,1634.0,53.6,1,1,1,2024,2,1356.0,1516.0,1619.0,3113.0,1417.5714285714287,1534.142857142857,2089.7
2024-01-03,1765.0,67.9,2,1,1,2024,3,1634.0,1380.0,1827.0,3411.0,1434.4285714285713,1535.2142857142858,2040.4
2024-01-04,1765.0,105.5,3,1,1,2024,4,1765.0,1380.0,1629.0,3526.0,1489.4285714285713,1530.7857142857142,1985.5333333333333
2024-01-05,1689.0,136.5,4,1,1,2024,5,1765.0,1579.0,1620.0,3624.0,1544.4285714285713,1540.5,1926.8333333333333
2024-01-06,1430.0,147.2,5,1,1,2024,6,1689.0,1356.0,1620.0,3723.0,1560.142857142857,1545.4285714285713,1862.3333333333333
2024-01-07,1430.0,0.0,6,1,1,2024,7,1430.0,1356.0,1620.0,2666.0,1570.7142857142858,1531.857142857143,1785.9
2024-01-08,1130.0,279.5,0,1,1,2024,8,1430.0,1356.0,1620.0,2704.0,1581.2857142857142,1518.2857142857142,1744.7
2024-01-09,1364.0,320.4,1,1,1,2024,9,1130.0,1634.0,1516.0,2704.0,1549.0,1483.2857142857142,1692.2333333333333
2024-01-10,1364.0,0.0,2,1,1,2024,10,1364.0,1765.0,1380.0,2621.0,1510.4285714285713,1472.4285714285713,1647.5666666666666
2024-01-11,1364.0,0.0,3,1,1,2024,11,1364.0,1765.0,1380.0,2621.0,1453.142857142857,1471.2857142857142,1605.6666666666667
2024-01-12,1264.0,218.0,4,1,1,2024,12,1364.0,1689.0,1579.0,1726.0,1395.857142857143,1470.142857142857,1563.7666666666667
2024-01-13,1367.0,128.0,5,1,1,2024,13,1264.0,1430.0,1356.0,2500.0,1335.142857142857,1447.642857142857,1548.3666666666666
2024-01-14,1367.0,0.0,6,1,1,2024,14,1367.0,1430.0,1356.0,2500.0,1326.142857142857,1448.4285714285713,1510.6
2024-01-15,1367.0,0.0,0,1,1,2024,15,1367.0,1130.0,1356.0,1121.0,1317.142857142857,1449.2142857142858,1472.8333333333333
2024-01-16,1367.0,0.0,1,1,1,2024,16,1367.0,1364.0,1634.0,1121.0,1351.0,1450.0,1481.0333333333333
2024-01-17,1325.0,64.7,2,1,1,2024,17,1367.0,1364.0,1765.0,1532.0,1351.4285714285713,1430.9285714285713,1489.2333333333333
2024-01-18,1585.0,49.5,3,1,1,2024,18,1325.0,1364.0,1765.0,1619.0,1345.857142857143,1399.5,1482.3333333333333
2024-01-19,1275.0,127.2,4,1,1,2024,19,1585.0,1264.0,1689.0,1827.0,1377.4285714285713,1386.642857142857,1481.2
2024-01-20,1364.0,319.5,5,1,1,2024,20,1275.0,1367.0,1430.0,1629.0,1379.0,1357.0714285714287,1462.8
2024-01-21,1364.0,0.0,6,1,1,2024,21,1364.0,1367.0,1430.0,1620.0,1378.5714285714287,1352.357142857143,1453.9666666666667
2024-01-22,1364.0,0.0,0,1,1,2024,22,1364.0,1367.0,1130.0,1620.0,1378.142857142857,1347.642857142857,1445.4333333333334
2024-01-23,1161.0,304.3,1,1,1,2024,23,1364.0,1367.0,1364.0,1620.0,1377.7142857142858,1364.357142857143,1436.9
2024-01-24,787.0,352.4,2,1,1,2024,24,1161.0,1325.0,1364.0,1620.0,1348.2857142857142,1349.857142857143,1421.6
2024-01-25,1169.0,416.5,3,1,1,2024,25,787.0,1585.0,1364.0,1516.0,1271.4285714285713,1308.642857142857,1393.8333333333333
2024-01-26,1169.0,0.0,4,1,1,2024,26,1169.0,1275.0,1264.0,1380.0,1212.0,1294.7142857142858,1382.2666666666667
2024-01-27,789.0,590.8,5,1,1,2024,27,1169.0,1364.0,1367.0,1380.0,1196.857142857143,1287.9285714285713,1375.2333333333333
2024-01-28,789.0,0.0,6,1,1,2024,28,789.0,1364.0,1367.0,1579.0,1114.7142857142858,1246.642857142857,1355.5333333333333
2024-01-29,774.0,147.8,0,1,1,2024,29,789.0,1364.0,1367.0,1356.0,1032.5714285714287,1205.357142857143,1329.2
2024-01-30,630.0,269.3,1,1,1,2024,30,774.0,1161.0,1367.0,1356.0,948.2857142857143,1163.0,1309.8
2024-01-31,861.0,122.8,2,1,1,2024,31,630.0,787.0,1325.0,1356.0,872.4285714285714,1110.357142857143,1285.6
2024-02-01,969.0,89.1,3,2,1,2024,32,861.0,1169.0,1585.0,1634.0,883.0,1077.2142857142858,1269.1
2024-02-02,1269.0,92.4,4,2,1,2024,33,969.0,1169.0,1275.0,1765.0,854.4285714285714,1033.2142857142858,1246.9333333333334
2024-02-03,1121.0,86.4,5,2,1,2024,34,1269.0,789.0,1364.0,1765.0,868.7142857142857,1032.7857142857142,1230.4
2024-02-04,1121.0,0.0,6,2,1,2024,35,1121.0,789.0,1364.0,1689.0,916.1428571428571,1015.4285714285714,1208.9333333333334
2024-02-05,1159.0,53.7,0,2,1,2024,36,1121.0,774.0,1364.0,1430.0,963.5714285714286,998.0714285714286,1190.0
2024-02-06,1069.0,70.1,1,2,1,2024,37,1159.0,630.0,1161.0,1430.0,1018.5714285714286,983.4285714285714,1180.9666666666667
2024-02-07,1319.0,119.5,2,2,1,2024,38,1069.0,861.0,787.0,1130.0,1081.2857142857142,976.8571428571429,1168.9333333333334
2024-02-08,817.0,137.7,3,2,1,2024,39,1319.0,969.0,1169.0,1364.0,1146.7142857142858,1014.8571428571429,1175.2333333333333
2024-02-09,817.0,0.0,4,2,1,2024,40,817.0,1269.0,1169.0,1364.0,1125.0,989.7142857142857,1157.0
2024-02-10,727.0,232.7,5,2,1,2024,41,817.0,1121.0,789.0,1364.0,1060.4285714285713,964.5714285714286,1138.7666666666667
2024-02-11,727.0,0.0,6,2,1,2024,42,727.0,1121.0,789.0,1264.0,1004.1428571428571,960.1428571428571,1117.5333333333333
2024-02-12,680.0,141.8,0,2,1,2024,43,727.0,1159.0,774.0,1367.0,947.8571428571429,955.7142857142857,1099.6333333333334
2024-02-13,949.0,222.2,1,2,1,2024,44,680.0,1069.0,630.0,1367.0,879.4285714285714,949.0,1076.7333333333333
2024-02-14,1039.0,142.7,2,2,1,2024,45,949.0,1319.0,861.0,1367.0,862.2857142857143,971.7857142857143,1062.8
2024-02-15,936.0,95.6,3,2,1,2024,46,1039.0,817.0,969.0,1367.0,822.2857142857143,984.5,1051.8666666666666
2024-02-16,835.0,89.6,4,2,1,2024,47,936.0,817.0,1269.0,1325.0,839.2857142857143,982.1428571428571,1037.5
2024-02-17,1059.0,111.4,5,2,1,2024,48,835.0,727.0,1121.0,1585.0,841.8571428571429,951.1428571428571,1021.1666666666666
2024-02-18,1059.0,0.0,6,2,1,2024,49,1059.0,727.0,1121.0,1275.0,889.2857142857143,946.7142857142857,1003.6333333333333
2024-02-19,1155.0,134.6,0,2,1,2024,50,1059.0,680.0,1159.0,1364.0,936.7142857142857,942.2857142857143,996.4333333333333
2024-02-20,1309.0,83.4,1,2,1,2024,51,1155.0,949.0,1069.0,1364.0,1004.5714285714286,942.0,989.4666666666667
2024-02-21,1287.0,111.1,2,2,1,2024,52,1309.0,1039.0,1319.0,1364.0,1056.0,959.1428571428571,987.6333333333333
2024-02-22,680.0,223.1,3,2,1,2024,53,1287.0,936.0,817.0,1161.0,1091.4285714285713,956.8571428571429,985.0666666666667
2024-02-23,1322.0,180.6,4,2,1,2024,54,680.0,835.0,817.0,787.0,1054.857142857143,947.0714285714286,969.0333333333333
2024-02-24,1569.0,65.9,5,2,1,2024,55,1322.0,1059.0,727.0,1169.0,1124.4285714285713,983.1428571428571,986.8666666666667
2024-02-25,1569.0,0.0,6,2,1,2024,56,1569.0,1059.0,727.0,1169.0,1197.2857142857142,1043.2857142857142,1000.2
2024-02-26,1659.0,66.7,0,2,1,2024,57,1569.0,1155.0,680.0,789.0,1270.142857142857,1103.4285714285713,1013.5333333333333
2024-02-27,1269.0,173.9,1,2,1,2024,58,1659.0,1309.0,949.0,789.0,1342.142857142857,1173.357142857143,1042.5333333333333
2024-02-28,1589.0,161.0,2,2,1,2024,59,1269.0,1287.0,1039.0,774.0,1336.4285714285713,1196.2142857142858,1058.5333333333333
2024-02-29,1644.0,250.9,3,2,1,2024,60,1589.0,680.0,936.0,630.0,1379.5714285714287,1235.5,1085.7
2024-03-01,950.0,321.3,4,3,1,2024,61,1644.0,1322.0,835.0,861.0,1517.2857142857142,1286.0714285714287,1119.5
2024-03-02,1310.0,250.2,5,3,1,2024,62,950.0,1569.0,1059.0,969.0,1464.142857142857,1294.2857142857142,1122.4666666666667
2024-03-03,1310.0,0.0,6,3,1,2024,63,1310.0,1569.0,1059.0,1269.0,1427.142857142857,1312.2142857142858,1133.8333333333333
2024-03-04,1431.0,186.0,0,3,1,2024,64,1310.0,1659.0,1155.0,1121.0,1390.142857142857,1330.142857142857,1135.2
2024-03-05,1489.0,263.2,1,3,1,2024,65,1431.0,1269.0,1309.0,1121.0,1357.5714285714287,1349.857142857143,1145.5333333333333
2024-03-06,1309.0,346.5,2,3,1,2024,66,1489.0,1589.0,1287.0,1159.0,1389.0,1362.7142857142858,1157.8
2024-03-07,1259.0,453.9,3,3,1,2024,67,1309.0,1644.0,680.0,1069.0,1349.0,1364.2857142857142,1162.8
2024-03-08,1259.0,0.0,4,3,1,2024,68,1259.0,950.0,1322.0,1319.0,1294.0,1405.642857142857,1169.1333333333334
2024-03-09,1259.0,0.0,5,3,1,2024,69,1259.0,1310.0,1569.0,817.0,1338.142857142857,1401.142857142857,1167.1333333333334
2024-03-10,1259.0,0.0,6,3,1,2024,70,1259.0,1310.0,1569.0,817.0,1330.857142857143,1379.0,1181.8666666666666
2024-03-11,1559.0,225.6,0,3,1,2024,71,1259.0,1431.0,1659.0,727.0,1323.5714285714287,1356.857142857143,1196.6
2024-03-12,1528.0,257.9,1,3,1,2024,72,1559.0,1489.0,1269.0,727.0,1341.857142857143,1349.7142857142858,1224.3333333333333
2024-03-13,1569.0,358.0,2,3,1,2024,73,1528.0,1309.0,1589.0,680.0,1347.4285714285713,1368.2142857142858,1251.0333333333333
2024-03-14,1469.0,311.0,3,3,1,2024,74,1569.0,1259.0,1644.0,949.0,1384.5714285714287,1366.7857142857142,1280.6666666666667
2024-03-15,1381.0,408.2,4,3,1,2024,75,1469.0,1259.0,950.0,1039.0,1414.5714285714287,1354.2857142857142,1298.0
2024-03-16,810.0,425.3,5,3,1,2024,76,1381.0,1259.0,1310.0,936.0,1432.0,1385.0714285714287,1309.4
2024-03-17,810.0,0.0,6,3,1,2024,77,810.0,1259.0,1310.0,835.0,1367.857142857143,1349.357142857143,1305.2
2024-03-18,860.0,393.9,0,3,1,2024,78,810.0,1559.0,1431.0,1059.0,1303.7142857142858,1313.642857142857,1304.3666666666666
2024-03-19,1019.0,198.7,1,3,1,2024,79,860.0,1528.0,1489.0,1059.0,1203.857142857143,1272.857142857143,1297.7333333333333
2024-03-20,929.0,187.9,2,3,1,2024,80,1019.0,1569.0,1309.0,1155.0,1131.142857142857,1239.2857142857142,1296.4
2024-03-21,859.0,266.6,3,3,1,2024,81,929.0,1469.0,1259.0,1309.0,1039.7142857142858,1212.142857142857,1288.8666666666666
2024-03-22,720.0,269.4,4,3,1,2024,82,859.0,1381.0,1259.0,1287.0,952.5714285714286,1183.5714285714287,1273.8666666666666
2024-03-23,861.0,228.1,5,3,1,2024,83,720.0,810.0,1259.0,680.0,858.1428571428571,1145.0714285714287,1254.9666666666667
2024-03-24,861.0,0.0,6,3,1,2024,84,861.0,810.0,1259.0,1322.0,865.4285714285714,1116.642857142857,1261.0
2024-03-25,861.0,0.0,0,3,1,2024,85,861.0,860.0,1559.0,1569.0,872.7142857142857,1088.2142857142858,1245.6333333333334
2024-03-26,749.0,152.0,1,3,1,2024,86,861.0,1019.0,1528.0,1569.0,872.8571428571429,1038.357142857143,1222.0333333333333
2024-03-27,1054.0,92.6,2,3,1,2024,87,749.0,929.0,1569.0,1659.0,834.2857142857143,982.7142857142857,1194.7
2024-03-28,1294.0,87.5,3,3,1,2024,88,1054.0,859.0,1469.0,1269.0,852.1428571428571,945.9285714285714,1174.5333333333333
2024-03-29,1294.0,0.0,4,3,1,2024,89,1294.0,720.0,1381.0,1589.0,914.2857142857143,933.4285714285714,1175.3666666666666
2024-03-30,1294.0,0.0,5,3,1,2024,90,1294.0,861.0,810.0,1644.0,996.2857142857143,927.2142857142857,1165.5333333333333
2024-03-31,1294.0,0.0,6,3,1,2024,91,1294.0,861.0,810.0,950.0,1058.142857142857,961.7857142857143,1153.8666666666666
2024-04-01,1294.0,0.0,0,4,2,2024,92,1294.0,861.0,860.0,1310.0,1120.0,996.3571428571429,1165.3333333333333
2024-04-02,1249.0,204.6,1,4,2,2024,93,1294.0,749.0,1019.0,1310.0,1181.857142857143,1027.357142857143,1164.8
2024-04-03,1279.0,144.8,2,4,2,2024,94,1249.0,1054.0,929.0,1431.0,1253.2857142857142,1043.7857142857142,1162.7666666666667
2024-04-04,769.0,128.0,3,4,2,2024,95,1279.0,1294.0,859.0,1489.0,1285.4285714285713,1068.7857142857142,1157.7
2024-04-05,769.0,0.0,4,4,2,2024,96,769.0,1294.0,720.0,1309.0,1210.4285714285713,1062.357142857143,1133.7
2024-04-06,725.0,212.6,5,4,2,2024,97,769.0,1294.0,861.0,1259.0,1135.4285714285713,1065.857142857143,1115.7
2024-04-07,725.0,0.0,6,4,2,2024,98,725.0,1294.0,861.0,1259.0,1054.142857142857,1056.142857142857,1097.9
2024-04-08,725.0,0.0,0,4,2,2024,99,725.0,1294.0,861.0,1259.0,972.8571428571429,1046.4285714285713,1080.1
2024-04-09,725.0,0.0,1,4,2,2024,100,725.0,1249.0,749.0,1259.0,891.5714285714286,1036.7142857142858,1062.3
2024-04-10,725.0,0.0,2,4,2,2024,101,725.0,1279.0,1054.0,1559.0,816.7142857142857,1035.0,1044.5
2024-04-11,725.0,0.0,3,4,2,2024,102,725.0,769.0,1294.0,1528.0,737.5714285714286,1011.5,1016.7
2024-04-12,1039.0,29.1,4,4,2,2024,103,725.0,769.0,1294.0,1569.0,731.2857142857143,970.8571428571429,989.9333333333333
2024-04-13,1027.0,76.1,5,4,2,2024,104,1039.0,725.0,1294.0,1469.0,769.8571428571429,952.6428571428571,972.2666666666667
2024-04-14,1027.0,0.0,6,4,2,2024,105,1027.0,725.0,1294.0,1381.0,813.0,933.5714285714286,957.5333333333333
2024-04-15,1017.0,119.0,0,4,2,2024,106,1027.0,725.0,1294.0,810.0,856.1428571428571,914.5,945.7333333333333
2024-04-16,1439.0,93.0,1,4,2,2024,107,1017.0,725.0,1249.0,810.0,897.8571428571429,894.7142857142857,952.6333333333333
2024-04-17,1439.0,0.0,2,4,2,2024,108,1439.0,725.0,1279.0,860.0,999.8571428571429,908.2857142857143,973.6
2024-04-18,1025.0,75.2,3,4,2,2024,109,1439.0,725.0,769.0,1019.0,1101.857142857143,919.7142857142857,992.9
2024-04-19,805.0,43.0,4,4,2,2024,110,1025.0,1039.0,769.0,929.0,1144.7142857142858,938.0,993.1
2024-04-20,790.0,56.3,5,4,2,2024,111,805.0,1027.0,725.0,859.0,1111.2857142857142,940.5714285714286,988.9666666666667
2024-04-21,790.0,0.0,6,4,2,2024,112,790.0,1027.0,725.0,720.0,1077.4285714285713,945.2142857142857,986.6666666666666
2024-04-22,1521.0,83.7,0,4,2,2024,113,790.0,1017.0,725.0,861.0,1043.5714285714287,949.8571428571429,989.0
2024-04-23,1521.0,0.0,1,4,2,2024,114,1521.0,1439.0,725.0,861.0,1115.5714285714287,1006.7142857142857,1011.0
2024-04-24,885.0,51.8,2,4,2,2024,115,1521.0,1439.0,725.0,861.0,1127.2857142857142,1063.5714285714287,1033.0
2024-04-25,665.0,39.3,3,4,2,2024,116,885.0,1025.0,725.0,749.0,1048.142857142857,1075.0,1033.8
2024-04-26,825.0,21.4,4,4,2,2024,117,665.0,805.0,1039.0,1054.0,996.7142857142857,1070.7142857142858,1031.0
2024-04-27,1455.0,14.9,5,4,2,2024,118,825.0,790.0,1027.0,1294.0,999.5714285714286,1055.4285714285713,1023.3666666666667
2024-04-28,1455.0,0.0,6,4,2,2024,119,1455.0,790.0,1027.0,1294.0,1094.5714285714287,1086.0,1028.7333333333333
2024-04-29,1135.0,29.9,0,4,2,2024,120,1455.0,1521.0,1017.0,1294.0,1189.5714285714287,1116.5714285714287,1034.1
2024-04-30,985.0,16.8,1,4,2,2024,121,1135.0,1521.0,1439.0,1294.0,1134.4285714285713,1125.0,1028.8
2024-05-01,985.0,0.0,2,5,2,2024,122,985.0,885.0,1439.0,1294.0,1057.857142857143,1092.5714285714287,1018.5
2024-05-02,668.0,54.5,3,5,2,2024,123,985.0,665.0,1025.0,1249.0,1072.142857142857,1060.142857142857,1008.2
2024-05-03,1289.0,15.7,4,5,2,2024,124,668.0,825.0,805.0,1279.0,1072.5714285714287,1034.642857142857,988.8333333333334
2024-05-04,1015.0,21.6,5,5,2,2024,125,1289.0,1455.0,790.0,769.0,1138.857142857143,1069.2142857142858,989.1666666666666
2024-05-05,1015.0,0.0,6,5,2,2024,126,1015.0,1455.0,790.0,769.0,1076.0,1085.2857142857142,997.3666666666667
2024-05-06,1495.0,19.2,0,5,2,2024,127,1015.0,1135.0,1521.0,725.0,1013.1428571428571,1101.357142857143,1005.5666666666667
2024-05-07,1206.0,4.4,1,5,2,2024,128,1495.0,985.0,1521.0,725.0,1064.5714285714287,1099.5,1031.2333333333333
2024-05-08,1206.0,0.0,2,5,2,2024,129,1206.0,985.0,885.0,725.0,1096.142857142857,1077.0,1047.2666666666667
2024-05-09,839.0,9.5,3,5,2,2024,130,1206.0,668.0,665.0,725.0,1127.7142857142858,1099.9285714285713,1063.3
2024-05-10,1227.0,10.5,4,5,2,2024,131,839.0,1289.0,825.0,725.0,1152.142857142857,1112.357142857143,1067.1
2024-05-11,1427.0,2.4,5,5,2,2024,132,1227.0,1015.0,1455.0,725.0,1143.2857142857142,1141.0714285714287,1083.8333333333333
2024-05-12,1427.0,0.0,6,5,2,2024,133,1427.0,1015.0,1455.0,1039.0,1202.142857142857,1139.0714285714287,1107.2333333333333
2024-05-13,1427.0,0.0,0,5,2,2024,134,1427.0,1495.0,1135.0,1027.0,1261.0,1137.0714285714287,1120.1666666666667
2024-05-14,1115.0,1.9,1,5,2,2024,135,1427.0,1206.0,985.0,1027.0,1251.2857142857142,1157.9285714285713,1133.5
2024-05-15,1115.0,0.0,2,5,2,2024,136,1115.0,1206.0,985.0,1017.0,1238.2857142857142,1167.2142857142858,1136.4333333333334
2024-05-16,1157.0,5.8,3,5,2,2024,137,1115.0,839.0,668.0,1439.0,1225.2857142857142,1176.5,1139.7
2024-05-17,1157.0,0.0,4,5,2,2024,138,1157.0,1227.0,1289.0,1439.0,1270.7142857142858,1211.4285714285713,1130.3
2024-05-18,1435.0,6.2,5,5,2,2024,139,1157.0,1427.0,1015.0,1025.0,1260.7142857142858,1202.0,1120.9
2024-05-19,1435.0,0.0,6,5,2,2024,140,1435.0,1427.0,1015.0,805.0,1261.857142857143,1232.0,1134.5666666666666
2024-05-20,1435.0,0.0,0,5,2,2024,141,1435.0,1427.0,1495.0,790.0,1263.0,1262.0,1155.5666666666666
2024-05-21,1435.0,0.0,1,5,2,2024,142,1435.0,1115.0,1206.0,790.0,1264.142857142857,1257.7142857142858,1177.0666666666666
2024-05-22,1435.0,0.0,2,5,2,2024,143,1435.0,1115.0,1206.0,1521.0,1309.857142857143,1274.0714285714287,1198.5666666666666
2024-05-23,1435.0,0.0,3,5,2,2024,144,1435.0,1157.0,839.0,1521.0,1355.5714285714287,1290.4285714285713,1195.7
2024-05-24,1466.0,1.8,4,5,2,2024,145,1435.0,1157.0,1227.0,885.0,1395.2857142857142,1333.0,1192.8333333333333
2024-05-25,1466.0,0.0,5,5,2,2024,146,1466.0,1435.0,1427.0,665.0,1439.4285714285713,1350.0714285714287,1212.2
2024-05-26,1466.0,0.0,6,5,2,2024,147,1466.0,1435.0,1427.0,825.0,1443.857142857143,1352.857142857143,1238.9
2024-05-27,1466.0,0.0,0,5,2,2024,148,1466.0,1435.0,1427.0,1455.0,1448.2857142857142,1355.642857142857,1260.2666666666667
2024-05-28,1466.0,0.0,1,5,2,2024,149,1466.0,1435.0,1115.0,1455.0,1452.7142857142858,1358.4285714285713,1260.6333333333334
2024-05-29,1466.0,0.0,2,5,2,2024,150,1466.0,1435.0,1115.0,1135.0,1457.142857142857,1383.5,1261.0
2024-05-30,1466.0,0.0,3,5,2,2024,151,1466.0,1435.0,1157.0,985.0,1461.5714285714287,1408.5714285714287,1272.0333333333333
2024-05-31,966.0,5.8,4,5,2,2024,152,1466.0,1466.0,1157.0,985.0,1466.0,1430.642857142857,1288.0666666666666
2024-06-01,966.0,0.0,5,6,2,2024,153,966.0,1466.0,1435.0,668.0,1394.5714285714287,1417.0,1287.4333333333334
2024-06-02,966.0,0.0,6,6,2,2024,154,966.0,1466.0,1435.0,1289.0,1323.142857142857,1383.5,1297.3666666666666
2024-06-03,966.0,0.0,0,6,2,2024,155,966.0,1466.0,1435.0,1015.0,1251.7142857142858,1350.0,1286.6
2024-06-04,966.0,0.0,1,6,2,2024,156,966.0,1466.0,1435.0,1015.0,1180.2857142857142,1316.5,1284.9666666666667
2024-06-05,966.0,0.0,2,6,2,2024,157,966.0,1466.0,1435.0,1495.0,1108.857142857143,1283.0,1283.3333333333333
2024-06-06,966.0,0.0,3,6,2,2024,158,966.0,1466.0,1435.0,1206.0,1037.4285714285713,1249.5,1265.7
2024-06-07,966.0,0.0,4,6,2,2024,159,966.0,966.0,1466.0,1206.0,966.0,1216.0,1257.7
2024-06-08,966.0,0.0,5,6,2,2024,160,966.0,966.0,1466.0,839.0,966.0,1180.2857142857142,1249.7
2024-06-09,966.0,0.0,6,6,2,2024,161,966.0,966.0,1466.0,1227.0,966.0,1144.5714285714287,1253.9333333333334
2024-06-10,966.0,0.0,0,6,2,2024,162,966.0,966.0,1466.0,1427.0,966.0,1108.857142857143,1245.2333333333333
2024-06-11,966.0,0.0,1,6,2,2024,163,966.0,966.0,1466.0,1427.0,966.0,1073.142857142857,1229.8666666666666
2024-06-12,966.0,0.0,2,6,2,2024,164,966.0,966.0,1466.0,1427.0,966.0,1037.4285714285713,1214.5
2024-06-13,966.0,0.0,3,6,2,2024,165,966.0,966.0,1466.0,1115.0,966.0,1001.7142857142857,1199.1333333333334
2024-06-14,966.0,0.0,4,6,2,2024,166,966.0,966.0,966.0,1115.0,966.0,966.0,1194.1666666666667
2024-06-15,966.0,0.0,5,6,2,2024,167,966.0,966.0,966.0,1157.0,966.0,966.0,1189.2
2024-06-16,966.0,0.0,6,6,2,2024,168,966.0,966.0,966.0,1157.0,966.0,966.0,1182.8333333333333
2024-06-17,966.0,0.0,0,6,2,2024,169,966.0,966.0,966.0,1435.0,966.0,966.0,1176.4666666666667
2024-06-18,1835.0,2.6,1,6,2,2024,170,966.0,966.0,966.0,1435.0,966.0,966.0,1160.8333333333333
2024-06-19,1835.0,0.0,2,6,2,2024,171,1835.0,966.0,966.0,1435.0,1090.142857142857,1028.0714285714287,1174.1666666666667
2024-06-20,1835.0,0.0,3,6,2,2024,172,1835.0,966.0,966.0,1435.0,1214.2857142857142,1090.142857142857,1187.5
2024-06-21,1835.0,0.0,4,6,2,2024,173,1835.0,966.0,966.0,1435.0,1338.4285714285713,1152.2142857142858,1200.8333333333333
2024-06-22,1835.0,0.0,5,6,2,2024,174,1835.0,966.0,966.0,1435.0,1462.5714285714287,1214.2857142857142,1214.1666666666667
2024-06-23,1835.0,0.0,6,6,2,2024,175,1835.0,966.0,966.0,1466.0,1586.7142857142858,1276.357142857143,1227.5
2024-06-24,1835.0,0.0,0,6,2,2024,176,1835.0,966.0,966.0,1466.0,1710.857142857143,1338.4285714285713,1239.8
2024-06-25,1835.0,0.0,1,6,2,2024,177,1835.0,1835.0,966.0,1466.0,1835.0,1400.5,1252.1
2024-06-26,1835.0,0.0,2,6,2,2024,178,1835.0,1835.0,966.0,1466.0,1835.0,1462.5714285714287,1264.4
2024-06-27,1835.0,0.0,3,6,2,2024,179,1835.0,1835.0,966.0,1466.0,1835.0,1524.642857142857,1276.7
2024-06-28,1457.0,1.8,4,6,2,2024,180,1835.0,1835.0,966.0,1466.0,1835.0,1586.7142857142858,1289.0
2024-06-29,1457.0,0.0,5,6,2,2024,181,1457.0,1835.0,966.0,1466.0,1781.0,1621.7857142857142,1288.7
2024-06-30,1457.0,0.0,6,6,2,2024,182,1457.0,1835.0,966.0,966.0,1727.0,1656.857142857143,1288.4
2024-07-01,2387.0,4.5,0,7,3,2024,183,1457.0,1835.0,966.0,966.0,1673.0,1691.9285714285713,1304.7666666666667
2024-07-02,2387.0,0.0,1,7,3,2024,184,2387.0,1835.0,1835.0,966.0,1751.857142857143,1793.4285714285713,1352.1333333333334
2024-07-03,2387.0,0.0,2,7,3,2024,185,2387.0,1835.0,1835.0,966.0,1830.7142857142858,1832.857142857143,1399.5
2024-07-04,2387.0,0.0,3,7,3,2024,186,2387.0,1835.0,1835.0,966.0,1909.5714285714287,1872.2857142857142,1446.8666666666666
2024-07-05,2387.0,0.0,4,7,3,2024,187,2387.0,1457.0,1835.0,966.0,1988.4285714285713,1911.7142857142858,1494.2333333333333
2024-07-06,2387.0,0.0,5,7,3,2024,188,2387.0,1457.0,1835.0,966.0,2121.285714285714,1951.142857142857,1541.6
2024-07-07,2387.0,0.0,6,7,3,2024,189,2387.0,1457.0,1835.0,966.0,2254.1428571428573,1990.5714285714287,1588.9666666666667
2024-07-08,2387.0,0.0,0,7,3,2024,190,2387.0,2387.0,1835.0,966.0,2387.0,2030.0,1636.3333333333333
2024-07-09,2387.0,0.0,1,7,3,2024,191,2387.0,2387.0,1835.0,966.0,2387.0,2069.4285714285716,1683.7
2024-07-10,2387.0,0.0,2,7,3,2024,192,2387.0,2387.0,1835.0,966.0,2387.0,2108.8571428571427,1731.0666666666666
2024-07-11,2387.0,0.0,3,7,3,2024,193,2387.0,2387.0,1835.0,966.0,2387.0,2148.285714285714,1778.4333333333334
2024-07-12,2387.0,0.0,4,7,3,2024,194,2387.0,2387.0,1457.0,966.0,2387.0,2187.714285714286,1825.8
2024-07-13,2387.0,0.0,5,7,3,2024,195,2387.0,2387.0,1457.0,966.0,2387.0,2254.1428571428573,1873.1666666666667
2024-07-14,2387.0,0.0,6,7,3,2024,196,2387.0,2387.0,1457.0,966.0,2387.0,2320.5714285714284,1920.5333333333333
2024-07-15,2387.0,0.0,0,7,3,2024,197,2387.0,2387.0,2387.0,966.0,2387.0,2387.0,1967.9
2024-07-16,2387.0,0.0,1,7,3,2024,198,2387.0,2387.0,2387.0,966.0,2387.0,2387.0,2015.2666666666667
2024-07-17,2387.0,0.0,2,7,3,2024,199,2387.0,2387.0,2387.0,966.0,2387.0,2387.0,2062.633333333333
2024-07-18,2387.0,0.0,3,7,3,2024,200,2387.0,2387.0,2387.0,1835.0,2387.0,2387.0,2110.0
2024-07-19,2387.0,0.0,4,7,3,2024,201,2387.0,2387.0,2387.0,1835.0,2387.0,2387.0,2128.4
2024-07-20,2387.0,0.0,5,7,3,2024,202,2387.0,2387.0,2387.0,1835.0,2387.0,2387.0,2146.8
2024-07-21,2387.0,0.0,6,7,3,2024,203,2387.0,2387.0,2387.0,1835.0,2387.0,2387.0,2165.2
2024-07-22,2525.0,9.0,0,7,3,2024,204,2387.0,2387.0,2387.0,1835.0,2387.0,2387.0,2183.6
2024-07-23,2959.0,2.2,1,7,3,2024,205,2525.0,2387.0,2387.0,1835.0,2406.714285714286,2396.8571428571427,2206.6
2024-07-24,2959.0,0.0,2,7,3,2024,206,2959.0,2387.0,2387.0,1835.0,2488.4285714285716,2437.714285714286,2244.0666666666666
2024-07-25,2959.0,0.0,3,7,3,2024,207,2959.0,2387.0,2387.0,1835.0,2570.1428571428573,2478.5714285714284,2281.5333333333333
2024-07-26,2959.0,0.0,4,7,3,2024,208,2959.0,2387.0,2387.0,1835.0,2651.8571428571427,2519.4285714285716,2319.0
2024-07-27,2887.0,10.3,5,7,3,2024,209,2959.0,2387.0,2387.0,1835.0,2733.5714285714284,2560.285714285714,2356.4666666666667
2024-07-28,2887.0,0.0,6,7,3,2024,210,2887.0,2387.0,2387.0,1457.0,2805.0,2596.0,2391.5333333333333
2024-07-29,2887.0,0.0,0,7,3,2024,211,2887.0,2525.0,2387.0,1457.0,2876.4285714285716,2631.714285714286,2439.2
2024-07-30,2887.0,0.0,1,7,3,2024,212,2887.0,2959.0,2387.0,1457.0,2928.1428571428573,2667.4285714285716,2486.866666666667
2024-07-31,2557.0,3.6,2,7,3,2024,213,2887.0,2959.0,2387.0,2387.0,2917.8571428571427,2703.1428571428573,2534.5333333333333
2024-08-01,2825.0,9.0,3,8,3,2024,214,2557.0,2959.0,2387.0,2387.0,2860.4285714285716,2715.285714285714,2540.2
2024-08-02,2825.0,0.0,4,8,3,2024,215,2825.0,2959.0,2387.0,2387.0,2841.285714285714,2746.5714285714284,2554.8
2024-08-03,2825.0,0.0,5,8,3,2024,216,2825.0,2887.0,2387.0,2387.0,2822.1428571428573,2777.8571428571427,2569.4
2024-08-04,2825.0,0.0,6,8,3,2024,217,2825.0,2887.0,2387.0,2387.0,2813.285714285714,2809.1428571428573,2584.0
2024-08-05,2955.0,11.0,0,8,3,2024,218,2825.0,2887.0,2525.0,2387.0,2804.4285714285716,2840.4285714285716,2598.6
2024-08-06,3075.0,10.6,1,8,3,2024,219,2955.0,2887.0,2959.0,2387.0,2814.1428571428573,2871.1428571428573,2617.5333333333333
2024-08-07,3075.0,0.0,2,8,3,2024,220,3075.0,2557.0,2959.0,2387.0,2841.0,2879.4285714285716,2640.4666666666667
2024-08-08,3075.0,0.0,3,8,3,2024,221,3075.0,2825.0,2959.0,2387.0,2915.0,2887.714285714286,2663.4
2024-08-09,2740.0,11.1,4,8,3,2024,222,3075.0,2825.0,2959.0,2387.0,2950.714285714286,2896.0,2686.3333333333335
2024-08-10,2740.0,0.0,5,8,3,2024,223,2740.0,2825.0,2887.0,2387.0,2938.5714285714284,2880.3571428571427,2698.1
2024-08-11,2740.0,0.0,6,8,3,2024,224,2740.0,2825.0,2887.0,2387.0,2926.4285714285716,2869.8571428571427,2709.866666666667
2024-08-12,3520.0,11.7,0,8,3,2024,225,2740.0,2955.0,2887.0,2387.0,2914.285714285714,2859.3571428571427,2721.633333333333
2024-08-13,3520.0,0.0,1,8,3,2024,226,3520.0,3075.0,2887.0,2387.0,2995.0,2904.5714285714284,2759.4
2024-08-14,3641.0,32.8,2,8,3,2024,227,3520.0,3075.0,2557.0,2387.0,3058.5714285714284,2949.785714285714,2797.1666666666665
2024-08-15,3641.0,0.0,3,8,3,2024,228,3641.0,3075.0,2825.0,2387.0,3139.4285714285716,3027.214285714286,2838.9666666666667
2024-08-16,3641.0,0.0,4,8,3,2024,229,3641.0,2740.0,2825.0,2387.0,3220.285714285714,3085.5,2880.766666666667
2024-08-17,3641.0,0.0,5,8,3,2024,230,3641.0,2740.0,2825.0,2387.0,3349.0,3143.785714285714,2922.5666666666666
2024-08-18,3641.0,0.0,6,8,3,2024,231,3641.0,2740.0,2825.0,2387.0,3477.714285714286,3202.0714285714284,2964.366666666667
2024-08-19,3641.0,0.0,0,8,3,2024,232,3641.0,3520.0,2955.0,2387.0,3606.4285714285716,3260.3571428571427,3006.1666666666665
2024-08-20,3641.0,0.0,1,8,3,2024,233,3641.0,3520.0,3075.0,2387.0,3623.714285714286,3309.3571428571427,3047.9666666666667
2024-08-21,3641.0,0.0,2,8,3,2024,234,3641.0,3641.0,3075.0,2525.0,3641.0,3349.785714285714,3089.766666666667
2024-08-22,3641.0,0.0,3,8,3,2024,235,3641.0,3641.0,3075.0,2959.0,3641.0,3390.214285714286,3126.9666666666667
2024-08-23,3641.0,0.0,4,8,3,2024,236,3641.0,3641.0,2740.0,2959.0,3641.0,3430.6428571428573,3149.7
2024-08-24,3641.0,0.0,5,8,3,2024,237,3641.0,3641.0,2740.0,2959.0,3641.0,3495.0,3172.4333333333334
2024-08-25,3641.0,0.0,6,8,3,2024,238,3641.0,3641.0,2740.0,2959.0,3641.0,3559.3571428571427,3195.1666666666665
2024-08-26,3641.0,0.0,0,8,3,2024,239,3641.0,3641.0,3520.0,2887.0,3641.0,3623.714285714286,3217.9
2024-08-27,3641.0,0.0,1,8,3,2024,240,3641.0,3641.0,3520.0,2887.0,3641.0,3632.3571428571427,3243.0333333333333
2024-08-28,3641.0,0.0,2,8,3,2024,241,3641.0,3641.0,3641.0,2887.0,3641.0,3641.0,3268.1666666666665
2024-08-29,3641.0,0.0,3,8,3,2024,242,3641.0,3641.0,3641.0,2887.0,3641.0,3641.0,3293.3
2024-08-30,3641.0,0.0,4,8,3,2024,243,3641.0,3641.0,3641.0,2557.0,3641.0,3641.0,3318.4333333333334
2024-08-31,3641.0,0.0,5,8,3,2024,244,3641.0,3641.0,3641.0,2825.0,3641.0,3641.0,3354.5666666666666
2024-09-01,3641.0,0.0,6,9,3,2024,245,3641.0,3641.0,3641.0,2825.0,3641.0,3641.0,3381.766666666667
2024-09-02,3641.0,0.0,0,9,3,2024,246,3641.0,3641.0,3641.0,2825.0,3641.0,3641.0,3408.9666666666667
2024-09-03,3641.0,0.0,1,9,3,2024,247,3641.0,3641.0,3641.0,2825.0,3641.0,3641.0,3436.1666666666665
2024-09-04,3641.0,0.0,2,9,3,2024,248,3641.0,3641.0,3641.0,2955.0,3641.0,3641.0,3463.366666666667
2024-09-05,3641.0,0.0,3,9,3,2024,249,3641.0,3641.0,3641.0,3075.0,3641.0,3641.0,3486.233333333333
2024-09-06,3641.0,0.0,4,9,3,2024,250,3641.0,3641.0,3641.0,3075.0,3641.0,3641.0,3505.1
2024-09-07,3641.0,0.0,5,9,3,2024,251,3641.0,3641.0,3641.0,3075.0,3641.0,3641.0,3523.9666666666667
2024-09-08,3641.0,0.0,6,9,3,2024,252,3641.0,3641.0,3641.0,2740.0,3641.0,3641.0,3542.8333333333335
2024-09-09,3641.0,0.0,0,9,3,2024,253,3641.0,3641.0,3641.0,2740.0,3641.0,3641.0,3572.866666666667
2024-09-10,3641.0,0.0,1,9,3,2024,254,3641.0,3641.0,3641.0,2740.0,3641.0,3641.0,3602.9
2024-09-11,3641.0,0.0,2,9,3,2024,255,3641.0,3641.0,3641.0,3520.0,3641.0,3641.0,3632.9333333333334
2024-09-12,3641.0,0.0,3,9,3,2024,256,3641.0,3641.0,3641.0,3520.0,3641.0,3641.0,3636.9666666666667
2024-09-13,3641.0,0.0,4,9,3,2024,257,3641.0,3641.0,3641.0,3641.0,3641.0,3641.0,3641.0
2024-09-14,3641.0,0.0,5,9,3,2024,258,3641.0,3641.0,3641.0,3641.0,3641.0,3641.0,3641.0
2024-09-15,3641.0,0.0,6,9,3,2024,259,3641.0,3641.0,3641.0,3641.0,3641.0,3641.0,3641.0
2024-09-16,3641.0,0.0,0,9,3,2024,260,3641.0,3641.0,3641.0,3641.0,3641.0,3641.0,3641.0
2024-09-17,3641.0,0.0,1,9,3,2024,261,3641.0,3641.0,3641.0,3641.0,3641.0,3641.0,3641.0
2024-09-18,3641.0,0.0,2,9,3,2024,262,3641.0,3641.0,3641.0,3641.0,3641.0,3641.0,3641.0
2024-09-19,3641.0,0.0,3,9,3,2024,263,3641.0,3641.0,3641.0,3641.0,3641.0,3641.0,3641.0
2024-09-20,3641.0,0.0,4,9,3,2024,264,3641.0,3641.0,3641.0,3641.0,3641.0,3641.0,3641.0
2024-09-21,3641.0,0.0,5,9,3,2024,265,3641.0,3641.0,3641.0,3641.0,3641.0,3641.0,3641.0
2024-09-22,3641.0,0.0,6,9,3,2024,266,3641.0,3641.0,3641.0,3641.0,3641.0,3641.0,3641.0
2024-09-23,3641.0,0.0,0,9,3,2024,267,3641.0,3641.0,3641.0,3641.0,3641.0,3641.0,3641.0
2024-09-24,3641.0,0.0,1,9,3,2024,268,3641.0,3641.0,3641.0,3641.0,3641.0,3641.0,3641.0
2024-09-25,3641.0,0.0,2,9,3,2024,269,3641.0,3641.0,3641.0,3641.0,3641.0,3641.0,3641.0
2024-09-26,3641.0,0.0,3,9,3,2024,270,3641.0,3641.0,3641.0,3641.0,3641.0,3641.0,3641.0
2024-09-27,3641.0,0.0,4,9,3,2024,271,3641.0,3641.0,3641.0,3641.0,3641.0,3641.0,3641.0
2024-09-28,3641.0,0.0,5,9,3,2024,272,3641.0,3641.0,3641.0,3641.0,3641.0,3641.0,3641.0
2024-09-29,3641.0,0.0,6,9,3,2024,273,3641.0,3641.0,3641.0,3641.0,3641.0,3641.0,3641.0
2024-09-30,3641.0,0.0,0,9,3,2024,274,3641.0,3641.0,3641.0,3641.0,3641.0,3641.0,3641.0
2024-10-01,3641.0,0.0,1,10,4,2024,275,3641.0,3641.0,3641.0,3641.0,3641.0,3641.0,3641.0
2024-10-02,3641.0,0.0,2,10,4,2024,276,3641.0,3641.0,3641.0,3641.0,3641.0,3641.0,3641.0
2024-10-03,3641.0,0.0,3,10,4,2024,277,3641.0,3641.0,3641.0,3641.0,3641.0,3641.0,3641.0
2024-10-04,3641.0,0.0,4,10,4,2024,278,3641.0,3641.0,3641.0,3641.0,3641.0,3641.0,3641.0
2024-10-05,3641.0,0.0,5,10,4,2024,279,3641.0,3641.0,3641.0,3641.0,3641.0,3641.0,3641.0
2024-10-06,3641.0,0.0,6,10,4,2024,280,3641.0,3641.0,3641.0,3641.0,3641.0,3641.0,3641.0
2024-10-07,3641.0,0.0,0,10,4,2024,281,3641.0,3641.0,3641.0,3641.0,3641.0,3641.0,3641.0
2024-10-08,3641.0,0.0,1,10,4,2024,282,3641.0,3641.0,3641.0,3641.0,3641.0,3641.0,3641.0
2024-10-09,3641.0,0.0,2,10,4,2024,283,3641.0,3641.0,3641.0,3641.0,3641.0,3641.0,3641.0
2024-10-10,3641.0,0.0,3,10,4,2024,284,3641.0,3641.0,3641.0,3641.0,3641.0,3641.0,3641.0
2024-10-11,3641.0,0.0,4,10,4,2024,285,3641.0,3641.0,3641.0,3641.0,3641.0,3641.0,3641.0
2024-10-12,3641.0,0.0,5,10,4,2024,286,3641.0,3641.0,3641.0,3641.0,3641.0,3641.0,3641.0
2024-10-13,3641.0,0.0,6,10,4,2024,287,3641.0,3641.0,3641.0,3641.0,3641.0,3641.0,3641.0
2024-10-14,3641.0,0.0,0,10,4,2024,288,3641.0,3641.0,3641.0,3641.0,3641.0,3641.0,3641.0
2024-10-15,3641.0,0.0,1,10,4,2024,289,3641.0,3641.0,3641.0,3641.0,3641.0,3641.0,3641.0
2024-10-16,3641.0,0.0,2,10,4,2024,290,3641.0,3641.0,3641.0,3641.0,3641.0,3641.0,3641.0
2024-10-17,3641.0,0.0,3,10,4,2024,291,3641.0,3641.0,3641.0,3641.0,3641.0,3641.0,3641.0
2024-10-18,3641.0,0.0,4,10,4,2024,292,3641.0,3641.0,3641.0,3641.0,3641.0,3641.0,3641.0
2024-10-19,3641.0,0.0,5,10,4,2024,293,3641.0,3641.0,3641.0,3641.0,3641.0,3641.0,3641.0
2024-10-20,3641.0,0.0,6,10,4,2024,294,3641.0,3641.0,3641.0,3641.0,3641.0,3641.0,3641.0
2024-10-21,3641.0,0.0,0,10,4,2024,295,3641.0,3641.0,3641.0,3641.0,3641.0,3641.0,3641.0
2024-10-22,3641.0,0.0,1,10,4,2024,296,3641.0,3641.0,3641.0,3641.0,3641.0,3641.0,3641.0
2024-10-23,3641.0,0.0,2,10,4,2024,297,3641.0,3641.0,3641.0,3641.0,3641.0,3641.0,3641.0
2024-10-24,3641.0,0.0,3,10,4,2024,298,3641.0,3641.0,3641.0,3641.0,3641.0,3641.0,3641.0
2024-10-25,3641.0,0.0,4,10,4,2024,299,3641.0,3641.0,3641.0,3641.0,3641.0,3641.0,3641.0
2024-10-26,3641.0,0.0,5,10,4,2024,300,3641.0,3641.0,3641.0,3641.0,3641.0,3641.0,3641.0
2024-10-27,3641.0,0.0,6,10,4,2024,301,3641.0,3641.0,3641.0,3641.0,3641.0,3641.0,3641.0
2024-10-28,3641.0,0.0,0,10,4,2024,302,3641.0,3641.0,3641.0,3641.0,3641.0,3641.0,3641.0
2024-10-29,3641.0,0.0,1,10,4,2024,303,3641.0,3641.0,3641.0,3641.0,3641.0,3641.0,3641.0
2024-10-30,3641.0,0.0,2,10,4,2024,304,3641.0,3641.0,3641.0,3641.0,3641.0,3641.0,3641.0
2024-10-31,3641.0,0.0,3,10,4,2024,305,3641.0,3641.0,3641.0,3641.0,3641.0,3641.0,3641.0
2024-11-01,3641.0,0.0,4,11,4,2024,306,3641.0,3641.0,3641.0,3641.0,3641.0,3641.0,3641.0
2024-11-02,3641.0,0.0,5,11,4,2024,307,3641.0,3641.0,3641.0,3641.0,3641.0,3641.0,3641.0
2024-11-03,3641.0,0.0,6,11,4,2024,308,3641.0,3641.0,3641.0,3641.0,3641.0,3641.0,3641.0
2024-11-04,3641.0,0.0,0,11,4,2024,309,3641.0,3641.0,3641.0,3641.0,3641.0,3641.0,3641.0
2024-11-05,3641.0,0.0,1,11,4,2024,310,3641.0,3641.0,3641.0,3641.0,3641.0,3641.0,3641.0
2024-11-06,3641.0,0.0,2,11,4,2024,311,3641.0,3641.0,3641.0,3641.0,3641.0,3641.0,3641.0
2024-11-07,3641.0,0.0,3,11,4,2024,312,3641.0,3641.0,3641.0,3641.0,3641.0,3641.0,3641.0
2024-11-08,3641.0,0.0,4,11,4,2024,313,3641.0,3641.0,3641.0,3641.0,3641.0,3641.0,3641.0
2024-11-09,3641.0,0.0,5,11,4,2024,314,3641.0,3641.0,3641.0,3641.0,3641.0,3641.0,3641.0
2024-11-10,3641.0,0.0,6,11,4,2024,315,3641.0,3641.0,3641.0,3641.0,3641.0,3641.0,3641.0
2024-11-11,3641.0,0.0,0,11,4,2024,316,3641.0,3641.0,3641.0,3641.0,3641.0,3641.0,3641.0
2024-11-12,3641.0,0.0,1,11,4,2024,317,3641.0,3641.0,3641.0,3641.0,3641.0,3641.0,3641.0
2024-11-13,3641.0,0.0,2,11,4,2024,318,3641.0,3641.0,3641.0,3641.0,3641.0,3641.0,3641.0
2024-11-14,3641.0,0.0,3,11,4,2024,319,3641.0,3641.0,3641.0,3641.0,3641.0,3641.0,3641.0
2024-11-15,3641.0,0.0,4,11,4,2024,320,3641.0,3641.0,3641.0,3641.0,3641.0,3641.0,3641.0
2024-11-16,3641.0,0.0,5,11,4,2024,321,3641.0,3641.0,3641.0,3641.0,3641.0,3641.0,3641.0
2024-11-17,3641.0,0.0,6,11,4,2024,322,3641.0,3641.0,3641.0,3641.0,3641.0,3641.0,3641.0
2024-11-18,3641.0,0.0,0,11,4,2024,323,3641.0,3641.0,3641.0,3641.0,3641.0,3641.0,3641.0
2024-11-19,3641.0,0.0,1,11,4,2024,324,3641.0,3641.0,3641.0,3641.0,3641.0,3641.0,3641.0
2024-11-20,3641.0,0.0,2,11,4,2024,325,3641.0,3641.0,3641.0,3641.0,3641.0,3641.0,3641.0
2024-11-21,3641.0,0.0,3,11,4,2024,326,3641.0,3641.0,3641.0,3641.0,3641.0,3641.0,3641.0
2024-11-22,3641.0,0.0,4,11,4,2024,327,3641.0,3641.0,3641.0,3641.0,3641.0,3641.0,3641.0
2024-11-23,3641.0,0.0,5,11,4,2024,328,3641.0,3641.0,3641.0,3641.0,3641.0,3641.0,3641.0
2024-11-24,3641.0,0.0,6,11,4,2024,329,3641.0,3641.0,3641.0,3641.0,3641.0,3641.0,3641.0
2024-11-25,3286.0,402.8,0,11,4,2024,330,3641.0,3641.0,3641.0,3641.0,3641.0,3641.0,3641.0
2024-11-26,3286.0,0.0,1,11,4,2024,331,3286.0,3641.0,3641.0,3641.0,3590.285714285714,3615.6428571428573,3629.1666666666665
2024-11-27,3691.0,234.0,2,11,4,2024,332,3286.0,3641.0,3641.0,3641.0,3539.5714285714284,3590.285714285714,3617.3333333333335
2024-11-28,4118.0,142.3,3,11,4,2024,333,3691.0,3641.0,3641.0,3641.0,3546.714285714286,3593.8571428571427,3619.0
2024-11-29,3519.0,171.8,4,11,4,2024,334,4118.0,3641.0,3641.0,3641.0,3614.8571428571427,3627.9285714285716,3634.9
2024-11-30,3519.0,0.0,5,11,4,2024,335,3519.0,3641.0,3641.0,3641.0,3597.4285714285716,3619.214285714286,3630.8333333333335
2024-12-01,3519.0,0.0,6,12,4,2024,336,3519.0,3641.0,3641.0,3641.0,3580.0,3610.5,3626.766666666667
2024-12-02,3814.0,144.6,0,12,4,2024,337,3519.0,3286.0,3641.0,3641.0,3562.5714285714284,3601.785714285714,3622.7
2024-12-03,4059.0,105.0,1,12,4,2024,338,3814.0,3286.0,3641.0,3641.0,3638.0,3614.1428571428573,3628.4666666666667
2024-12-04,3359.0,41.5,2,12,4,2024,339,4059.0,3691.0,3641.0,3641.0,3748.4285714285716,3644.0,3642.4
2024-12-05,3359.0,0.0,3,12,4,2024,340,3359.0,4118.0,3641.0,3641.0,3701.0,3623.8571428571427,3633.0
2024-12-06,3359.0,0.0,4,12,4,2024,341,3359.0,3519.0,3641.0,3641.0,3592.5714285714284,3603.714285714286,3623.6
2024-12-07,3359.0,0.0,5,12,4,2024,342,3359.0,3519.0,3641.0,3641.0,3569.714285714286,3583.5714285714284,3614.2
2024-12-08,3359.0,0.0,6,12,4,2024,343,3359.0,3519.0,3641.0,3641.0,3546.8571428571427,3563.4285714285716,3604.8
2024-12-09,3359.0,0.0,0,12,4,2024,344,3359.0,3814.0,3286.0,3641.0,3524.0,3543.285714285714,3595.4
2024-12-10,3201.0,172.7,1,12,4,2024,345,3359.0,4059.0,3286.0,3641.0,3459.0,3548.5,3586.0
2024-12-11,3389.0,85.5,2,12,4,2024,346,3201.0,3359.0,3691.0,3641.0,3336.4285714285716,3542.4285714285716,3571.3333333333335
2024-12-12,4211.0,101.7,3,12,4,2024,347,3389.0,3359.0,4118.0,3641.0,3340.714285714286,3520.8571428571427,3562.9333333333334
2024-12-13,2818.0,142.0,4,12,4,2024,348,4211.0,3359.0,3519.0,3641.0,3462.4285714285716,3527.5,3581.9333333333334
2024-12-14,2229.0,115.0,5,12,4,2024,349,2818.0,3359.0,3519.0,3641.0,3385.1428571428573,3477.4285714285716,3554.5
2024-12-15,2229.0,0.0,6,12,4,2024,350,2229.0,3359.0,3519.0,3641.0,3223.714285714286,3385.285714285714,3507.4333333333334
2024-12-16,2255.0,132.4,0,12,4,2024,351,2229.0,3359.0,3814.0,3641.0,3062.285714285714,3293.1428571428573,3460.366666666667
2024-12-17,2185.0,68.9,1,12,4,2024,352,2255.0,3201.0,4059.0,3641.0,2904.5714285714284,3181.785714285714,3414.1666666666665
2024-12-18,2195.0,57.8,2,12,4,2024,353,2185.0,3389.0,3359.0,3641.0,2759.4285714285716,3047.9285714285716,3365.633333333333
2024-12-19,2545.0,64.3,3,12,4,2024,354,2195.0,4211.0,3359.0,3641.0,2588.8571428571427,2964.785714285714,3317.4333333333334
2024-12-20,2459.0,71.4,4,12,4,2024,355,2545.0,2818.0,3359.0,3641.0,2350.8571428571427,2906.6428571428573,3280.9
2024-12-21,1895.0,89.0,5,12,4,2024,356,2459.0,2229.0,3359.0,3641.0,2299.5714285714284,2842.3571428571427,3241.5
2024-12-22,1895.0,0.0,6,12,4,2024,357,1895.0,2229.0,3359.0,3641.0,2251.8571428571427,2737.785714285714,3183.3
2024-12-23,2931.0,55.4,0,12,4,2024,358,1895.0,2255.0,3359.0,3641.0,2204.1428571428573,2633.214285714286,3125.1
2024-12-24,2729.0,41.9,1,12,4,2024,359,2931.0,2185.0,3201.0,3641.0,2300.714285714286,2602.6428571428573,3101.4333333333334
2024-12-25,2729.0,0.0,2,12,4,2024,360,2729.0,2195.0,3389.0,3286.0,2378.4285714285716,2568.9285714285716,3071.0333333333333
2024-12-26,2275.0,70.2,3,12,4,2024,361,2729.0,2545.0,4211.0,3286.0,2454.714285714286,2521.785714285714,3052.4666666666667
2024-12-27,2275.0,0.0,4,12,4,2024,362,2275.0,2459.0,2818.0,3691.0,2416.1428571428573,2383.5,3018.766666666667
2024-12-28,2339.0,29.3,5,12,4,2024,363,2275.0,1895.0,2229.0,4118.0,2389.8571428571427,2344.714285714286,2971.5666666666666
2024-12-29,2339.0,0.0,6,12,4,2024,364,2339.0,1895.0,2229.0,3519.0,2453.285714285714,2352.5714285714284,2912.266666666667
2024-12-30,2339.0,0.0,0,12,4,2024,365,2339.0,2931.0,2255.0,3519.0,2516.714285714286,2360.4285714285716,2872.9333333333334
2024-12-31,2249.0,45.4,1,12,4,2024,366,2339.0,2729.0,2185.0,3519.0,2432.1428571428573,2366.4285714285716,2833.6
2025-01-01,2249.0,0.0,2,1,1,2025,1,2249.0,2729.0,2195.0,3814.0,2363.5714285714284,2371.0,2791.266666666667
2025-01-02,2249.0,0.0,3,1,1,2025,2,2249.0,2275.0,2545.0,4059.0,2295.0,2374.8571428571427,2739.1
2025-01-03,2249.0,0.0,4,1,1,2025,3,2249.0,2275.0,2459.0,3359.0,2291.285714285714,2353.714285714286,2678.766666666667
2025-01-04,2249.0,0.0,5,1,1,2025,4,2249.0,2339.0,1895.0,3359.0,2287.5714285714284,2338.714285714286,2641.766666666667
2025-01-05,2249.0,0.0,6,1,1,2025,5,2249.0,2339.0,1895.0,3359.0,2274.714285714286,2364.0,2604.766666666667
2025-01-06,2459.0,36.6,0,1,1,2025,6,2249.0,2339.0,2931.0,3359.0,2261.8571428571427,2389.285714285714,2567.766666666667
2025-01-07,2385.0,66.0,1,1,1,2025,7,2459.0,2249.0,2729.0,3359.0,2279.0,2355.5714285714284,2537.766666666667
2025-01-08,2250.0,64.7,2,1,1,2025,8,2385.0,2249.0,2729.0,3359.0,2298.4285714285716,2331.0,2505.3
2025-01-09,1885.0,112.7,3,1,1,2025,9,2250.0,2249.0,2275.0,3201.0,2298.5714285714284,2296.785714285714,2468.3333333333335
2025-01-10,1625.0,125.6,4,1,1,2025,10,1885.0,2249.0,2275.0,3389.0,2246.5714285714284,2268.9285714285716,2424.4666666666667
2025-01-11,1639.0,86.8,5,1,1,2025,11,1625.0,2249.0,2339.0,4211.0,2157.4285714285716,2222.5,2365.6666666666665
2025-01-12,1639.0,0.0,6,1,1,2025,12,1639.0,2249.0,2339.0,2818.0,2070.285714285714,2172.5,2279.9333333333334
2025-01-13,1639.0,0.0,0,1,1,2025,13,1639.0,2459.0,2339.0,2229.0,1983.142857142857,2122.5,2240.633333333333
2025-01-14,1639.0,0.0,1,1,1,2025,14,1639.0,2385.0,2249.0,2229.0,1866.0,2072.5,2220.9666666666667
2025-01-15,1639.0,0.0,2,1,1,2025,15,1639.0,2250.0,2249.0,2255.0,1759.4285714285713,2028.9285714285713,2201.3
2025-01-16,2359.0,9.8,3,1,1,2025,16,1639.0,1885.0,2249.0,2185.0,1672.142857142857,1985.357142857143,2180.766666666667
2025-01-17,1795.0,16.9,4,1,1,2025,17,2359.0,1625.0,2249.0,2195.0,1739.857142857143,1993.2142857142858,2186.5666666666666
2025-01-18,2389.0,29.2,5,1,1,2025,18,1795.0,1639.0,2249.0,2545.0,1764.142857142857,1960.7857142857142,2173.233333333333
2025-01-19,2389.0,0.0,6,1,1,2025,19,2389.0,1639.0,2249.0,2459.0,1871.2857142857142,1970.7857142857142,2168.0333333333333
2025-01-20,2237.0,76.4,0,1,1,2025,20,2389.0,1639.0,2459.0,1895.0,1978.4285714285713,1980.7857142857142,2165.7
2025-01-21,1845.0,55.4,1,1,1,2025,21,2237.0,1639.0,2385.0,1895.0,2063.8571428571427,1964.9285714285713,2177.1
2025-01-22,2467.0,24.0,2,1,1,2025,22,1845.0,1639.0,2250.0,2931.0,2093.285714285714,1926.357142857143,2175.4333333333334
2025-01-23,2309.0,46.0,3,1,1,2025,23,2467.0,2359.0,1885.0,2729.0,2211.5714285714284,1941.857142857143,2159.9666666666667
2025-01-24,2315.0,50.4,4,1,1,2025,24,2309.0,1795.0,1625.0,2729.0,2204.4285714285716,1972.142857142857,2145.9666666666667
2025-01-25,2289.0,79.8,5,1,1,2025,25,2315.0,2389.0,1639.0,2275.0,2278.714285714286,2021.4285714285713,2132.1666666666665
2025-01-26,2289.0,0.0,6,1,1,2025,26,2289.0,2389.0,1639.0,2275.0,2264.4285714285716,2067.8571428571427,2132.633333333333
2025-01-27,2137.0,167.9,0,1,1,2025,27,2289.0,2237.0,1639.0,2339.0,2250.1428571428573,2114.285714285714,2133.1
2025-01-28,1587.0,164.0,1,1,1,2025,28,2137.0,1845.0,1639.0,2339.0,2235.8571428571427,2149.8571428571427,2126.366666666667
2025-01-29,1587.0,0.0,2,1,1,2025,29,1587.0,2467.0,1639.0,2339.0,2199.0,2146.1428571428573,2101.3
2025-01-30,1510.0,181.8,3,1,1,2025,30,1587.0,2309.0,2359.0,2249.0,2073.285714285714,2142.4285714285716,2076.233333333333
2025-01-31,1630.0,204.6,4,1,1,2025,31,1510.0,2315.0,1795.0,2249.0,1959.142857142857,2081.785714285714,2051.6
2025-02-01,1287.0,216.6,5,2,1,2025,32,1630.0,2289.0,2389.0,2249.0,1861.2857142857142,2070.0,2030.9666666666667
2025-02-02,1287.0,0.0,6,2,1,2025,33,1287.0,2289.0,2389.0,2249.0,1718.142857142857,1991.2857142857142,1998.9
2025-02-03,1644.0,150.7,0,2,1,2025,34,1287.0,2137.0,2237.0,2249.0,1575.0,1912.5714285714287,1966.8333333333333
2025-02-04,1350.0,242.5,1,2,1,2025,35,1644.0,1587.0,1845.0,2249.0,1504.5714285714287,1870.2142857142858,1946.6666666666667
2025-02-05,1619.0,137.7,2,2,1,2025,36,1350.0,1587.0,2467.0,2459.0,1470.7142857142858,1834.857142857143,1916.7
2025-02-06,1591.0,178.7,3,2,1,2025,37,1619.0,1510.0,2309.0,2385.0,1475.2857142857142,1774.2857142857142,1888.7
2025-02-07,1809.0,101.0,4,2,1,2025,38,1591.0,1630.0,2315.0,2250.0,1486.857142857143,1723.0,1862.2333333333333
2025-02-08,2449.0,72.2,5,2,1,2025,39,1809.0,1287.0,2289.0,1885.0,1512.4285714285713,1686.857142857143,1847.5333333333333
2025-02-09,2449.0,0.0,6,2,1,2025,40,2449.0,1287.0,2289.0,1625.0,1678.4285714285713,1698.2857142857142,1866.3333333333333
2025-02-10,2369.0,60.3,0,2,1,2025,41,2449.0,1644.0,2137.0,1639.0,1844.4285714285713,1709.7142857142858,1893.8
2025-02-11,2245.0,74.3,1,2,1,2025,42,2369.0,1350.0,1587.0,1639.0,1948.0,1726.2857142857142,1918.1333333333334
2025-02-12,2614.0,88.0,2,2,1,2025,43,2245.0,1619.0,1587.0,1639.0,2075.8571428571427,1773.2857142857142,1938.3333333333333
2025-02-13,2819.0,159.4,3,2,1,2025,44,2614.0,1591.0,1510.0,1639.0,2218.0,1846.642857142857,1970.8333333333333
2025-02-14,2404.0,233.3,4,2,1,2025,45,2819.0,1809.0,1630.0,1639.0,2393.4285714285716,1940.142857142857,2010.1666666666667
2025-02-15,2539.0,188.1,5,2,1,2025,46,2404.0,2449.0,1287.0,2359.0,2478.4285714285716,1995.4285714285713,2035.6666666666667
2025-02-16,2539.0,0.0,6,2,1,2025,47,2539.0,2449.0,1287.0,1795.0,2491.285714285714,2084.8571428571427,2041.6666666666667
2025-02-17,2389.0,170.6,0,2,1,2025,48,2539.0,2369.0,1644.0,2389.0,2504.1428571428573,2174.285714285714,2066.4666666666667
2025-02-18,1714.0,198.5,1,2,1,2025,49,2389.0,2245.0,1350.0,2389.0,2507.0,2227.5,2066.4666666666667
2025-02-19,2469.0,190.0,2,2,1,2025,50,1714.0,2614.0,1619.0,2237.0,2431.1428571428573,2253.5,2043.9666666666667
2025-02-20,1670.0,296.7,3,2,1,2025,51,2469.0,2819.0,1591.0,1845.0,2410.4285714285716,2314.214285714286,2051.7
2025-02-21,1560.0,204.3,4,2,1,2025,52,1670.0,2404.0,1809.0,2467.0,2246.285714285714,2319.8571428571427,2045.8666666666666
2025-02-22,2214.0,188.7,5,2,1,2025,53,1560.0,2539.0,2449.0,2309.0,2125.714285714286,2302.0714285714284,2015.6333333333334
2025-02-23,2214.0,0.0,6,2,1,2025,54,2214.0,2539.0,2449.0,2315.0,2079.285714285714,2285.285714285714,2012.4666666666667
2025-02-24,2014.0,347.4,0,2,1,2025,55,2214.0,2389.0,2369.0,2289.0,2032.857142857143,2268.5,2009.1
2025-02-25,1687.0,279.2,1,2,1,2025,56,2014.0,1714.0,2245.0,2289.0,1979.2857142857142,2243.1428571428573,1999.9333333333334
2025-02-26,1687.0,0.0,2,2,1,2025,57,1687.0,2469.0,2614.0,2137.0,1975.4285714285713,2203.285714285714,1979.8666666666666
2025-02-27,1687.0,0.0,3,2,1,2025,58,1687.0,1670.0,2819.0,1587.0,1863.7142857142858,2137.0714285714284,1964.8666666666666
2025-02-28,1831.0,73.8,4,2,1,2025,59,1687.0,1560.0,2404.0,1587.0,1866.142857142857,2056.214285714286,1968.2
2025-03-01,2091.0,122.8,5,3,1,2025,60,1831.0,2214.0,2539.0,1510.0,1904.857142857143,2015.2857142857142,1976.3333333333333
2025-03-02,2091.0,0.0,6,3,1,2025,61,2091.0,2214.0,2539.0,1630.0,1887.2857142857142,1983.2857142857142,1995.7
2025-03-03,2289.0,142.6,0,3,1,2025,62,2091.0,2014.0,2389.0,1287.0,1869.7142857142858,1951.2857142857142,2011.0666666666666
2025-03-04,1760.0,210.7,1,3,1,2025,63,2289.0,1687.0,1714.0,1287.0,1909.0,1944.142857142857,2044.4666666666667
2025-03-05,1721.0,254.4,2,3,1,2025,64,1760.0,1687.0,2469.0,1644.0,1919.4285714285713,1947.4285714285713,2060.233333333333
2025-03-06,1585.0,221.0,3,3,1,2025,65,1721.0,1687.0,1670.0,1350.0,1924.2857142857142,1894.0,2062.8
2025-03-07,1440.0,318.2,4,3,1,2025,66,1585.0,1831.0,1560.0,1619.0,1909.7142857142858,1887.9285714285713,2070.633333333333
2025-03-08,1290.0,350.7,5,3,1,2025,67,1440.0,2091.0,2214.0,1591.0,1853.857142857143,1879.357142857143,2064.6666666666665
2025-03-09,1290.0,0.0,6,3,1,2025,68,1290.0,2091.0,2214.0,1809.0,1739.4285714285713,1813.357142857143,2054.633333333333
2025-03-10,1187.0,287.3,0,3,1,2025,69,1290.0,2289.0,2014.0,2449.0,1625.0,1747.357142857143,2037.3333333333333
2025-03-11,860.0,300.3,1,3,1,2025,70,1187.0,1760.0,1687.0,2449.0,1467.5714285714287,1688.2857142857142,1995.2666666666667
2025-03-12,995.0,186.6,2,3,1,2025,71,860.0,1721.0,1687.0,2369.0,1339.0,1629.2142857142858,1942.3
2025-03-13,1287.0,194.0,3,3,1,2025,72,995.0,1585.0,1687.0,2245.0,1235.2857142857142,1579.7857142857142,1896.5
2025-03-14,1287.0,0.0,4,3,1,2025,73,1287.0,1440.0,1831.0,2614.0,1192.7142857142858,1551.2142857142858,1864.5666666666666
2025-03-15,744.0,113.9,5,3,1,2025,74,1287.0,1290.0,2091.0,2819.0,1170.857142857143,1512.357142857143,1820.3333333333333
2025-03-16,744.0,0.0,6,3,1,2025,75,744.0,1290.0,2091.0,2404.0,1092.857142857143,1416.142857142857,1751.1666666666667
2025-03-17,1135.0,63.0,0,3,1,2025,76,744.0,1187.0,2289.0,2539.0,1014.8571428571429,1319.9285714285713,1695.8333333333333
2025-03-18,1105.0,56.3,1,3,1,2025,77,1135.0,860.0,1760.0,2539.0,1007.4285714285714,1237.5,1649.0333333333333
2025-03-19,1285.0,63.1,2,3,1,2025,78,1105.0,995.0,1721.0,2389.0,1042.4285714285713,1190.7142857142858,1601.2333333333333
2025-03-20,1150.0,99.7,3,3,1,2025,79,1285.0,1287.0,1585.0,1714.0,1083.857142857143,1159.5714285714287,1564.4333333333334
2025-03-21,1155.0,106.1,4,3,1,2025,80,1150.0,1287.0,1440.0,2469.0,1064.2857142857142,1128.5,1545.6333333333334
2025-03-22,1155.0,0.0,5,3,1,2025,81,1155.0,744.0,1290.0,1670.0,1045.4285714285713,1108.142857142857,1501.8333333333333
2025-03-23,1155.0,0.0,6,3,1,2025,82,1155.0,744.0,1290.0,1560.0,1104.142857142857,1098.5,1484.6666666666667
2025-03-24,895.0,242.4,0,3,1,2025,83,1155.0,1135.0,1187.0,2214.0,1162.857142857143,1088.857142857143,1471.1666666666667
2025-03-25,1254.0,131.7,1,3,1,2025,84,895.0,1105.0,860.0,2214.0,1128.5714285714287,1068.0,1427.2
2025-03-26,1162.0,172.7,2,3,1,2025,85,1254.0,1285.0,995.0,2014.0,1149.857142857143,1096.142857142857,1395.2
2025-03-27,1090.0,175.7,3,3,1,2025,86,1162.0,1150.0,1287.0,1687.0,1132.2857142857142,1108.0714285714287,1366.8
2025-03-28,1090.0,0.0,4,3,1,2025,87,1090.0,1155.0,1287.0,1687.0,1123.7142857142858,1094.0,1346.9
2025-03-29,1090.0,0.0,5,3,1,2025,88,1090.0,1155.0,744.0,1687.0,1114.4285714285713,1079.9285714285713,1327.0
2025-03-30,1090.0,0.0,6,3,1,2025,89,1090.0,1155.0,744.0,1831.0,1105.142857142857,1104.642857142857,1307.1
2025-03-31,1090.0,0.0,0,3,1,2025,90,1090.0,895.0,1135.0,2091.0,1095.857142857143,1129.357142857143,1282.4
2025-04-01,1090.0,0.0,1,4,2,2025,91,1090.0,1254.0,1105.0,2091.0,1123.7142857142858,1126.142857142857,1249.0333333333333
2025-04-02,1087.0,26.8,2,4,2,2025,92,1090.0,1162.0,1285.0,2289.0,1100.2857142857142,1125.0714285714287,1215.6666666666667
2025-04-03,1339.0,85.1,3,4,2,2025,93,1087.0,1090.0,1150.0,1760.0,1089.5714285714287,1110.9285714285713,1175.6
2025-04-04,860.0,143.3,4,4,2,2025,94,1339.0,1090.0,1155.0,1721.0,1125.142857142857,1124.4285714285713,1161.5666666666666
2025-04-05,860.0,0.0,5,4,2,2025,95,860.0,1090.0,1155.0,1585.0,1092.2857142857142,1103.357142857143,1132.8666666666666
2025-04-06,860.0,0.0,6,4,2,2025,96,860.0,1090.0,1155.0,1440.0,1059.4285714285713,1082.2857142857142,1108.7
2025-04-07,1059.0,153.8,0,4,2,2025,97,860.0,1090.0,895.0,1290.0,1026.5714285714287,1061.2142857142858,1089.3666666666666
2025-04-08,887.0,159.9,1,4,2,2025,98,1059.0,1090.0,1254.0,1290.0,1022.1428571428571,1072.9285714285713,1081.6666666666667
2025-04-09,909.0,171.0,2,4,2,2025,99,887.0,1087.0,1162.0,1187.0,993.1428571428571,1046.7142857142858,1068.2333333333333
2025-04-10,818.0,155.6,3,4,2,2025,100,909.0,1339.0,1090.0,860.0,967.7142857142857,1028.642857142857,1058.9666666666667
2025-04-11,859.0,139.8,4,4,2,2025,101,818.0,860.0,1090.0,995.0,893.2857142857143,1009.2142857142857,1057.5666666666666
2025-04-12,652.0,121.7,5,4,2,2025,102,859.0,860.0,1090.0,1287.0,893.1428571428571,992.7142857142857,1053.0333333333333
2025-04-13,652.0,0.0,6,4,2,2025,103,652.0,860.0,1090.0,1287.0,863.4285714285714,961.4285714285714,1031.8666666666666
2025-04-14,652.0,0.0,0,4,2,2025,104,652.0,1059.0,1090.0,744.0,833.7142857142857,930.1428571428571,1010.7
2025-04-15,860.0,91.4,1,4,2,2025,105,652.0,887.0,1090.0,744.0,775.5714285714286,898.8571428571429,1007.6333333333333
2025-04-16,735.0,70.0,2,4,2,2025,106,860.0,909.0,1087.0,1135.0,771.7142857142857,882.4285714285714,1011.5
2025-04-17,755.0,47.0,3,4,2,2025,107,735.0,818.0,1339.0,1105.0,746.8571428571429,857.2857142857143,998.1666666666666
2025-04-18,755.0,0.0,4,4,2,2025,108,755.0,859.0,860.0,1285.0,737.8571428571429,815.5714285714286,986.5
2025-04-19,859.0,56.6,5,4,2,2025,109,755.0,652.0,860.0,1150.0,723.0,808.0714285714286,968.8333333333334
2025-04-20,859.0,0.0,6,4,2,2025,110,859.0,652.0,860.0,1155.0,752.5714285714286,808.0,959.1333333333333
2025-04-21,1119.0,30.3,0,4,2,2025,111,859.0,652.0,1059.0,1155.0,782.1428571428571,807.9285714285714,949.2666666666667
2025-04-22,1127.0,39.4,1,4,2,2025,112,1119.0,860.0,887.0,1155.0,848.8571428571429,812.2142857142857,948.0666666666667
2025-04-23,737.0,44.0,2,4,2,2025,113,1127.0,735.0,909.0,895.0,887.0,829.3571428571429,947.1333333333333
2025-04-24,825.0,32.3,3,4,2,2025,114,737.0,755.0,818.0,1254.0,887.2857142857143,817.0714285714286,941.8666666666667
2025-04-25,1065.0,21.1,4,4,2,2025,115,825.0,755.0,859.0,1162.0,897.2857142857143,817.5714285714286,927.5666666666667
2025-04-26,1065.0,0.0,5,4,2,2025,116,1065.0,859.0,652.0,1090.0,941.5714285714286,832.2857142857143,924.3333333333334
2025-04-27,1065.0,0.0,6,4,2,2025,117,1065.0,859.0,652.0,1090.0,971.0,861.7857142857143,923.5
2025-04-28,770.0,43.8,0,4,2,2025,118,1065.0,1119.0,652.0,1090.0,1000.4285714285714,891.2857142857143,922.6666666666666
2025-04-29,697.0,22.9,1,4,2,2025,119,770.0,1127.0,860.0,1090.0,950.5714285714286,899.7142857142857,912.0
2025-04-30,845.0,50.2,2,4,2,2025,120,697.0,737.0,735.0,1090.0,889.1428571428571,888.0714285714286,898.9
2025-05-01,845.0,0.0,3,5,2,2025,121,845.0,825.0,755.0,1090.0,904.5714285714286,895.9285714285714,890.7333333333333
2025-05-02,1079.0,32.7,4,5,2,2025,122,845.0,1065.0,755.0,1087.0,907.4285714285714,902.3571428571429,882.5666666666667
2025-05-03,859.0,19.8,5,5,2,2025,123,1079.0,1065.0,859.0,1339.0,909.4285714285714,925.5,882.3
2025-05-04,859.0,0.0,6,5,2,2025,124,859.0,1065.0,859.0,860.0,880.0,925.5,866.3
2025-05-05,867.0,29.9,0,5,2,2025,125,859.0,770.0,1119.0,860.0,850.5714285714286,925.5,866.2666666666667
2025-05-06,739.0,38.9,1,5,2,2025,126,867.0,697.0,1127.0,860.0,864.4285714285714,907.5,866.5
2025-05-07,860.0,11.4,2,5,2,2025,127,739.0,845.0,737.0,1059.0,870.4285714285714,879.7857142857143,862.4666666666667
2025-05-08,815.0,23.4,3,5,2,2025,128,860.0,845.0,825.0,887.0,872.5714285714286,888.5714285714286,855.8333333333334
2025-05-09,815.0,0.0,4,5,2,2025,129,815.0,1079.0,1065.0,909.0,868.2857142857143,887.8571428571429,853.4333333333333
2025-05-10,815.0,0.0,5,5,2,2025,130,815.0,859.0,1065.0,818.0,830.5714285714286,870.0,850.3
2025-05-11,815.0,0.0,6,5,2,2025,131,815.0,859.0,1065.0,859.0,824.2857142857143,852.1428571428571,850.2
2025-05-12,1125.0,12.0,0,5,2,2025,132,815.0,867.0,770.0,652.0,818.0,834.2857142857143,848.7333333333333
2025-05-13,959.0,6.7,1,5,2,2025,133,1125.0,739.0,697.0,652.0,854.8571428571429,859.6428571428571,864.5
2025-05-14,955.0,13.3,2,5,2,2025,134,959.0,860.0,845.0,652.0,886.2857142857143,878.3571428571429,874.7333333333333
2025-05-15,895.0,3.8,3,5,2,2025,135,955.0,815.0,845.0,860.0,899.8571428571429,886.2142857142857,884.8333333333334
2025-05-16,695.0,28.1,4,5,2,2025,136,895.0,815.0,1079.0,735.0,911.2857142857143,889.7857142857143,886.0
2025-05-17,860.0,12.1,5,5,2,2025,137,695.0,815.0,859.0,755.0,894.1428571428571,862.3571428571429,884.6666666666666
2025-05-18,860.0,0.0,6,5,2,2025,138,860.0,815.0,859.0,755.0,900.5714285714286,862.4285714285714,888.1666666666666
2025-05-19,860.0,0.0,0,5,2,2025,139,860.0,1125.0,867.0,859.0,907.0,862.5,891.6666666666666
2025-05-20,860.0,0.0,1,5,2,2025,140,860.0,959.0,739.0,859.0,869.1428571428571,862.0,891.7
2025-05-21,860.0,0.0,2,5,2,2025,141,860.0,955.0,860.0,1119.0,855.0,870.6428571428571,891.7333333333333
2025-05-22,860.0,0.0,3,5,2,2025,142,860.0,895.0,815.0,1127.0,841.4285714285714,870.6428571428571,883.1
2025-05-23,785.0,6.9,4,5,2,2025,143,860.0,695.0,815.0,737.0,836.4285714285714,873.8571428571429,874.2
2025-05-24,785.0,0.0,5,5,2,2025,144,785.0,860.0,815.0,825.0,849.2857142857143,871.7142857142857,875.8
2025-05-25,785.0,0.0,6,5,2,2025,145,785.0,860.0,815.0,1065.0,838.5714285714286,869.5714285714286,874.4666666666667
2025-05-26,905.0,10.8,0,5,2,2025,146,785.0,860.0,1125.0,1065.0,827.8571428571429,867.4285714285714,865.1333333333333
2025-05-27,905.0,0.0,1,5,2,2025,147,905.0,860.0,959.0,1065.0,834.2857142857143,851.7142857142857,859.8
2025-05-28,905.0,0.0,2,5,2,2025,148,905.0,860.0,955.0,770.0,840.7142857142857,847.8571428571429,854.4666666666667
2025-05-29,905.0,0.0,3,5,2,2025,149,905.0,860.0,895.0,697.0,847.1428571428571,844.2857142857143,858.9666666666667
2025-05-30,905.0,0.0,4,5,2,2025,150,905.0,785.0,695.0,845.0,853.5714285714286,845.0,865.9
2025-05-31,905.0,0.0,5,5,2,2025,151,905.0,785.0,860.0,845.0,870.7142857142857,860.0,867.9
2025-06-01,905.0,0.0,6,6,2,2025,152,905.0,785.0,860.0,1079.0,887.8571428571429,863.2142857142857,869.9
2025-06-02,905.0,0.0,0,6,2,2025,153,905.0,905.0,860.0,859.0,905.0,866.4285714285714,864.1
2025-06-03,605.0,3.6,1,6,2,2025,154,905.0,905.0,860.0,859.0,905.0,869.6428571428571,865.6333333333333
2025-06-04,605.0,0.0,2,6,2,2025,155,605.0,905.0,860.0,867.0,862.1428571428571,851.4285714285714,857.1666666666666
2025-06-05,605.0,0.0,3,6,2,2025,156,605.0,905.0,860.0,739.0,819.2857142857143,833.2142857142857,848.4333333333333
2025-06-06,605.0,0.0,4,6,2,2025,157,605.0,905.0,785.0,860.0,776.4285714285714,815.0,843.9666666666667
2025-06-07,605.0,0.0,5,6,2,2025,158,605.0,905.0,785.0,815.0,733.5714285714286,802.1428571428571,835.4666666666667
2025-06-08,605.0,0.0,6,6,2,2025,159,605.0,905.0,785.0,815.0,690.7142857142857,789.2857142857143,828.4666666666667
2025-06-09,605.0,7.2,0,6,2,2025,160,605.0,905.0,905.0,815.0,647.8571428571429,776.4285714285714,821.4666666666667
2025-06-10,605.0,0.0,1,6,2,2025,161,605.0,605.0,905.0,815.0,605.0,755.0,814.4666666666667
2025-06-11,605.0,0.0,2,6,2,2025,162,605.0,605.0,905.0,1125.0,605.0,733.5714285714286,807.4666666666667
2025-06-12,605.0,0.0,3,6,2,2025,163,605.0,605.0,905.0,959.0,605.0,712.1428571428571,790.1333333333333
2025-06-13,525.0,1.7,4,6,2,2025,164,605.0,605.0,905.0,955.0,605.0,690.7142857142857,778.3333333333334
2025-06-14,525.0,0.0,5,6,2,2025,165,525.0,605.0,905.0,895.0,593.5714285714286,663.5714285714286,764.0
2025-06-15,525.0,0.0,6,6,2,2025,166,525.0,605.0,905.0,695.0,582.1428571428571,636.4285714285714,751.6666666666666
2025-06-16,525.0,0.0,0,6,2,2025,167,525.0,605.0,905.0,860.0,570.7142857142857,609.2857142857143,746.0
2025-06-17,525.0,0.0,1,6,2,2025,168,525.0,605.0,605.0,860.0,559.2857142857143,582.1428571428571,734.8333333333334
2025-06-18,525.0,0.0,2,6,2,2025,169,525.0,605.0,605.0,860.0,547.8571428571429,576.4285714285714,723.6666666666666
2025-06-19,525.0,0.0,3,6,2,2025,170,525.0,605.0,605.0,860.0,536.4285714285714,570.7142857142857,712.5
2025-06-20,525.0,0.0,4,6,2,2025,171,525.0,525.0,605.0,860.0,525.0,565.0,701.3333333333334
2025-06-21,525.0,0.0,5,6,2,2025,172,525.0,525.0,605.0,860.0,525.0,559.2857142857143,690.1666666666666
2025-06-22,525.0,0.0,6,6,2,2025,173,525.0,525.0,605.0,785.0,525.0,553.5714285714286,679.0
2025-06-23,525.0,0.0,0,6,2,2025,174,525.0,525.0,605.0,785.0,525.0,547.8571428571429,670.3333333333334
2025-06-24,525.0,0.0,1,6,2,2025,175,525.0,525.0,605.0,785.0,525.0,542.1428571428571,661.6666666666666
2025-06-25,525.0,0.0,2,6,2,2025,176,525.0,525.0,605.0,905.0,525.0,536.4285714285714,653.0
2025-06-26,525.0,0.0,3,6,2,2025,177,525.0,525.0,605.0,905.0,525.0,530.7142857142857,640.3333333333334
2025-06-27,525.0,0.0,4,6,2,2025,178,525.0,525.0,525.0,905.0,525.0,525.0,627.6666666666666
2025-06-28,525.0,0.0,5,6,2,2025,179,525.0,525.0,525.0,905.0,525.0,525.0,615.0
2025-06-29,525.0,0.0,6,6,2,2025,180,525.0,525.0,525.0,905.0,525.0,525.0,602.3333333333334
2025-06-30,1045.0,4.4,0,6,2,2025,181,525.0,525.0,525.0,905.0,525.0,525.0,589.6666666666666
2025-07-01,1247.0,2.3,1,7,3,2025,182,1045.0,525.0,525.0,905.0,599.2857142857143,562.1428571428571,594.3333333333334
2025-07-02,1247.0,0.0,2,7,3,2025,183,1247.0,525.0,525.0,905.0,702.4285714285714,613.7142857142857,605.7333333333333
2025-07-03,1247.0,0.0,3,7,3,2025,184,1247.0,525.0,525.0,605.0,805.5714285714286,665.2857142857143,617.1333333333333
2025-07-04,1247.0,0.0,4,7,3,2025,185,1247.0,525.0,525.0,605.0,908.7142857142857,716.8571428571429,638.5333333333333
2025-07-05,1247.0,0.0,5,7,3,2025,186,1247.0,525.0,525.0,605.0,1011.8571428571429,768.4285714285714,659.9333333333333
2025-07-06,1247.0,0.0,6,7,3,2025,187,1247.0,525.0,525.0,605.0,1115.0,820.0,681.3333333333334
2025-07-07,1247.0,0.0,0,7,3,2025,188,1247.0,1045.0,525.0,605.0,1218.142857142857,871.5714285714286,702.7333333333333
2025-07-08,1259.0,3.1,1,7,3,2025,189,1247.0,1247.0,525.0,605.0,1247.0,923.1428571428571,724.1333333333333
2025-07-09,1259.0,0.0,2,7,3,2025,190,1259.0,1247.0,525.0,605.0,1248.7142857142858,975.5714285714286,745.9333333333333
2025-07-10,1325.0,17.8,3,7,3,2025,191,1259.0,1247.0,525.0,605.0,1250.4285714285713,1028.0,767.7333333333333
2025-07-11,1325.0,0.0,4,7,3,2025,192,1325.0,1247.0,525.0,605.0,1261.5714285714287,1085.142857142857,791.7333333333333
2025-07-12,1055.0,17.4,5,7,3,2025,193,1325.0,1247.0,525.0,605.0,1272.7142857142858,1142.2857142857142,815.7333333333333
2025-07-13,1055.0,0.0,6,7,3,2025,194,1055.0,1247.0,525.0,525.0,1245.2857142857142,1180.142857142857,830.7333333333333
2025-07-14,1055.0,0.0,0,7,3,2025,195,1055.0,1247.0,1045.0,525.0,1217.857142857143,1218.0,848.4
2025-07-15,1475.0,36.7,1,7,3,2025,196,1055.0,1259.0,1247.0,525.0,1190.4285714285713,1218.7142857142858,866.0666666666667
2025-07-16,1295.0,9.9,2,7,3,2025,197,1475.0,1259.0,1247.0,525.0,1221.2857142857142,1235.0,897.7333333333333
2025-07-17,919.0,6.1,3,7,3,2025,198,1295.0,1325.0,1247.0,525.0,1226.4285714285713,1238.4285714285713,923.4
2025-07-18,1295.0,4.5,4,7,3,2025,199,919.0,1325.0,1247.0,525.0,1168.4285714285713,1215.0,936.5333333333333
2025-07-19,1137.0,5.2,5,7,3,2025,200,1295.0,1055.0,1247.0,525.0,1164.142857142857,1218.4285714285713,962.2
2025-07-20,1137.0,0.0,6,7,3,2025,201,1137.0,1055.0,1247.0,525.0,1175.857142857143,1210.5714285714287,982.6
2025-07-21,1309.0,5.4,0,7,3,2025,202,1137.0,1055.0,1247.0,525.0,1187.5714285714287,1202.7142857142858,1003.0
2025-07-22,1275.0,5.6,1,7,3,2025,203,1309.0,1475.0,1259.0,525.0,1223.857142857143,1207.142857142857,1029.1333333333334
2025-07-23,1285.0,9.3,2,7,3,2025,204,1275.0,1295.0,1259.0,525.0,1195.2857142857142,1208.2857142857142,1054.1333333333334
2025-07-24,1285.0,0.0,3,7,3,2025,205,1285.0,919.0,1325.0,525.0,1193.857142857143,1210.142857142857,1079.4666666666667
2025-07-25,760.0,4.3,4,7,3,2025,206,1285.0,1295.0,1325.0,525.0,1246.142857142857,1207.2857142857142,1104.8
2025-07-26,1121.0,4.0,5,7,3,2025,207,760.0,1137.0,1055.0,525.0,1169.7142857142858,1166.9285714285713,1112.6333333333334
2025-07-27,1121.0,0.0,6,7,3,2025,208,1121.0,1137.0,1055.0,525.0,1167.4285714285713,1171.642857142857,1132.5
2025-07-28,1125.0,8.5,0,7,3,2025,209,1121.0,1309.0,1055.0,525.0,1165.142857142857,1176.357142857143,1152.3666666666666
2025-07-29,1037.0,14.5,1,7,3,2025,210,1125.0,1275.0,1475.0,525.0,1138.857142857143,1181.357142857143,1172.3666666666666
2025-07-30,1261.0,25.2,2,7,3,2025,211,1037.0,1285.0,1295.0,1045.0,1104.857142857143,1150.0714285714287,1189.4333333333334
2025-07-31,1175.0,10.3,3,7,3,2025,212,1261.0,1285.0,919.0,1247.0,1101.4285714285713,1147.642857142857,1196.6333333333334
2025-08-01,745.0,5.2,4,8,3,2025,213,1175.0,760.0,1295.0,1247.0,1085.7142857142858,1165.9285714285713,1194.2333333333333
2025-08-02,1129.0,18.6,5,8,3,2025,214,745.0,1121.0,1137.0,1247.0,1083.5714285714287,1126.642857142857,1177.5
2025-08-03,1129.0,0.0,6,8,3,2025,215,1129.0,1121.0,1137.0,1247.0,1084.7142857142858,1126.0714285714287,1173.5666666666666
2025-08-04,1089.0,20.3,0,8,3,2025,216,1129.0,1125.0,1309.0,1247.0,1085.857142857143,1125.5,1169.6333333333334
2025-08-05,1239.0,16.2,1,8,3,2025,217,1089.0,1037.0,1275.0,1247.0,1080.7142857142858,1109.7857142857142,1164.3666666666666
2025-08-06,1167.0,13.5,2,8,3,2025,218,1239.0,1261.0,1285.0,1247.0,1109.5714285714287,1107.2142857142858,1164.1
2025-08-07,1409.0,16.8,3,8,3,2025,219,1167.0,1175.0,1285.0,1259.0,1096.142857142857,1098.7857142857142,1161.4333333333334
2025-08-08,1409.0,0.0,4,8,3,2025,220,1409.0,745.0,760.0,1259.0,1129.5714285714287,1107.642857142857,1166.4333333333334
2025-08-09,1045.0,20.1,5,8,3,2025,221,1409.0,1129.0,1121.0,1325.0,1224.4285714285713,1154.0,1171.4333333333334
2025-08-10,1045.0,0.0,6,8,3,2025,222,1045.0,1129.0,1121.0,1325.0,1212.4285714285713,1148.5714285714287,1162.1
2025-08-11,965.0,30.4,0,8,3,2025,223,1045.0,1089.0,1125.0,1055.0,1200.4285714285713,1143.142857142857,1152.7666666666667
2025-08-12,1437.0,17.6,1,8,3,2025,224,965.0,1239.0,1037.0,1055.0,1182.7142857142858,1131.7142857142858,1149.7666666666667
2025-08-13,1169.0,37.2,2,8,3,2025,225,1437.0,1167.0,1261.0,1055.0,1211.0,1160.2857142857142,1162.5
2025-08-14,967.0,14.9,3,8,3,2025,226,1169.0,1409.0,1175.0,1475.0,1211.2857142857142,1153.7142857142858,1166.3
2025-08-15,967.0,0.0,4,8,3,2025,227,967.0,1409.0,745.0,1295.0,1148.142857142857,1138.857142857143,1149.3666666666666
2025-08-16,967.0,0.0,5,8,3,2025,228,967.0,1045.0,1129.0,919.0,1085.0,1154.7142857142858,1138.4333333333334
2025-08-17,967.0,0.0,6,8,3,2025,229,967.0,1045.0,1129.0,1295.0,1073.857142857143,1143.142857142857,1140.0333333333333
2025-08-18,967.0,0.0,0,8,3,2025,230,967.0,965.0,1089.0,1137.0,1062.7142857142858,1131.5714285714287,1129.1
2025-08-19,1389.0,6.5,1,8,3,2025,231,967.0,1437.0,1239.0,1137.0,1063.0,1122.857142857143,1123.4333333333334
2025-08-20,1109.0,281.6,2,8,3,2025,232,1389.0,1169.0,1167.0,1309.0,1056.142857142857,1133.5714285714287,1131.8333333333333
2025-08-21,809.0,147.9,3,8,3,2025,233,1109.0,967.0,1409.0,1275.0,1047.5714285714287,1129.4285714285713,1125.1666666666667
2025-08-22,1039.0,367.4,4,8,3,2025,234,809.0,967.0,1409.0,1285.0,1025.0,1086.5714285714287,1109.6333333333334
2025-08-23,1039.0,0.0,5,8,3,2025,235,1039.0,967.0,1045.0,1285.0,1035.2857142857142,1060.142857142857,1101.4333333333334
2025-08-24,1039.0,0.0,6,8,3,2025,236,1039.0,967.0,1045.0,760.0,1045.5714285714287,1059.7142857142858,1093.2333333333333
2025-08-25,1075.0,1290.3,0,8,3,2025,237,1039.0,967.0,965.0,1121.0,1055.857142857143,1059.2857142857142,1102.5333333333333
2025-08-26,855.0,839.1,1,8,3,2025,238,1075.0,1389.0,1437.0,1121.0,1071.2857142857142,1067.142857142857,1101.0
2025-08-27,855.0,0.0,2,8,3,2025,239,855.0,1109.0,1169.0,1125.0,995.0,1025.5714285714287,1092.1333333333334
2025-08-28,739.0,379.3,3,8,3,2025,240,855.0,809.0,967.0,1037.0,958.7142857142857,1003.1428571428571,1083.1333333333334
2025-08-29,659.0,247.1,4,8,3,2025,241,739.0,1039.0,967.0,1261.0,948.7142857142857,986.8571428571429,1073.2
2025-08-30,825.0,128.9,5,8,3,2025,242,659.0,1039.0,967.0,1175.0,894.4285714285714,964.8571428571429,1053.1333333333334
2025-08-31,825.0,0.0,6,8,3,2025,243,825.0,1039.0,967.0,745.0,863.8571428571429,954.7142857142857,1041.4666666666667
2025-09-01,1200.0,160.7,0,9,3,2025,244,825.0,1075.0,967.0,1129.0,833.2857142857143,944.5714285714286,1044.1333333333334
2025-09-02,1200.0,326.1,1,9,3,2025,245,1200.0,855.0,1389.0,1129.0,851.1428571428571,961.2142857142857,1046.5
2025-09-03,1200.0,558.4,2,9,3,2025,246,1200.0,855.0,1109.0,1089.0,900.4285714285714,947.7142857142857,1048.8666666666666
2025-09-04,1200.0,0.0,3,9,3,2025,247,1200.0,739.0,809.0,1239.0,949.7142857142857,954.2142857142857,1052.5666666666666
2025-09-05,1200.0,0.0,4,9,3,2025,248,1200.0,659.0,1039.0,1167.0,1015.5714285714286,982.1428571428571,1051.2666666666667
2025-09-06,628.0,412.7,5,9,3,2025,249,1200.0,825.0,1039.0,1409.0,1092.857142857143,993.6428571428571,1052.3666666666666
2025-09-07,628.0,0.0,6,9,3,2025,250,628.0,825.0,1039.0,1409.0,1064.7142857142858,964.2857142857143,1026.3333333333333
2025-09-08,634.0,801.1,0,9,3,2025,251,628.0,1200.0,1075.0,1045.0,1036.5714285714287,934.9285714285714,1000.3
2025-09-09,584.0,1432.5,1,9,3,2025,252,634.0,1200.0,855.0,1045.0,955.7142857142857,903.4285714285714,986.6
2025-09-10,507.0,1463.9,2,9,3,2025,253,584.0,1200.0,855.0,965.0,867.7142857142857,884.0714285714286,971.2333333333333
2025-09-11,519.0,1408.3,3,9,3,2025,254,507.0,1200.0,739.0,1437.0,768.7142857142857,859.2142857142857,955.9666666666667
2025-09-12,519.0,0.0,4,9,3,2025,255,519.0,1200.0,659.0,1169.0,671.4285714285714,843.5,925.3666666666667
2025-09-13,519.0,0.0,5,9,3,2025,256,519.0,628.0,825.0,967.0,574.1428571428571,833.5,903.7
2025-09-14,519.0,0.0,6,9,3,2025,257,519.0,628.0,825.0,967.0,558.5714285714286,811.6428571428571,888.7666666666667
2025-09-15,519.0,0.0,0,9,3,2025,258,519.0,634.0,1200.0,967.0,543.0,789.7857142857143,873.8333333333334
2025-09-16,519.0,0.0,1,9,3,2025,259,519.0,584.0,1200.0,967.0,526.5714285714286,741.1428571428571,858.9
2025-09-17,519.0,0.0,2,9,3,2025,260,519.0,507.0,1200.0,967.0,517.2857142857143,692.5,843.9666666666667
2025-09-18,519.0,0.0,3,9,3,2025,261,519.0,519.0,1200.0,1389.0,519.0,643.8571428571429,829.0333333333333
2025-09-19,519.0,0.0,4,9,3,2025,262,519.0,519.0,1200.0,1109.0,519.0,595.2142857142857,800.0333333333333
2025-09-20,519.0,0.0,5,9,3,2025,263,519.0,519.0,628.0,809.0,519.0,546.5714285714286,780.3666666666667
2025-09-21,519.0,0.0,6,9,3,2025,264,519.0,519.0,628.0,1039.0,519.0,538.7857142857143,770.7
2025-09-22,519.0,0.0,0,9,3,2025,265,519.0,519.0,634.0,1039.0,519.0,531.0,753.3666666666667
2025-09-23,519.0,0.0,1,9,3,2025,266,519.0,519.0,584.0,1039.0,519.0,522.7857142857143,736.0333333333333
2025-09-24,489.0,17.0,2,9,3,2025,267,519.0,519.0,507.0,1075.0,519.0,518.1428571428571,718.7
2025-09-25,530.0,208.2,3,9,3,2025,268,489.0,519.0,519.0,855.0,514.7142857142857,516.8571428571429,699.1666666666666
2025-09-26,530.0,0.0,4,9,3,2025,269,530.0,519.0,519.0,855.0,516.2857142857143,517.6428571428571,688.3333333333334
2025-09-27,585.0,9.8,5,9,3,2025,270,530.0,519.0,519.0,739.0,517.8571428571429,518.4285714285714,677.5
2025-09-28,585.0,0.0,6,9,3,2025,271,585.0,519.0,519.0,659.0,527.2857142857143,523.1428571428571,672.3666666666667
2025-09-29,839.0,261.8,0,9,3,2025,272,585.0,519.0,519.0,825.0,536.7142857142857,527.8571428571429,669.9
2025-09-30,839.0,0.0,1,9,3,2025,273,839.0,519.0,519.0,825.0,582.4285714285714,550.7142857142857,670.3666666666667
2025-10-01,839.0,0.0,2,10,4,2025,274,839.0,489.0,519.0,1200.0,628.1428571428571,573.5714285714286,670.8333333333334
2025-10-02,839.0,0.0,3,10,4,2025,275,839.0,530.0,519.0,1200.0,678.1428571428571,596.4285714285714,658.8
2025-10-03,509.0,11.0,4,10,4,2025,276,839.0,530.0,519.0,1200.0,722.2857142857143,619.2857142857143,646.7666666666667
2025-10-04,765.0,46.2,5,10,4,2025,277,509.0,585.0,519.0,1200.0,719.2857142857143,618.5714285714286,623.7333333333333
2025-10-05,765.0,0.0,6,10,4,2025,278,765.0,585.0,519.0,1200.0,745.0,636.1428571428571,609.2333333333333
2025-10-06,785.0,117.7,0,10,4,2025,279,765.0,839.0,519.0,628.0,770.7142857142857,653.7142857142857,594.7333333333333
2025-10-07,677.0,163.7,1,10,4,2025,280,785.0,839.0,519.0,628.0,763.0,672.7142857142857,599.9666666666667
2025-10-08,800.0,186.8,2,10,4,2025,281,677.0,839.0,489.0,634.0,739.8571428571429,684.0,601.6
2025-10-09,585.0,215.6,3,10,4,2025,282,800.0,839.0,530.0,584.0,734.2857142857143,706.2142857142857,607.1333333333333
2025-10-10,631.0,229.0,4,10,4,2025,283,585.0,509.0,530.0,507.0,698.0,710.1428571428571,607.1666666666666
2025-10-11,587.0,217.4,5,10,4,2025,284,631.0,765.0,585.0,519.0,715.4285714285714,717.3571428571429,611.3
2025-10-12,587.0,0.0,6,10,4,2025,285,587.0,765.0,585.0,519.0,690.0,717.5,613.5666666666667
2025-10-13,610.0,206.2,0,10,4,2025,286,587.0,785.0,839.0,519.0,664.5714285714286,717.6428571428571,615.8333333333334
2025-10-14,580.0,194.8,1,10,4,2025,287,610.0,677.0,839.0,519.0,639.5714285714286,701.2857142857143,618.8666666666667
2025-10-15,562.0,193.3,2,10,4,2025,288,580.0,800.0,839.0,519.0,625.7142857142857,682.7857142857143,620.9
2025-10-16,562.0,0.0,3,10,4,2025,289,562.0,585.0,839.0,519.0,591.7142857142857,663.0,622.3333333333334
2025-10-17,511.0,174.8,4,10,4,2025,290,562.0,631.0,509.0,519.0,588.4285714285714,643.2142857142857,623.7666666666667
2025-10-18,576.0,180.1,5,10,4,2025,291,511.0,587.0,765.0,519.0,571.2857142857143,643.3571428571429,623.5
2025-10-19,576.0,0.0,6,10,4,2025,292,576.0,587.0,765.0,519.0,569.7142857142857,629.8571428571429,625.4
2025-10-20,576.0,0.0,0,10,4,2025,293,576.0,610.0,785.0,519.0,568.1428571428571,616.3571428571429,627.3
2025-10-21,576.0,0.0,1,10,4,2025,294,576.0,580.0,677.0,519.0,563.2857142857143,601.4285714285714,629.2
2025-10-22,521.0,187.4,2,10,4,2025,295,576.0,562.0,800.0,519.0,562.7142857142857,594.2142857142857,631.1
2025-10-23,476.0,206.9,3,10,4,2025,296,521.0,562.0,585.0,519.0,556.8571428571429,574.2857142857143,631.1666666666666
2025-10-24,511.0,95.6,4,10,4,2025,297,476.0,511.0,631.0,489.0,544.5714285714286,566.5,629.7333333333333
2025-10-25,659.0,43.2,5,10,4,2025,298,511.0,576.0,587.0,530.0,544.5714285714286,557.9285714285714,630.4666666666667
2025-10-26,659.0,0.0,6,10,4,2025,299,659.0,576.0,587.0,530.0,556.4285714285714,563.0714285714286,634.7666666666667
2025-10-27,619.0,22.5,0,10,4,2025,300,659.0,576.0,610.0,585.0,568.2857142857143,568.2142857142857,639.0666666666667
2025-10-28,891.0,54.0,1,10,4,2025,301,619.0,576.0,580.0,585.0,574.4285714285714,568.8571428571429,640.2
2025-10-29,911.0,42.0,2,10,4,2025,302,891.0,521.0,562.0,839.0,619.4285714285714,591.0714285714286,650.4
2025-10-30,808.0,29.1,3,10,4,2025,303,911.0,476.0,562.0,839.0,675.1428571428571,616.0,652.8
2025-10-31,700.0,27.0,4,10,4,2025,304,808.0,511.0,511.0,839.0,722.5714285714286,633.5714285714286,651.7666666666667
2025-11-01,700.0,0.0,5,11,4,2025,305,700.0,659.0,576.0,839.0,749.5714285714286,647.0714285714286,647.1333333333333
2025-11-02,700.0,0.0,6,11,4,2025,306,700.0,659.0,576.0,509.0,755.4285714285714,655.9285714285714,642.5
2025-11-03,885.0,136.8,0,11,4,2025,307,700.0,619.0,576.0,765.0,761.2857142857143,664.7857142857143,648.8666666666667
2025-11-04,630.0,206.5,1,11,4,2025,308,885.0,891.0,576.0,765.0,799.2857142857143,686.8571428571429,652.8666666666667
2025-11-05,595.0,204.3,2,11,4,2025,309,630.0,911.0,521.0,785.0,762.0,690.7142857142857,648.3666666666667
2025-11-06,595.0,0.0,3,11,4,2025,310,595.0,808.0,476.0,677.0,716.8571428571429,696.0,642.0333333333333
2025-11-07,595.0,0.0,4,11,4,2025,311,595.0,700.0,511.0,800.0,686.4285714285714,704.5,639.3
2025-11-08,595.0,0.0,5,11,4,2025,312,595.0,700.0,659.0,585.0,671.4285714285714,710.5,632.4666666666667
2025-11-09,595.0,0.0,6,11,4,2025,313,595.0,700.0,659.0,631.0,656.4285714285714,705.9285714285714,632.8
2025-11-10,595.0,933.0,0,11,4,2025,314,595.0,885.0,619.0,587.0,641.4285714285714,701.3571428571429,631.6
2025-11-11,589.0,539.0,1,11,4,2025,315,595.0,630.0,891.0,587.0,600.0,699.6428571428571,631.8666666666667
2025-11-12,630.0,935.0,2,11,4,2025,316,589.0,595.0,911.0,610.0,594.1428571428571,678.0714285714286,631.9333333333333
2025-11-13,720.0,911.0,3,11,4,2025,317,630.0,595.0,808.0,580.0,599.1428571428571,658.0,632.6
2025-11-14,585.0,665.0,4,11,4,2025,318,720.0,595.0,700.0,562.0,617.0,651.7142857142857,637.2666666666667
2025-11-15,617.0,100.4,5,11,4,2025,319,585.0,595.0,700.0,562.0,615.5714285714286,643.5,638.0333333333333
2025-11-16,617.0,0.0,6,11,4,2025,320,617.0,595.0,700.0,511.0,618.7142857142857,637.5714285714286,639.8666666666667
2025-11-17,556.0,114.8,0,11,4,2025,321,617.0,595.0,885.0,576.0,621.8571428571429,631.6428571428571,643.4
2025-11-18,659.0,53.6,1,11,4,2025,322,556.0,589.0,630.0,576.0,616.2857142857143,608.1428571428571,642.7333333333333
2025-11-19,865.0,76.6,2,11,4,2025,323,659.0,630.0,595.0,576.0,626.2857142857143,610.2142857142857,645.5
2025-11-20,865.0,0.0,3,11,4,2025,324,865.0,720.0,595.0,576.0,659.8571428571429,629.5,655.1333333333333
2025-11-21,865.0,0.0,4,11,4,2025,325,865.0,585.0,595.0,521.0,680.5714285714286,648.7857142857143,664.7666666666667
2025-11-22,528.0,40.1,5,11,4,2025,326,865.0,617.0,595.0,476.0,720.5714285714286,668.0714285714286,676.2333333333333
2025-11-23,528.0,0.0,6,11,4,2025,327,528.0,617.0,595.0,511.0,707.8571428571429,663.2857142857143,677.9666666666667
2025-11-24,689.0,20.2,0,11,4,2025,328,528.0,556.0,595.0,659.0,695.1428571428571,658.5,678.5333333333333
2025-11-25,630.0,16.7,1,11,4,2025,329,689.0,659.0,589.0,659.0,714.1428571428571,665.2142857142857,679.5333333333333
2025-11-26,759.0,13.5,2,11,4,2025,330,630.0,865.0,630.0,619.0,710.0,668.1428571428571,678.5666666666667
2025-11-27,710.0,18.9,3,11,4,2025,331,759.0,865.0,720.0,891.0,694.8571428571429,677.3571428571429,683.2333333333333
2025-11-28,929.0,10.9,4,11,4,2025,332,710.0,865.0,585.0,911.0,672.7142857142857,676.6428571428571,677.2
2025-11-29,869.0,51.3,5,11,4,2025,333,929.0,528.0,617.0,808.0,681.8571428571429,701.2142857142857,677.8
2025-11-30,869.0,0.0,6,11,4,2025,334,869.0,528.0,617.0,700.0,730.5714285714286,719.2142857142857,679.8333333333334
2025-12-01,959.0,18.6,0,12,4,2025,335,869.0,689.0,556.0,700.0,779.2857142857143,737.2142857142857,685.4666666666667
2025-12-02,1051.0,38.9,1,12,4,2025,336,959.0,630.0,659.0,700.0,817.8571428571429,766.0,694.1
2025-12-03,939.0,13.8,2,12,4,2025,337,1051.0,759.0,865.0,885.0,878.0,794.0,705.8
2025-12-04,919.0,12.0,3,12,4,2025,338,939.0,710.0,865.0,630.0,903.7142857142857,799.2857142857143,707.6
2025-12-05,829.0,34.2,4,12,4,2025,339,919.0,929.0,865.0,595.0,933.5714285714286,803.1428571428571,717.2333333333333
2025-12-06,950.0,139.0,5,12,4,2025,340,829.0,869.0,528.0,595.0,919.2857142857143,800.5714285714286,725.0333333333333
2025-12-07,950.0,0.0,6,12,4,2025,341,950.0,869.0,528.0,595.0,930.8571428571429,830.7142857142857,736.8666666666667
2025-12-08,979.0,11.9,0,12,4,2025,342,950.0,959.0,689.0,595.0,942.4285714285714,860.8571428571429,748.7
2025-12-09,1197.0,27.5,1,12,4,2025,343,979.0,1051.0,630.0,595.0,945.2857142857143,881.5714285714286,761.5
2025-12-10,1089.0,453.0,2,12,4,2025,344,1197.0,939.0,759.0,595.0,966.1428571428571,922.0714285714286,781.5666666666667
2025-12-11,1049.0,26.7,3,12,4,2025,345,1089.0,919.0,710.0,589.0,987.5714285714286,945.6428571428571,798.0333333333333
2025-12-12,1049.0,0.0,4,12,4,2025,346,1049.0,829.0,929.0,630.0,1006.1428571428571,969.8571428571429,813.3666666666667
2025-12-13,1106.0,517.0,5,12,4,2025,347,1049.0,950.0,869.0,720.0,1037.5714285714287,978.4285714285714,827.3333333333334
2025-12-14,1106.0,0.0,6,12,4,2025,348,1106.0,950.0,869.0,585.0,1059.857142857143,995.3571428571429,840.2
2025-12-15,1171.0,26.4,0,12,4,2025,349,1106.0,979.0,959.0,617.0,1082.142857142857,1012.2857142857143,857.5666666666667
2025-12-16,1729.0,327.0,1,12,4,2025,350,1171.0,1197.0,1051.0,617.0,1109.5714285714287,1027.4285714285713,876.0333333333333
2025-12-17,1325.0,26.5,2,12,4,2025,351,1729.0,1089.0,939.0,556.0,1185.5714285714287,1075.857142857143,913.1
2025-12-18,1161.0,255.0,3,12,4,2025,352,1325.0,1049.0,919.0,659.0,1219.2857142857142,1103.4285714285713,938.7333333333333
2025-12-19,1161.0,0.0,4,12,4,2025,353,1161.0,1049.0,829.0,865.0,1235.2857142857142,1120.7142857142858,955.4666666666667
2025-12-20,1385.0,80.1,5,12,4,2025,354,1161.0,1106.0,950.0,865.0,1251.2857142857142,1144.4285714285713,965.3333333333334
2025-12-21,1385.0,0.0,6,12,4,2025,355,1385.0,1106.0,950.0,865.0,1291.142857142857,1175.5,982.6666666666666
2025-12-22,1569.0,748.0,0,12,4,2025,356,1385.0,1171.0,979.0,528.0,1331.0,1206.5714285714287,1000.0
2025-12-23,1085.0,622.0,1,12,4,2025,357,1569.0,1729.0,1197.0,528.0,1387.857142857143,1248.7142857142858,1034.7
2025-12-24,1389.0,44.2,2,12,4,2025,358,1085.0,1325.0,1089.0,689.0,1295.857142857143,1240.7142857142858,1053.2666666666667
2025-12-25,1389.0,0.0,3,12,4,2025,359,1389.0,1161.0,1049.0,630.0,1305.0,1262.142857142857,1076.6
2025-12-26,1465.0,342.0,4,12,4,2025,360,1389.0,1161.0,1049.0,759.0,1337.5714285714287,1286.4285714285713,1101.9
2025-12-27,1127.0,279.0,5,12,4,2025,361,1465.0,1385.0,1106.0,710.0,1381.0,1316.142857142857,1125.4333333333334
2025-12-28,1127.0,0.0,6,12,4,2025,362,1127.0,1385.0,1106.0,929.0,1344.142857142857,1317.642857142857,1139.3333333333333
2025-12-29,1286.0,238.0,0,12,4,2025,363,1127.0,1569.0,1171.0,869.0,1307.2857142857142,1319.142857142857,1145.9333333333334
2025-12-30,1419.0,305.0,1,12,4,2025,364,1286.0,1085.0,1729.0,869.0,1266.857142857143,1327.357142857143,1159.8333333333333
2025-12-31,1415.0,16.1,2,12,4,2025,365,1419.0,1389.0,1325.0,959.0,1314.5714285714287,1305.2142857142858,1178.1666666666667
2026-01-01,1415.0,0.0,3,1,1,2026,1,1415.0,1389.0,1161.0,1051.0,1318.2857142857142,1311.642857142857,1193.3666666666666
2026-01-02,1459.0,3.8,4,1,1,2026,2,1415.0,1465.0,1161.0,939.0,1322.0,1329.7857142857142,1205.5
2026-01-03,1117.0,3.4,5,1,1,2026,3,1459.0,1127.0,1385.0,919.0,1321.142857142857,1351.0714285714287,1222.8333333333333
2026-01-04,1117.0,0.0,6,1,1,2026,4,1117.0,1127.0,1385.0,829.0,1319.7142857142858,1331.9285714285713,1229.4333333333334
2026-01-05,1409.0,85.0,0,1,1,2026,5,1117.0,1286.0,1569.0,950.0,1318.2857142857142,1312.7857142857142,1239.0333333333333
2026-01-06,1397.0,10.3,1,1,1,2026,6,1409.0,1419.0,1085.0,950.0,1335.857142857143,1301.357142857143,1254.3333333333333
2026-01-07,1409.0,12.4,2,1,1,2026,7,1397.0,1415.0,1389.0,979.0,1332.7142857142858,1323.642857142857,1269.2333333333333
2026-01-08,1487.0,62.6,3,1,1,2026,8,1409.0,1415.0,1389.0,1197.0,1331.857142857143,1325.0714285714287,1283.5666666666666
2026-01-09,1500.0,53.0,4,1,1,2026,9,1487.0,1459.0,1465.0,1089.0,1342.142857142857,1332.0714285714287,1293.2333333333333
2026-01-10,1367.0,55.5,5,1,1,2026,10,1500.0,1117.0,1127.0,1049.0,1348.0,1334.5714285714287,1306.9333333333334
2026-01-11,1367.0,0.0,6,1,1,2026,11,1367.0,1117.0,1127.0,1049.0,1383.7142857142858,1351.7142857142858,1317.5333333333333
2026-01-12,1265.0,12.2,0,1,1,2026,12,1367.0,1409.0,1286.0,1106.0,1419.4285714285713,1368.857142857143,1328.1333333333334
2026-01-13,1709.0,9.7,1,1,1,2026,13,1265.0,1397.0,1419.0,1106.0,1398.857142857143,1367.357142857143,1333.4333333333334
2026-01-14,1709.0,0.0,2,1,1,2026,14,1709.0,1409.0,1415.0,1171.0,1443.4285714285713,1388.0714285714287,1353.5333333333333
2026-01-15,1709.0,0.0,3,1,1,2026,15,1709.0,1487.0,1415.0,1729.0,1486.2857142857142,1409.0714285714287,1371.4666666666667
2026-01-16,1709.0,0.0,4,1,1,2026,16,1709.0,1500.0,1459.0,1325.0,1518.0,1430.0714285714287,1370.8
2026-01-17,1709.0,0.0,5,1,1,2026,17,1709.0,1367.0,1117.0,1161.0,1547.857142857143,1447.9285714285713,1383.6
2026-01-18,1709.0,0.0,6,1,1,2026,18,1709.0,1367.0,1117.0,1161.0,1596.7142857142858,1490.2142857142858,1401.8666666666666
2026-01-19,1515.0,99.0,0,1,1,2026,19,1709.0,1265.0,1409.0,1385.0,1645.5714285714287,1532.5,1420.1333333333334
2026-01-20,1515.0,0.0,1,1,1,2026,20,1515.0,1709.0,1397.0,1385.0,1681.2857142857142,1540.0714285714287,1424.4666666666667
2026-01-21,1635.0,52.9,2,1,1,2026,21,1515.0,1709.0,1409.0,1569.0,1653.5714285714287,1548.5,1428.8
2026-01-22,1527.0,33.7,3,1,1,2026,22,1635.0,1709.0,1487.0,1085.0,1643.0,1564.642857142857,1431.0
2026-01-23,1337.0,46.3,4,1,1,2026,23,1527.0,1709.0,1500.0,1389.0,1617.0,1567.5,1445.7333333333333
2026-01-24,1525.0,52.1,5,1,1,2026,24,1337.0,1709.0,1367.0,1389.0,1563.857142857143,1555.857142857143,1444.0
2026-01-25,1525.0,0.0,6,1,1,2026,25,1525.0,1709.0,1367.0,1465.0,1537.5714285714287,1567.142857142857,1448.5333333333333
2026-01-26,1525.0,0.0,0,1,1,2026,26,1525.0,1515.0,1265.0,1127.0,1511.2857142857142,1578.4285714285713,1450.5333333333333
2026-01-27,1525.0,0.0,1,1,1,2026,27,1525.0,1515.0,1709.0,1127.0,1512.7142857142858,1597.0,1463.8
2026-01-28,1485.0,148.5,2,1,1,2026,28,1525.0,1635.0,1709.0,1286.0,1514.142857142857,1583.857142857143,1477.0666666666666
2026-01-29,1329.0,809.0,3,1,1,2026,29,1485.0,1527.0,1709.0,1419.0,1492.7142857142858,1567.857142857143,1483.7
2026-01-30,1389.0,99.5,4,1,1,2026,30,1329.0,1337.0,1709.0,1415.0,1464.4285714285713,1540.7142857142858,1480.7
2026-01-31,1225.0,53.8,5,1,1,2026,31,1389.0,1525.0,1709.0,1415.0,1471.857142857143,1517.857142857143,1479.8333333333333
2026-02-01,1225.0,0.0,6,2,1,2026,32,1225.0,1525.0,1709.0,1459.0,1429.0,1483.2857142857142,1473.5
2026-02-02,1085.0,56.3,0,2,1,2026,33,1225.0,1525.0,1515.0,1117.0,1386.142857142857,1448.7142857142858,1465.7
2026-02-03,1165.0,49.0,1,2,1,2026,34,1085.0,1525.0,1515.0,1117.0,1323.2857142857142,1418.0,1464.6333333333334
2026-02-04,1285.0,38.6,2,2,1,2026,35,1165.0,1485.0,1635.0,1409.0,1271.857142857143,1393.0,1466.2333333333333
2026-02-05,1459.0,14.9,3,2,1,2026,36,1285.0,1329.0,1527.0,1397.0,1243.2857142857142,1368.0,1462.1
2026-02-06,1459.0,0.0,4,2,1,2026,37,1459.0,1389.0,1337.0,1409.0,1261.857142857143,1363.142857142857,1464.1666666666667
2026-02-07,1369.0,17.3,5,2,1,2026,38,1459.0,1225.0,1525.0,1487.0,1271.857142857143,1371.857142857143,1465.8333333333333
2026-02-08,1369.0,0.0,6,2,1,2026,39,1369.0,1225.0,1525.0,1500.0,1292.4285714285713,1360.7142857142858,1461.9
2026-02-09,1445.0,23.7,0,2,1,2026,40,1369.0,1085.0,1525.0,1367.0,1313.0,1349.5714285714287,1457.5333333333333
2026-02-10,1237.0,45.0,1,2,1,2026,41,1445.0,1165.0,1525.0,1367.0,1364.4285714285713,1343.857142857143,1460.1333333333334
2026-02-11,1297.0,38.5,2,2,1,2026,42,1237.0,1285.0,1485.0,1265.0,1374.7142857142858,1323.2857142857142,1455.8
2026-02-12,1297.0,0.0,3,2,1,2026,43,1297.0,1459.0,1329.0,1709.0,1376.4285714285713,1309.857142857143,1456.8666666666666
2026-02-13,1355.0,39.9,4,2,1,2026,44,1297.0,1459.0,1389.0,1709.0,1353.2857142857142,1307.5714285714287,1443.1333333333334
2026-02-14,1429.0,3.4,5,2,1,2026,45,1355.0,1369.0,1225.0,1709.0,1338.4285714285713,1305.142857142857,1431.3333333333333
2026-02-15,1429.0,0.0,6,2,1,2026,46,1429.0,1369.0,1225.0,1709.0,1347.0,1319.7142857142858,1422.0
2026-02-16,1429.0,0.0,0,2,1,2026,47,1429.0,1445.0,1085.0,1709.0,1355.5714285714287,1334.2857142857142,1412.6666666666667
2026-02-17,1429.0,0.0,1,2,1,2026,48,1429.0,1237.0,1165.0,1709.0,1353.2857142857142,1358.857142857143,1403.3333333333333
2026-02-18,1429.0,0.0,2,2,1,2026,49,1429.0,1297.0,1285.0,1515.0,1380.7142857142858,1377.7142857142858,1394.0
2026-02-19,1389.0,30.4,3,2,1,2026,50,1429.0,1297.0,1459.0,1515.0,1399.5714285714287,1388.0,1391.1333333333334
2026-02-20,1429.0,8.6,4,2,1,2026,51,1389.0,1355.0,1459.0,1635.0,1412.7142857142858,1383.0,1386.9333333333334
2026-02-21,1295.0,47.7,5,2,1,2026,52,1429.0,1429.0,1369.0,1527.0,1423.2857142857142,1380.857142857143,1380.0666666666666
2026-02-22,1295.0,0.0,6,2,1,2026,53,1295.0,1429.0,1369.0,1337.0,1404.142857142857,1375.5714285714287,1372.3333333333333
2026-02-23,1017.0,74.6,0,2,1,2026,54,1295.0,1429.0,1445.0,1525.0,1385.0,1370.2857142857142,1370.9333333333334
2026-02-24,1015.0,81.7,1,2,1,2026,55,1017.0,1429.0,1237.0,1525.0,1326.142857142857,1339.7142857142858,1354.0
2026-02-25,985.0,96.6,2,2,1,2026,56,1015.0,1429.0,1297.0,1525.0,1267.0,1323.857142857143,1337.0
2026-02-26,985.0,0.0,3,2,1,2026,57,985.0,1389.0,1297.0,1525.0,1203.5714285714287,1301.5714285714287,1319.0
2026-02-27,737.0,85.1,4,2,1,2026,58,985.0,1429.0,1355.0,1485.0,1145.857142857143,1279.2857142857142,1301.0
2026-02-28,889.0,5.9,5,2,1,2026,59,737.0,1295.0,1429.0,1329.0,1047.0,1235.142857142857,1276.0666666666666
2026-03-01,889.0,0.0,6,3,1,2026,60,889.0,1295.0,1429.0,1389.0,989.0,1196.5714285714287,1261.4
2026-03-02,767.0,59.6,0,3,1,2026,61,889.0,1017.0,1429.0,1225.0,931.0,1158.0,1244.7333333333333
2026-03-03,767.0,0.0,1,3,1,2026,62,767.0,1015.0,1429.0,1225.0,895.2857142857143,1110.7142857142858,1229.4666666666667
2026-03-04,849.0,87.6,2,3,1,2026,63,767.0,985.0,1429.0,1085.0,859.8571428571429,1063.4285714285713,1214.2
2026-03-05,755.0,21.9,3,3,1,2026,64,849.0,985.0,1389.0,1165.0,840.4285714285714,1022.0,1206.3333333333333
2026-03-06,795.0,20.3,4,3,1,2026,65,755.0,737.0,1429.0,1285.0,807.5714285714286,976.7142857142857,1192.6666666666667
2026-03-07,1131.0,41.3,5,3,1,2026,66,795.0,889.0,1295.0,1459.0,815.8571428571429,931.4285714285714,1176.3333333333333
2026-03-08,1131.0,0.0,6,3,1,2026,67,1131.0,889.0,1295.0,1459.0,850.4285714285714,919.7142857142857,1165.4
2026-03-09,1131.0,0.0,0,3,1,2026,68,1131.0,767.0,1017.0,1369.0,885.0,908.0,1154.4666666666667
2026-03-10,845.0,54.3,1,3,1,2026,69,1131.0,767.0,1015.0,1369.0,937.0,916.1428571428571,1146.5333333333333
2026-03-11,969.0,47.3,2,3,1,2026,70,845.0,849.0,985.0,1445.0,948.1428571428571,904.0,1129.0666666666666
2026-03-12,885.0,100.3,3,3,1,2026,71,969.0,755.0,985.0,1237.0,965.2857142857143,902.8571428571429,1113.2
2026-03-13,889.0,98.2,4,3,1,2026,72,885.0,795.0,737.0,1297.0,983.8571428571429,895.7142857142857,1101.4666666666667
2026-03-14,959.0,86.0,5,3,1,2026,73,889.0,1131.0,889.0,1297.0,997.2857142857143,906.5714285714286,1087.8666666666666
2026-03-15,959.0,0.0,6,3,1,2026,74,959.0,1131.0,889.0,1355.0,972.7142857142857,911.5714285714286,1076.6
2026-03-16,1059.0,135.5,0,3,1,2026,75,959.0,1131.0,767.0,1429.0,948.1428571428571,916.5714285714286,1063.4
2026-03-17,795.0,99.8,1,3,1,2026,76,1059.0,845.0,767.0,1429.0,937.8571428571429,937.4285714285714,1051.0666666666666
2026-03-18,795.0,0.0,2,3,1,2026,77,795.0,969.0,849.0,1429.0,930.7142857142857,939.4285714285714,1029.9333333333334
2026-03-19,795.0,0.0,3,3,1,2026,78,795.0,885.0,755.0,1429.0,905.8571428571429,935.5714285714286,1008.8
2026-03-20,795.0,0.0,4,3,1,2026,79,795.0,889.0,795.0,1429.0,893.0,938.4285714285714,987.6666666666666
2026-03-21,795.0,0.0,5,3,1,2026,80,795.0,959.0,1131.0,1389.0,879.5714285714286,938.4285714285714,966.5333333333333
2026-03-22,795.0,0.0,6,3,1,2026,81,795.0,959.0,1131.0,1429.0,856.1428571428571,914.4285714285714,946.7333333333333
2026-03-23,1219.0,91.0,0,3,1,2026,82,795.0,1059.0,1131.0,1295.0,832.7142857142857,890.4285714285714,925.6
