,,,,,All Type of Report (All Grades) for 23-Jan-2021 to 23-Mar-2026,,,,
State,District,Market,Commodity Group,Commodity,Date,Arrival Quantity 23-01-2021 to 23-03-2026,Arrival Unit,Modal Price 23-01-2021 to 23-03-2026,Price Unit
Andhra Pradesh,Kurnool,Kurnool APMC,Vegetables,Onion,23-01-2021,71.30,Metric Tonnes,2500.00,Rs./Quintal
Andhra Pradesh,Kurnool,Kurnool APMC,Vegetables,Onion,25-01-2021,198.00,Metric Tonnes,1980.00,Rs./Quintal
Andhra Pradesh,Kurnool,Kurnool APMC,Vegetables,Onion,27-01-2021,130.70,Metric Tonnes,2120.00,Rs./Quintal
Andhra Pradesh,Kurnool,Kurnool APMC,Vegetables,Onion,28-01-2021,140.30,Metric Tonnes,2210.00,Rs./Quintal
Andhra Pradesh,Kurnool,Kurnool APMC,Vegetables,Onion,29-01-2021,154.00,Metric Tonnes,2300.00,Rs./Quintal
Andhra Pradesh,Kurnool,Kurnool APMC,Vegetables,Onion,30-01-2021,80.50,Metric Tonnes,2500.00,Rs./Quintal
Andhra Pradesh,Kurnool,Kurnool APMC,Vegetables,Onion,01-02-2021,110.60,Metric Tonnes,3100.00,Rs./Quintal
Andhra Pradesh,Kurnool,Kurnool APMC,Vegetables,Onion,02-02-2021,104.80,Metric Tonnes,3140.00,Rs./Quintal
Andhra Pradesh,Kurnool,Kurnool APMC,Vegetables,Onion,03-02-2021,103.90,Metric Tonnes,3290.00,Rs./Quintal
Andhra Pradesh,Kurnool,Kurnool APMC,Vegetables,Onion,04-02-2021,109.20,Metric Tonnes,3000.00,Rs./Quintal
Andhra Pradesh,Kurnool,Kurnool APMC,Vegetables,Onion,05-02-2021,151.50,Metric Tonnes,2900.00,Rs./Quintal
Andhra Pradesh,Kurnool,Kurnool APMC,Vegetables,Onion,06-02-2021,207.90,Metric Tonnes,2740.00,Rs./Quintal
Andhra Pradesh,Kurnool,Kurnool APMC,Vegetables,Onion,08-02-2021,143.10,Metric Tonnes,2940.00,Rs./Quintal
Andhra Pradesh,Kurnool,Kurnool APMC,Vegetables,Onion,09-02-2021,103.70,Metric Tonnes,3300.00,Rs./Quintal
Andhra Pradesh,Kurnool,Kurnool APMC,Vegetables,Onion,10-02-2021,163.60,Metric Tonnes,3500.00,Rs./Quintal
Andhra Pradesh,Kurnool,Kurnool APMC,Vegetables,Onion,12-02-2021,194.40,Metric Tonnes,3520.00,Rs./Quintal
Andhra Pradesh,Kurnool,Kurnool APMC,Vegetables,Onion,13-02-2021,109.30,Metric Tonnes,3440.00,Rs./Quintal
Andhra Pradesh,Kurnool,Kurnool APMC,Vegetables,Onion,15-02-2021,229.20,Metric Tonnes,3170.00,Rs./Quintal
Andhra Pradesh,Kurnool,Kurnool APMC,Vegetables,Onion,16-02-2021,223.30,Metric Tonnes,3350.00,Rs./Quintal
Andhra Pradesh,Kurnool,Kurnool APMC,Vegetables,Onion,17-02-2021,172.10,Metric Tonnes,3250.00,Rs./Quintal
Andhra Pradesh,Kurnool,Kurnool APMC,Vegetables,Onion,18-02-2021,152.60,Metric Tonnes,3430.00,Rs./Quintal
Andhra Pradesh,Kurnool,Kurnool APMC,Vegetables,Onion,19-02-2021,276.90,Metric Tonnes,3630.00,Rs./Quintal
Andhra Pradesh,Kurnool,Kurnool APMC,Vegetables,Onion,20-02-2021,163.40,Metric Tonnes,3400.00,Rs./Quintal
Andhra Pradesh,Kurnool,Kurnool APMC,Vegetables,Onion,22-02-2021,200.70,Metric Tonnes,3550.00,Rs./Quintal
Andhra Pradesh,Kurnool,Kurnool APMC,Vegetables,Onion,23-02-2021,282.70,Metric Tonnes,3300.00,Rs./Quintal
Andhra Pradesh,Kurnool,Kurnool APMC,Vegetables,Onion,24-02-2021,360.30,Metric Tonnes,3000.00,Rs./Quintal
Andhra Pradesh,Kurnool,Kurnool APMC,Vegetables,Onion,25-02-2021,542.10,Metric Tonnes,2140.00,Rs./Quintal
Andhra Pradesh,Kurnool,Kurnool APMC,Vegetables,Onion,26-02-2021,44.70,Metric Tonnes,1900.00,Rs./Quintal
Andhra Pradesh,Kurnool,Kurnool APMC,Vegetables,Onion,27-02-2021,797.60,Metric Tonnes,1500.00,Rs./Quintal
Andhra Pradesh,Kurnool,Kurnool APMC,Vegetables,Onion,01-03-2021,337.40,Metric Tonnes,1940.00,Rs./Quintal
Andhra Pradesh,Kurnool,Kurnool APMC,Vegetables,Onion,02-03-2021,463.80,Metric Tonnes,2100.00,Rs./Quintal
Andhra Pradesh,Kurnool,Kurnool APMC,Vegetables,Onion,03-03-2021,465.30,Metric Tonnes,2000.00,Rs./Quintal
Andhra Pradesh,Kurnool,Kurnool APMC,Vegetables,Onion,04-03-2021,644.30,Metric Tonnes,1550.00,Rs./Quintal
Andhra Pradesh,Kurnool,Kurnool APMC,Vegetables,Onion,06-03-2021,681.20,Metric Tonnes,1500.00,Rs./Quintal
Andhra Pradesh,Kurnool,Kurnool APMC,Vegetables,Onion,12-03-2021,461.80,Metric Tonnes,1090.00,Rs./Quintal
Andhra Pradesh,Kurnool,Kurnool APMC,Vegetables,Onion,15-03-2021,260.60,Metric Tonnes,1310.00,Rs./Quintal
Andhra Pradesh,Kurnool,Kurnool APMC,Vegetables,Onion,16-03-2021,328.40,Metric Tonnes,1310.00,Rs./Quintal
Andhra Pradesh,Kurnool,Kurnool APMC,Vegetables,Onion,17-03-2021,552.50,Metric Tonnes,1100.00,Rs./Quintal
Andhra Pradesh,Kurnool,Kurnool APMC,Vegetables,Onion,18-03-2021,659.50,Metric Tonnes,900.00,Rs./Quintal
Andhra Pradesh,Kurnool,Kurnool APMC,Vegetables,Onion,19-03-2021,731.20,Metric Tonnes,800.00,Rs./Quintal
Andhra Pradesh,Kurnool,Kurnool APMC,Vegetables,Onion,20-03-2021,332.60,Metric Tonnes,730.00,Rs./Quintal
Andhra Pradesh,Kurnool,Kurnool APMC,Vegetables,Onion,23-03-2021,366.80,Metric Tonnes,830.00,Rs./Quintal
Andhra Pradesh,Kurnool,Kurnool APMC,Vegetables,Onion,24-03-2021,367.20,Metric Tonnes,800.00,Rs./Quintal
Andhra Pradesh,Kurnool,Kurnool APMC,Vegetables,Onion,25-03-2021,618.80,Metric Tonnes,790.00,Rs./Quintal
Andhra Pradesh,Kurnool,Kurnool APMC,Vegetables,Onion,27-03-2021,542.00,Metric Tonnes,820.00,Rs./Quintal
Andhra Pradesh,Kurnool,Kurnool APMC,Vegetables,Onion,30-03-2021,505.30,Metric Tonnes,790.00,Rs./Quintal
Andhra Pradesh,Kurnool,Kurnool APMC,Vegetables,Onion,31-03-2021,342.80,Metric Tonnes,790.00,Rs./Quintal
Andhra Pradesh,Kurnool,Kurnool APMC,Vegetables,Onion,01-04-2021,427.00,Metric Tonnes,790.00,Rs./Quintal
Andhra Pradesh,Kurnool,Kurnool APMC,Vegetables,Onion,03-04-2021,568.60,Metric Tonnes,790.00,Rs./Quintal
Andhra Pradesh,Kurnool,Kurnool APMC,Vegetables,Onion,07-04-2021,465.30,Metric Tonnes,700.00,Rs./Quintal
Andhra Pradesh,Kurnool,Kurnool APMC,Vegetables,Onion,09-04-2021,883.30,Metric Tonnes,700.00,Rs./Quintal
Andhra Pradesh,Kurnool,Kurnool APMC,Vegetables,Onion,15-04-2021,94.10,Metric Tonnes,850.00,Rs./Quintal
Andhra Pradesh,Kurnool,Kurnool APMC,Vegetables,Onion,16-04-2021,156.50,Metric Tonnes,850.00,Rs./Quintal
Andhra Pradesh,Kurnool,Kurnool APMC,Vegetables,Onion,17-04-2021,247.60,Metric Tonnes,840.00,Rs./Quintal
Andhra Pradesh,Kurnool,Kurnool APMC,Vegetables,Onion,19-04-2021,445.00,Metric Tonnes,790.00,Rs./Quintal
Andhra Pradesh,Kurnool,Kurnool APMC,Vegetables,Onion,20-04-2021,393.00,Metric Tonnes,740.00,Rs./Quintal
Andhra Pradesh,Kurnool,Kurnool APMC,Vegetables,Onion,22-04-2021,372.00,Metric Tonnes,780.00,Rs./Quintal
Andhra Pradesh,Kurnool,Kurnool APMC,Vegetables,Onion,23-04-2021,293.90,Metric Tonnes,690.00,Rs./Quintal
Andhra Pradesh,Kurnool,Kurnool APMC,Vegetables,Onion,24-04-2021,288.20,Metric Tonnes,750.00,Rs./Quintal
Andhra Pradesh,Kurnool,Kurnool APMC,Vegetables,Onion,26-04-2021,168.60,Metric Tonnes,740.00,Rs./Quintal
Andhra Pradesh,Kurnool,Kurnool APMC,Vegetables,Onion,28-04-2021,170.40,Metric Tonnes,820.00,Rs./Quintal
Andhra Pradesh,Kurnool,Kurnool APMC,Vegetables,Onion,29-04-2021,145.80,Metric Tonnes,810.00,Rs./Quintal
Andhra Pradesh,Kurnool,Kurnool APMC,Vegetables,Onion,30-04-2021,245.90,Metric Tonnes,830.00,Rs./Quintal
Andhra Pradesh,Kurnool,Kurnool APMC,Vegetables,Onion,03-05-2021,184.50,Metric Tonnes,860.00,Rs./Quintal
Andhra Pradesh,Kurnool,Kurnool APMC,Vegetables,Onion,04-05-2021,148.40,Metric Tonnes,850.00,Rs./Quintal
Andhra Pradesh,Kurnool,Kurnool APMC,Vegetables,Onion,05-05-2021,73.50,Metric Tonnes,850.00,Rs./Quintal
Andhra Pradesh,Kurnool,Kurnool APMC,Vegetables,Onion,06-05-2021,59.70,Metric Tonnes,800.00,Rs./Quintal
Andhra Pradesh,Kurnool,Kurnool APMC,Vegetables,Onion,08-05-2021,86.60,Metric Tonnes,800.00,Rs./Quintal
Andhra Pradesh,Kurnool,Kurnool APMC,Vegetables,Onion,10-05-2021,103.10,Metric Tonnes,880.00,Rs./Quintal
Andhra Pradesh,Kurnool,Kurnool APMC,Vegetables,Onion,12-05-2021,93.00,Metric Tonnes,880.00,Rs./Quintal
Andhra Pradesh,Kurnool,Kurnool APMC,Vegetables,Onion,13-05-2021,26.90,Metric Tonnes,960.00,Rs./Quintal
Andhra Pradesh,Kurnool,Kurnool APMC,Vegetables,Onion,15-05-2021,31.50,Metric Tonnes,1190.00,Rs./Quintal
Andhra Pradesh,Kurnool,Kurnool APMC,Vegetables,Onion,17-05-2021,75.80,Metric Tonnes,930.00,Rs./Quintal
Andhra Pradesh,Kurnool,Kurnool APMC,Vegetables,Onion,18-05-2021,44.60,Metric Tonnes,920.00,Rs./Quintal
Andhra Pradesh,Kurnool,Kurnool APMC,Vegetables,Onion,19-05-2021,26.90,Metric Tonnes,940.00,Rs./Quintal
Andhra Pradesh,Kurnool,Kurnool APMC,Vegetables,Onion,20-05-2021,64.60,Metric Tonnes,980.00,Rs./Quintal
Andhra Pradesh,Kurnool,Kurnool APMC,Vegetables,Onion,22-05-2021,25.00,Metric Tonnes,850.00,Rs./Quintal
Andhra Pradesh,Kurnool,Kurnool APMC,Vegetables,Onion,24-05-2021,43.40,Metric Tonnes,970.00,Rs./Quintal
Andhra Pradesh,Kurnool,Kurnool APMC,Vegetables,Onion,25-05-2021,10.80,Metric Tonnes,930.00,Rs./Quintal
Andhra Pradesh,Kurnool,Kurnool APMC,Vegetables,Onion,26-05-2021,24.20,Metric Tonnes,1380.00,Rs./Quintal
Andhra Pradesh,Kurnool,Kurnool APMC,Vegetables,Onion,27-05-2021,30.20,Metric Tonnes,1280.00,Rs./Quintal
Andhra Pradesh,Kurnool,Kurnool APMC,Vegetables,Onion,28-05-2021,17.20,Metric Tonnes,1130.00,Rs./Quintal
Andhra Pradesh,Kurnool,Kurnool APMC,Vegetables,Onion,29-05-2021,16.40,Metric Tonnes,1370.00,Rs./Quintal
Andhra Pradesh,Kurnool,Kurnool APMC,Vegetables,Onion,31-05-2021,26.10,Metric Tonnes,1500.00,Rs./Quintal
Andhra Pradesh,Kurnool,Kurnool APMC,Vegetables,Onion,01-06-2021,30.20,Metric Tonnes,1480.00,Rs./Quintal
Andhra Pradesh,Kurnool,Kurnool APMC,Vegetables,Onion,02-06-2021,16.30,Metric Tonnes,1290.00,Rs./Quintal
Andhra Pradesh,Kurnool,Kurnool APMC,Vegetables,Onion,03-06-2021,20.60,Metric Tonnes,1050.00,Rs./Quintal
Andhra Pradesh,Kurnool,Kurnool APMC,Vegetables,Onion,04-06-2021,16.00,Metric Tonnes,910.00,Rs./Quintal
Andhra Pradesh,Kurnool,Kurnool APMC,Vegetables,Onion,05-06-2021,8.20,Metric Tonnes,1360.00,Rs./Quintal
Andhra Pradesh,Kurnool,Kurnool APMC,Vegetables,Onion,07-06-2021,24.00,Metric Tonnes,1300.00,Rs./Quintal
Andhra Pradesh,Kurnool,Kurnool APMC,Vegetables,Onion,08-06-2021,36.00,Metric Tonnes,1390.00,Rs./Quintal
Andhra Pradesh,Kurnool,Kurnool APMC,Vegetables,Onion,11-06-2021,26.60,Metric Tonnes,1390.00,Rs./Quintal
Andhra Pradesh,Kurnool,Kurnool APMC,Vegetables,Onion,12-06-2021,11.90,Metric Tonnes,1430.00,Rs./Quintal
Andhra Pradesh,Kurnool,Kurnool APMC,Vegetables,Onion,14-06-2021,9.80,Metric Tonnes,1790.00,Rs./Quintal
Andhra Pradesh,Kurnool,Kurnool APMC,Vegetables,Onion,15-06-2021,11.30,Metric Tonnes,1620.00,Rs./Quintal
Andhra Pradesh,Kurnool,Kurnool APMC,Vegetables,Onion,17-06-2021,21.60,Metric Tonnes,1740.00,Rs./Quintal
Andhra Pradesh,Kurnool,Kurnool APMC,Vegetables,Onion,18-06-2021,26.60,Metric Tonnes,1590.00,Rs./Quintal
Andhra Pradesh,Kurnool,Kurnool APMC,Vegetables,Onion,19-06-2021,13.20,Metric Tonnes,1350.00,Rs./Quintal
Andhra Pradesh,Kurnool,Kurnool APMC,Vegetables,Onion,21-06-2021,15.00,Metric Tonnes,1600.00,Rs./Quintal
Andhra Pradesh,Kurnool,Kurnool APMC,Vegetables,Onion,22-06-2021,3.50,Metric Tonnes,1490.00,Rs./Quintal
Andhra Pradesh,Kurnool,Kurnool APMC,Vegetables,Onion,23-06-2021,3.50,Metric Tonnes,1810.00,Rs./Quintal
Andhra Pradesh,Kurnool,Kurnool APMC,Vegetables,Onion,24-06-2021,14.90,Metric Tonnes,1410.00,Rs./Quintal
Andhra Pradesh,Kurnool,Kurnool APMC,Vegetables,Onion,25-06-2021,13.50,Metric Tonnes,1570.00,Rs./Quintal
Andhra Pradesh,Kurnool,Kurnool APMC,Vegetables,Onion,26-06-2021,7.60,Metric Tonnes,1850.00,Rs./Quintal
Andhra Pradesh,Kurnool,Kurnool APMC,Vegetables,Onion,28-06-2021,7.20,Metric Tonnes,1440.00,Rs./Quintal
Andhra Pradesh,Kurnool,Kurnool APMC,Vegetables,Onion,29-06-2021,5.50,Metric Tonnes,1710.00,Rs./Quintal
Andhra Pradesh,Kurnool,Kurnool APMC,Vegetables,Onion,01-07-2021,6.70,Metric Tonnes,1650.00,Rs./Quintal
Andhra Pradesh,Kurnool,Kurnool APMC,Vegetables,Onion,02-07-2021,21.10,Metric Tonnes,1710.00,Rs./Quintal
Andhra Pradesh,Kurnool,Kurnool APMC,Vegetables,Onion,03-07-2021,19.30,Metric Tonnes,1270.00,Rs./Quintal
Andhra Pradesh,Kurnool,Kurnool APMC,Vegetables,Onion,05-07-2021,41.60,Metric Tonnes,1550.00,Rs./Quintal
Andhra Pradesh,Kurnool,Kurnool APMC,Vegetables,Onion,06-07-2021,20.60,Metric Tonnes,1850.00,Rs./Quintal
Andhra Pradesh,Kurnool,Kurnool APMC,Vegetables,Onion,07-07-2021,26.60,Metric Tonnes,1690.00,Rs./Quintal
Andhra Pradesh,Kurnool,Kurnool APMC,Vegetables,Onion,08-07-2021,25.50,Metric Tonnes,1580.00,Rs./Quintal
Andhra Pradesh,Kurnool,Kurnool APMC,Vegetables,Onion,10-07-2021,31.70,Metric Tonnes,1720.00,Rs./Quintal
Andhra Pradesh,Kurnool,Kurnool APMC,Vegetables,Onion,12-07-2021,47.40,Metric Tonnes,1540.00,Rs./Quintal
Andhra Pradesh,Kurnool,Kurnool APMC,Vegetables,Onion,13-07-2021,64.20,Metric Tonnes,1500.00,Rs./Quintal
Andhra Pradesh,Kurnool,Kurnool APMC,Vegetables,Onion,15-07-2021,25.20,Metric Tonnes,1240.00,Rs./Quintal
Andhra Pradesh,Kurnool,Kurnool APMC,Vegetables,Onion,16-07-2021,29.00,Metric Tonnes,1540.00,Rs./Quintal
Andhra Pradesh,Kurnool,Kurnool APMC,Vegetables,Onion,19-07-2021,115.20,Metric Tonnes,1490.00,Rs./Quintal
Andhra Pradesh,Kurnool,Kurnool APMC,Vegetables,Onion,20-07-2021,140.30,Metric Tonnes,1210.00,Rs./Quintal
Andhra Pradesh,Kurnool,Kurnool APMC,Vegetables,Onion,22-07-2021,58.40,Metric Tonnes,1180.00,Rs./Quintal
Andhra Pradesh,Kurnool,Kurnool APMC,Vegetables,Onion,23-07-2021,12.80,Metric Tonnes,1420.00,Rs./Quintal
Andhra Pradesh,Kurnool,Kurnool APMC,Vegetables,Onion,24-07-2021,53.50,Metric Tonnes,1150.00,Rs./Quintal
Andhra Pradesh,Kurnool,Kurnool APMC,Vegetables,Onion,26-07-2021,82.30,Metric Tonnes,1420.00,Rs./Quintal
Andhra Pradesh,Kurnool,Kurnool APMC,Vegetables,Onion,27-07-2021,126.70,Metric Tonnes,1510.00,Rs./Quintal
Andhra Pradesh,Kurnool,Kurnool APMC,Vegetables,Onion,28-07-2021,193.40,Metric Tonnes,1450.00,Rs./Quintal
Andhra Pradesh,Kurnool,Kurnool APMC,Vegetables,Onion,29-07-2021,178.40,Metric Tonnes,1290.00,Rs./Quintal
Andhra Pradesh,Kurnool,Kurnool APMC,Vegetables,Onion,30-07-2021,206.40,Metric Tonnes,1390.00,Rs./Quintal
Andhra Pradesh,Kurnool,Kurnool APMC,Vegetables,Onion,31-07-2021,168.60,Metric Tonnes,1450.00,Rs./Quintal
Andhra Pradesh,Kurnool,Kurnool APMC,Vegetables,Onion,02-08-2021,290.40,Metric Tonnes,1410.00,Rs./Quintal
Andhra Pradesh,Kurnool,Kurnool APMC,Vegetables,Onion,03-08-2021,221.00,Metric Tonnes,1350.00,Rs./Quintal
Andhra Pradesh,Kurnool,Kurnool APMC,Vegetables,Onion,04-08-2021,263.70,Metric Tonnes,1300.00,Rs./Quintal
Andhra Pradesh,Kurnool,Kurnool APMC,Vegetables,Onion,05-08-2021,207.40,Metric Tonnes,1320.00,Rs./Quintal
Andhra Pradesh,Kurnool,Kurnool APMC,Vegetables,Onion,06-08-2021,237.90,Metric Tonnes,1330.00,Rs./Quintal
Andhra Pradesh,Kurnool,Kurnool APMC,Vegetables,Onion,07-08-2021,264.00,Metric Tonnes,1390.00,Rs./Quintal
Andhra Pradesh,Kurnool,Kurnool APMC,Vegetables,Onion,19-08-2021,105.40,Metric Tonnes,1400.00,Rs./Quintal
Andhra Pradesh,Kurnool,Kurnool APMC,Vegetables,Onion,27-08-2021,148.90,Metric Tonnes,1150.00,Rs./Quintal
Andhra Pradesh,Kurnool,Kurnool APMC,Vegetables,Onion,28-08-2021,484.70,Metric Tonnes,1100.00,Rs./Quintal
Andhra Pradesh,Kurnool,Kurnool APMC,Vegetables,Onion,31-08-2021,379.50,Metric Tonnes,1050.00,Rs./Quintal
Andhra Pradesh,Kurnool,Kurnool APMC,Vegetables,Onion,01-09-2021,299.00,Metric Tonnes,950.00,Rs./Quintal
Andhra Pradesh,Kurnool,Kurnool APMC,Vegetables,Onion,03-09-2021,466.20,Metric Tonnes,1050.00,Rs./Quintal
Andhra Pradesh,Kurnool,Kurnool APMC,Vegetables,Onion,04-09-2021,562.70,Metric Tonnes,1057.00,Rs./Quintal
Andhra Pradesh,Kurnool,Kurnool APMC,Vegetables,Onion,06-09-2021,969.30,Metric Tonnes,1071.00,Rs./Quintal
Andhra Pradesh,Kurnool,Kurnool APMC,Vegetables,Onion,08-09-2021,889.60,Metric Tonnes,1061.00,Rs./Quintal
Andhra Pradesh,Kurnool,Kurnool APMC,Vegetables,Onion,09-09-2021,545.10,Metric Tonnes,1050.00,Rs./Quintal
Andhra Pradesh,Kurnool,Kurnool APMC,Vegetables,Onion,11-09-2021,663.30,Metric Tonnes,1107.00,Rs./Quintal
Andhra Pradesh,Kurnool,Kurnool APMC,Vegetables,Onion,13-09-2021,685.40,Metric Tonnes,1100.00,Rs./Quintal
Andhra Pradesh,Kurnool,Kurnool APMC,Vegetables,Onion,14-09-2021,800.60,Metric Tonnes,1065.00,Rs./Quintal
Andhra Pradesh,Kurnool,Kurnool APMC,Vegetables,Onion,15-09-2021,604.70,Metric Tonnes,957.00,Rs./Quintal
Andhra Pradesh,Kurnool,Kurnool APMC,Vegetables,Onion,16-09-2021,593.50,Metric Tonnes,900.00,Rs./Quintal
Andhra Pradesh,Kurnool,Kurnool APMC,Vegetables,Onion,11-10-2021,207.20,Metric Tonnes,1860.00,Rs./Quintal
Andhra Pradesh,Kurnool,Kurnool APMC,Vegetables,Onion,12-10-2021,278.10,Metric Tonnes,2700.00,Rs./Quintal
Andhra Pradesh,Kurnool,Kurnool APMC,Vegetables,Onion,18-10-2021,585.00,Metric Tonnes,1800.00,Rs./Quintal
Andhra Pradesh,Kurnool,Kurnool APMC,Vegetables,Onion,20-10-2021,378.00,Metric Tonnes,1950.00,Rs./Quintal
Andhra Pradesh,Kurnool,Kurnool APMC,Vegetables,Onion,21-10-2021,405.00,Metric Tonnes,1900.00,Rs./Quintal
Andhra Pradesh,Kurnool,Kurnool APMC,Vegetables,Onion,22-10-2021,392.10,Metric Tonnes,1800.00,Rs./Quintal
Andhra Pradesh,Kurnool,Kurnool APMC,Vegetables,Onion,23-10-2021,320.10,Metric Tonnes,1750.00,Rs./Quintal
Andhra Pradesh,Kurnool,Kurnool APMC,Vegetables,Onion,25-10-2021,578.80,Metric Tonnes,1901.00,Rs./Quintal
Andhra Pradesh,Kurnool,Kurnool APMC,Vegetables,Onion,26-10-2021,400.10,Metric Tonnes,1707.00,Rs./Quintal
Andhra Pradesh,Kurnool,Kurnool APMC,Vegetables,Onion,27-10-2021,507.60,Metric Tonnes,1000.00,Rs./Quintal
Andhra Pradesh,Kurnool,Kurnool APMC,Vegetables,Onion,28-10-2021,619.70,Metric Tonnes,1100.00,Rs./Quintal
Andhra Pradesh,Kurnool,Kurnool APMC,Vegetables,Onion,29-10-2021,755.10,Metric Tonnes,1200.00,Rs./Quintal
Andhra Pradesh,Kurnool,Kurnool APMC,Vegetables,Onion,30-10-2021,688.20,Metric Tonnes,1008.00,Rs./Quintal
Andhra Pradesh,Kurnool,Kurnool APMC,Vegetables,Onion,01-11-2021,503.50,Metric Tonnes,1651.00,Rs./Quintal
Andhra Pradesh,Kurnool,Kurnool APMC,Vegetables,Onion,02-11-2021,387.80,Metric Tonnes,1400.00,Rs./Quintal
Andhra Pradesh,Kurnool,Kurnool APMC,Vegetables,Onion,03-11-2021,263.00,Metric Tonnes,1369.00,Rs./Quintal
Andhra Pradesh,Kurnool,Kurnool APMC,Vegetables,Onion,05-11-2021,193.40,Metric Tonnes,1600.00,Rs./Quintal
Andhra Pradesh,Kurnool,Kurnool APMC,Vegetables,Onion,06-11-2021,322.00,Metric Tonnes,1827.00,Rs./Quintal
Andhra Pradesh,Kurnool,Kurnool APMC,Vegetables,Onion,08-11-2021,492.80,Metric Tonnes,1880.00,Rs./Quintal
Andhra Pradesh,Kurnool,Kurnool APMC,Vegetables,Onion,09-11-2021,565.30,Metric Tonnes,1808.00,Rs./Quintal
Andhra Pradesh,Kurnool,Kurnool APMC,Vegetables,Onion,10-11-2021,648.40,Metric Tonnes,1752.00,Rs./Quintal
Andhra Pradesh,Kurnool,Kurnool APMC,Vegetables,Onion,11-11-2021,698.90,Metric Tonnes,1602.00,Rs./Quintal
Andhra Pradesh,Kurnool,Kurnool APMC,Vegetables,Onion,12-11-2021,708.90,Metric Tonnes,1321.00,Rs./Quintal
Andhra Pradesh,Kurnool,Kurnool APMC,Vegetables,Onion,13-11-2021,569.90,Metric Tonnes,1211.00,Rs./Quintal
Andhra Pradesh,Kurnool,Kurnool APMC,Vegetables,Onion,15-11-2021,373.80,Metric Tonnes,1175.00,Rs./Quintal
Andhra Pradesh,Kurnool,Kurnool APMC,Vegetables,Onion,16-11-2021,270.10,Metric Tonnes,1406.00,Rs./Quintal
Andhra Pradesh,Kurnool,Kurnool APMC,Vegetables,Onion,17-11-2021,235.20,Metric Tonnes,1355.00,Rs./Quintal
Andhra Pradesh,Kurnool,Kurnool APMC,Vegetables,Onion,18-11-2021,156.20,Metric Tonnes,1105.00,Rs./Quintal
Andhra Pradesh,Kurnool,Kurnool APMC,Vegetables,Onion,19-11-2021,37.60,Metric Tonnes,1255.00,Rs./Quintal
Andhra Pradesh,Kurnool,Kurnool APMC,Vegetables,Onion,20-11-2021,36.50,Metric Tonnes,1121.00,Rs./Quintal
Andhra Pradesh,Kurnool,Kurnool APMC,Vegetables,Onion,22-11-2021,55.50,Metric Tonnes,1259.00,Rs./Quintal
Andhra Pradesh,Kurnool,Kurnool APMC,Vegetables,Onion,23-11-2021,74.00,Metric Tonnes,1359.00,Rs./Quintal
Andhra Pradesh,Kurnool,Kurnool APMC,Vegetables,Onion,24-11-2021,154.00,Metric Tonnes,1407.00,Rs./Quintal
Andhra Pradesh,Kurnool,Kurnool APMC,Vegetables,Onion,26-11-2021,408.20,Metric Tonnes,1069.00,Rs./Quintal
Andhra Pradesh,Kurnool,Kurnool APMC,Vegetables,Onion,27-11-2021,381.60,Metric Tonnes,1051.00,Rs./Quintal
Andhra Pradesh,Kurnool,Kurnool APMC,Vegetables,Onion,29-11-2021,145.90,Metric Tonnes,881.00,Rs./Quintal
Andhra Pradesh,Kurnool,Kurnool APMC,Vegetables,Onion,30-11-2021,99.30,Metric Tonnes,909.00,Rs./Quintal
Andhra Pradesh,Kurnool,Kurnool APMC,Vegetables,Onion,01-12-2021,88.60,Metric Tonnes,903.00,Rs./Quintal
Andhra Pradesh,Kurnool,Kurnool APMC,Vegetables,Onion,02-12-2021,116.80,Metric Tonnes,1151.00,Rs./Quintal
Andhra Pradesh,Kurnool,Kurnool APMC,Vegetables,Onion,06-12-2021,222.30,Metric Tonnes,1200.00,Rs./Quintal
Andhra Pradesh,Kurnool,Kurnool APMC,Vegetables,Onion,07-12-2021,260.20,Metric Tonnes,1169.00,Rs./Quintal
Andhra Pradesh,Kurnool,Kurnool APMC,Vegetables,Onion,08-12-2021,275.60,Metric Tonnes,1209.00,Rs./Quintal
Andhra Pradesh,Kurnool,Kurnool APMC,Vegetables,Onion,09-12-2021,273.30,Metric Tonnes,1219.00,Rs./Quintal
Andhra Pradesh,Kurnool,Kurnool APMC,Vegetables,Onion,10-12-2021,302.40,Metric Tonnes,1309.00,Rs./Quintal
Andhra Pradesh,Kurnool,Kurnool APMC,Vegetables,Onion,11-12-2021,310.10,Metric Tonnes,1207.00,Rs./Quintal
Andhra Pradesh,Kurnool,Kurnool APMC,Vegetables,Onion,14-12-2021,105.60,Metric Tonnes,1209.00,Rs./Quintal
Andhra Pradesh,Kurnool,Kurnool APMC,Vegetables,Onion,15-12-2021,95.60,Metric Tonnes,1259.00,Rs./Quintal
Andhra Pradesh,Kurnool,Kurnool APMC,Vegetables,Onion,16-12-2021,70.30,Metric Tonnes,1309.00,Rs./Quintal
Andhra Pradesh,Kurnool,Kurnool APMC,Vegetables,Onion,17-12-2021,69.80,Metric Tonnes,1429.00,Rs./Quintal
Andhra Pradesh,Kurnool,Kurnool APMC,Vegetables,Onion,18-12-2021,86.50,Metric Tonnes,1479.00,Rs./Quintal
Andhra Pradesh,Kurnool,Kurnool APMC,Vegetables,Onion,20-12-2021,77.00,Metric Tonnes,1381.00,Rs./Quintal
Andhra Pradesh,Kurnool,Kurnool APMC,Vegetables,Onion,21-12-2021,67.70,Metric Tonnes,1379.00,Rs./Quintal
Andhra Pradesh,Kurnool,Kurnool APMC,Vegetables,Onion,22-12-2021,24.40,Metric Tonnes,1509.00,Rs./Quintal
Andhra Pradesh,Kurnool,Kurnool APMC,Vegetables,Onion,23-12-2021,77.70,Metric Tonnes,1601.00,Rs./Quintal
Andhra Pradesh,Kurnool,Kurnool APMC,Vegetables,Onion,24-12-2021,46.70,Metric Tonnes,1609.00,Rs./Quintal
Andhra Pradesh,Kurnool,Kurnool APMC,Vegetables,Onion,27-12-2021,40.20,Metric Tonnes,1683.00,Rs./Quintal
Andhra Pradesh,Kurnool,Kurnool APMC,Vegetables,Onion,28-12-2021,78.70,Metric Tonnes,1629.00,Rs./Quintal
Andhra Pradesh,Kurnool,Kurnool APMC,Vegetables,Onion,30-12-2021,52.40,Metric Tonnes,1610.00,Rs./Quintal
Andhra Pradesh,Kurnool,Kurnool APMC,Vegetables,Onion,31-12-2021,46.30,Metric Tonnes,1537.00,Rs./Quintal
Andhra Pradesh,Kurnool,Kurnool APMC,Vegetables,Onion,03-01-2022,41.20,Metric Tonnes,1669.00,Rs./Quintal
Andhra Pradesh,Kurnool,Kurnool APMC,Vegetables,Onion,04-01-2022,59.70,Metric Tonnes,1563.00,Rs./Quintal
Andhra Pradesh,Kurnool,Kurnool APMC,Vegetables,Onion,05-01-2022,58.60,Metric Tonnes,1623.00,Rs./Quintal
Andhra Pradesh,Kurnool,Kurnool APMC,Vegetables,Onion,06-01-2022,50.60,Metric Tonnes,1673.00,Rs./Quintal
Andhra Pradesh,Kurnool,Kurnool APMC,Vegetables,Onion,07-01-2022,75.90,Metric Tonnes,1669.00,Rs./Quintal
Andhra Pradesh,Kurnool,Kurnool APMC,Vegetables,Onion,08-01-2022,73.10,Metric Tonnes,1569.00,Rs./Quintal
Andhra Pradesh,Kurnool,Kurnool APMC,Vegetables,Onion,10-01-2022,101.00,Metric Tonnes,1651.00,Rs./Quintal
Andhra Pradesh,Kurnool,Kurnool APMC,Vegetables,Onion,11-01-2022,63.00,Metric Tonnes,1585.00,Rs./Quintal
Andhra Pradesh,Kurnool,Kurnool APMC,Vegetables,Onion,12-01-2022,109.90,Metric Tonnes,1479.00,Rs./Quintal
Andhra Pradesh,Kurnool,Kurnool APMC,Vegetables,Onion,17-01-2022,15.40,Metric Tonnes,1451.00,Rs./Quintal
Andhra Pradesh,Kurnool,Kurnool APMC,Vegetables,Onion,18-01-2022,20.30,Metric Tonnes,1769.00,Rs./Quintal
Andhra Pradesh,Kurnool,Kurnool APMC,Vegetables,Onion,19-01-2022,38.20,Metric Tonnes,1669.00,Rs./Quintal
Andhra Pradesh,Kurnool,Kurnool APMC,Vegetables,Onion,20-01-2022,43.90,Metric Tonnes,1723.00,Rs./Quintal
Andhra Pradesh,Kurnool,Kurnool APMC,Vegetables,Onion,21-01-2022,75.60,Metric Tonnes,1669.00,Rs./Quintal
Andhra Pradesh,Kurnool,Kurnool APMC,Vegetables,Onion,22-01-2022,107.70,Metric Tonnes,1627.00,Rs./Quintal
Andhra Pradesh,Kurnool,Kurnool APMC,Vegetables,Onion,24-01-2022,119.30,Metric Tonnes,1619.00,Rs./Quintal
Andhra Pradesh,Kurnool,Kurnool APMC,Vegetables,Onion,25-01-2022,162.80,Metric Tonnes,1573.00,Rs./Quintal
Andhra Pradesh,Kurnool,Kurnool APMC,Vegetables,Onion,27-01-2022,115.20,Metric Tonnes,1629.00,Rs./Quintal
Andhra Pradesh,Kurnool,Kurnool APMC,Vegetables,Onion,28-01-2022,127.10,Metric Tonnes,1559.00,Rs./Quintal
Andhra Pradesh,Kurnool,Kurnool APMC,Vegetables,Onion,29-01-2022,132.00,Metric Tonnes,1479.00,Rs./Quintal
Andhra Pradesh,Kurnool,Kurnool APMC,Vegetables,Onion,31-01-2022,156.40,Metric Tonnes,1487.00,Rs./Quintal
Andhra Pradesh,Kurnool,Kurnool APMC,Vegetables,Onion,02-02-2022,130.80,Metric Tonnes,1409.00,Rs./Quintal
Andhra Pradesh,Kurnool,Kurnool APMC,Vegetables,Onion,03-02-2022,68.50,Metric Tonnes,1527.00,Rs./Quintal
Andhra Pradesh,Kurnool,Kurnool APMC,Vegetables,Onion,04-02-2022,81.30,Metric Tonnes,1469.00,Rs./Quintal
Andhra Pradesh,Kurnool,Kurnool APMC,Vegetables,Onion,05-02-2022,84.60,Metric Tonnes,1721.00,Rs./Quintal
Andhra Pradesh,Kurnool,Kurnool APMC,Vegetables,Onion,07-02-2022,55.00,Metric Tonnes,1839.00,Rs./Quintal
Andhra Pradesh,Kurnool,Kurnool APMC,Vegetables,Onion,08-02-2022,55.00,Metric Tonnes,1848.00,Rs./Quintal
Andhra Pradesh,Kurnool,Kurnool APMC,Vegetables,Onion,09-02-2022,35.30,Metric Tonnes,1910.00,Rs./Quintal
Andhra Pradesh,Kurnool,Kurnool APMC,Vegetables,Onion,10-02-2022,81.90,Metric Tonnes,1937.00,Rs./Quintal
Andhra Pradesh,Kurnool,Kurnool APMC,Vegetables,Onion,12-02-2022,96.00,Metric Tonnes,1569.00,Rs./Quintal
Andhra Pradesh,Kurnool,Kurnool APMC,Vegetables,Onion,14-02-2022,77.30,Metric Tonnes,1905.00,Rs./Quintal
Andhra Pradesh,Kurnool,Kurnool APMC,Vegetables,Onion,15-02-2022,41.70,Metric Tonnes,1652.00,Rs./Quintal
Andhra Pradesh,Kurnool,Kurnool APMC,Vegetables,Onion,16-02-2022,79.70,Metric Tonnes,1869.00,Rs./Quintal
Andhra Pradesh,Kurnool,Kurnool APMC,Vegetables,Onion,17-02-2022,92.70,Metric Tonnes,1967.00,Rs./Quintal
Andhra Pradesh,Kurnool,Kurnool APMC,Vegetables,Onion,18-02-2022,89.50,Metric Tonnes,1639.00,Rs./Quintal
Andhra Pradesh,Kurnool,Kurnool APMC,Vegetables,Onion,19-02-2022,96.50,Metric Tonnes,1789.00,Rs./Quintal
Andhra Pradesh,Kurnool,Kurnool APMC,Vegetables,Onion,21-02-2022,97.60,Metric Tonnes,1832.00,Rs./Quintal
Andhra Pradesh,Kurnool,Kurnool APMC,Vegetables,Onion,22-02-2022,136.80,Metric Tonnes,1819.00,Rs./Quintal
Andhra Pradesh,Kurnool,Kurnool APMC,Vegetables,Onion,23-02-2022,124.60,Metric Tonnes,1809.00,Rs./Quintal
Andhra Pradesh,Kurnool,Kurnool APMC,Vegetables,Onion,24-02-2022,161.90,Metric Tonnes,1883.00,Rs./Quintal
Andhra Pradesh,Kurnool,Kurnool APMC,Vegetables,Onion,25-02-2022,183.90,Metric Tonnes,1850.00,Rs./Quintal
Andhra Pradesh,Kurnool,Kurnool APMC,Vegetables,Onion,26-02-2022,240.30,Metric Tonnes,1611.00,Rs./Quintal
Andhra Pradesh,Kurnool,Kurnool APMC,Vegetables,Onion,28-02-2022,310.00,Metric Tonnes,1450.00,Rs./Quintal
Andhra Pradesh,Kurnool,Kurnool APMC,Vegetables,Onion,03-03-2022,135.50,Metric Tonnes,1349.00,Rs./Quintal
Andhra Pradesh,Kurnool,Kurnool APMC,Vegetables,Onion,05-03-2022,242.10,Metric Tonnes,1289.00,Rs./Quintal
Andhra Pradesh,Kurnool,Kurnool APMC,Vegetables,Onion,07-03-2022,255.00,Metric Tonnes,1147.00,Rs./Quintal
Andhra Pradesh,Kurnool,Kurnool APMC,Vegetables,Onion,08-03-2022,298.70,Metric Tonnes,1150.00,Rs./Quintal
Andhra Pradesh,Kurnool,Kurnool APMC,Vegetables,Onion,09-03-2022,179.30,Metric Tonnes,1050.00,Rs./Quintal
Andhra Pradesh,Kurnool,Kurnool APMC,Vegetables,Onion,10-03-2022,198.00,Metric Tonnes,1021.00,Rs./Quintal
Andhra Pradesh,Kurnool,Kurnool APMC,Vegetables,Onion,11-03-2022,150.90,Metric Tonnes,980.00,Rs./Quintal
Andhra Pradesh,Kurnool,Kurnool APMC,Vegetables,Onion,12-03-2022,126.00,Metric Tonnes,1205.00,Rs./Quintal
Andhra Pradesh,Kurnool,Kurnool APMC,Vegetables,Onion,14-03-2022,133.70,Metric Tonnes,1123.00,Rs./Quintal
Andhra Pradesh,Kurnool,Kurnool APMC,Vegetables,Onion,15-03-2022,149.70,Metric Tonnes,1069.00,Rs./Quintal
Andhra Pradesh,Kurnool,Kurnool APMC,Vegetables,Onion,16-03-2022,124.70,Metric Tonnes,987.00,Rs./Quintal
Andhra Pradesh,Kurnool,Kurnool APMC,Vegetables,Onion,19-03-2022,169.40,Metric Tonnes,959.00,Rs./Quintal
Andhra Pradesh,Kurnool,Kurnool APMC,Vegetables,Onion,21-03-2022,122.60,Metric Tonnes,951.00,Rs./Quintal
Andhra Pradesh,Kurnool,Kurnool APMC,Vegetables,Onion,22-03-2022,201.40,Metric Tonnes,929.00,Rs./Quintal
Andhra Pradesh,Kurnool,Kurnool APMC,Vegetables,Onion,23-03-2022,58.30,Metric Tonnes,960.00,Rs./Quintal
Andhra Pradesh,Kurnool,Kurnool APMC,Vegetables,Onion,24-03-2022,80.10,Metric Tonnes,889.00,Rs./Quintal
Andhra Pradesh,Kurnool,Kurnool APMC,Vegetables,Onion,25-03-2022,80.70,Metric Tonnes,930.00,Rs./Quintal
Andhra Pradesh,Kurnool,Kurnool APMC,Vegetables,Onion,26-03-2022,128.20,Metric Tonnes,819.00,Rs./Quintal
Andhra Pradesh,Kurnool,Kurnool APMC,Vegetables,Onion,30-03-2022,194.20,Metric Tonnes,750.00,Rs./Quintal
Andhra Pradesh,Kurnool,Kurnool APMC,Vegetables,Onion,31-03-2022,106.60,Metric Tonnes,930.00,Rs./Quintal
Andhra Pradesh,Kurnool,Kurnool APMC,Vegetables,Onion,04-04-2022,35.60,Metric Tonnes,951.00,Rs./Quintal
Andhra Pradesh,Kurnool,Kurnool APMC,Vegetables,Onion,06-04-2022,64.90,Metric Tonnes,928.00,Rs./Quintal
Andhra Pradesh,Kurnool,Kurnool APMC,Vegetables,Onion,07-04-2022,55.50,Metric Tonnes,830.00,Rs./Quintal
Andhra Pradesh,Kurnool,Kurnool APMC,Vegetables,Onion,08-04-2022,148.30,Metric Tonnes,829.00,Rs./Quintal
Andhra Pradesh,Kurnool,Kurnool APMC,Vegetables,Onion,09-04-2022,110.30,Metric Tonnes,729.00,Rs./Quintal
Andhra Pradesh,Kurnool,Kurnool APMC,Vegetables,Onion,11-04-2022,248.30,Metric Tonnes,612.00,Rs./Quintal
Andhra Pradesh,Kurnool,Kurnool APMC,Vegetables,Onion,12-04-2022,251.60,Metric Tonnes,509.00,Rs./Quintal
Andhra Pradesh,Kurnool,Kurnool APMC,Vegetables,Onion,13-04-2022,94.10,Metric Tonnes,590.00,Rs./Quintal
Andhra Pradesh,Kurnool,Kurnool APMC,Vegetables,Onion,16-04-2022,107.30,Metric Tonnes,590.00,Rs./Quintal
Andhra Pradesh,Kurnool,Kurnool APMC,Vegetables,Onion,18-04-2022,41.00,Metric Tonnes,677.00,Rs./Quintal
Andhra Pradesh,Kurnool,Kurnool APMC,Vegetables,Onion,19-04-2022,19.00,Metric Tonnes,651.00,Rs./Quintal
Andhra Pradesh,Kurnool,Kurnool APMC,Vegetables,Onion,20-04-2022,31.70,Metric Tonnes,909.00,Rs./Quintal
Andhra Pradesh,Kurnool,Kurnool APMC,Vegetables,Onion,21-04-2022,31.80,Metric Tonnes,759.00,Rs./Quintal
Andhra Pradesh,Kurnool,Kurnool APMC,Vegetables,Onion,22-04-2022,48.80,Metric Tonnes,730.00,Rs./Quintal
Andhra Pradesh,Kurnool,Kurnool APMC,Vegetables,Onion,23-04-2022,53.70,Metric Tonnes,679.00,Rs./Quintal
Andhra Pradesh,Kurnool,Kurnool APMC,Vegetables,Onion,25-04-2022,133.50,Metric Tonnes,580.00,Rs./Quintal
Andhra Pradesh,Kurnool,Kurnool APMC,Vegetables,Onion,27-04-2022,32.60,Metric Tonnes,555.00,Rs./Quintal
Andhra Pradesh,Kurnool,Kurnool APMC,Vegetables,Onion,28-04-2022,30.40,Metric Tonnes,627.00,Rs./Quintal
Andhra Pradesh,Kurnool,Kurnool APMC,Vegetables,Onion,29-04-2022,76.20,Metric Tonnes,755.00,Rs./Quintal
Andhra Pradesh,Kurnool,Kurnool APMC,Vegetables,Onion,02-05-2022,65.30,Metric Tonnes,519.00,Rs./Quintal
Andhra Pradesh,Kurnool,Kurnool APMC,Vegetables,Onion,04-05-2022,43.20,Metric Tonnes,507.00,Rs./Quintal
Andhra Pradesh,Kurnool,Kurnool APMC,Vegetables,Onion,06-05-2022,62.40,Metric Tonnes,580.00,Rs./Quintal
Andhra Pradesh,Kurnool,Kurnool APMC,Vegetables,Onion,09-05-2022,39.10,Metric Tonnes,589.00,Rs./Quintal
Andhra Pradesh,Kurnool,Kurnool APMC,Vegetables,Onion,10-05-2022,35.00,Metric Tonnes,450.00,Rs./Quintal
Andhra Pradesh,Kurnool,Kurnool APMC,Vegetables,Onion,11-05-2022,29.40,Metric Tonnes,550.00,Rs./Quintal
Andhra Pradesh,Kurnool,Kurnool APMC,Vegetables,Onion,12-05-2022,15.80,Metric Tonnes,407.00,Rs./Quintal
Andhra Pradesh,Kurnool,Kurnool APMC,Vegetables,Onion,13-05-2022,24.80,Metric Tonnes,500.00,Rs./Quintal
Andhra Pradesh,Kurnool,Kurnool APMC,Vegetables,Onion,16-05-2022,3.10,Metric Tonnes,426.00,Rs./Quintal
Andhra Pradesh,Kurnool,Kurnool APMC,Vegetables,Onion,17-05-2022,3.40,Metric Tonnes,300.00,Rs./Quintal
Andhra Pradesh,Kurnool,Kurnool APMC,Vegetables,Onion,18-05-2022,12.60,Metric Tonnes,527.00,Rs./Quintal
Andhra Pradesh,Kurnool,Kurnool APMC,Vegetables,Onion,19-05-2022,3.10,Metric Tonnes,410.00,Rs./Quintal
Andhra Pradesh,Kurnool,Kurnool APMC,Vegetables,Onion,25-05-2022,7.20,Metric Tonnes,667.00,Rs./Quintal
Andhra Pradesh,Kurnool,Kurnool APMC,Vegetables,Onion,26-05-2022,13.80,Metric Tonnes,617.00,Rs./Quintal
Andhra Pradesh,Kurnool,Kurnool APMC,Vegetables,Onion,27-05-2022,3.60,Metric Tonnes,700.00,Rs./Quintal
Andhra Pradesh,Kurnool,Kurnool APMC,Vegetables,Onion,28-05-2022,3.90,Metric Tonnes,611.00,Rs./Quintal
Andhra Pradesh,Kurnool,Kurnool APMC,Vegetables,Onion,31-05-2022,18.70,Metric Tonnes,589.00,Rs./Quintal
Andhra Pradesh,Kurnool,Kurnool APMC,Vegetables,Onion,01-06-2022,2.90,Metric Tonnes,929.00,Rs./Quintal
Andhra Pradesh,Kurnool,Kurnool APMC,Vegetables,Onion,03-06-2022,9.50,Metric Tonnes,729.00,Rs./Quintal
Andhra Pradesh,Kurnool,Kurnool APMC,Vegetables,Onion,06-06-2022,4.90,Metric Tonnes,920.00,Rs./Quintal
Andhra Pradesh,Kurnool,Kurnool APMC,Vegetables,Onion,07-06-2022,7.50,Metric Tonnes,851.00,Rs./Quintal
Andhra Pradesh,Kurnool,Kurnool APMC,Vegetables,Onion,08-06-2022,15.50,Metric Tonnes,590.00,Rs./Quintal
Andhra Pradesh,Kurnool,Kurnool APMC,Vegetables,Onion,09-06-2022,8.60,Metric Tonnes,769.00,Rs./Quintal
Andhra Pradesh,Kurnool,Kurnool APMC,Vegetables,Onion,10-06-2022,15.00,Metric Tonnes,829.00,Rs./Quintal
Andhra Pradesh,Kurnool,Kurnool APMC,Vegetables,Onion,11-06-2022,8.20,Metric Tonnes,971.00,Rs./Quintal
Andhra Pradesh,Kurnool,Kurnool APMC,Vegetables,Onion,13-06-2022,3.60,Metric Tonnes,755.00,Rs./Quintal
Andhra Pradesh,Kurnool,Kurnool APMC,Vegetables,Onion,14-06-2022,16.20,Metric Tonnes,730.00,Rs./Quintal
Andhra Pradesh,Kurnool,Kurnool APMC,Vegetables,Onion,16-06-2022,5.00,Metric Tonnes,955.00,Rs./Quintal
Andhra Pradesh,Kurnool,Kurnool APMC,Vegetables,Onion,20-06-2022,43.20,Metric Tonnes,1031.00,Rs./Quintal
Andhra Pradesh,Kurnool,Kurnool APMC,Vegetables,Onion,21-06-2022,5.40,Metric Tonnes,657.00,Rs./Quintal
Andhra Pradesh,Kurnool,Kurnool APMC,Vegetables,Onion,22-06-2022,5.70,Metric Tonnes,800.00,Rs./Quintal
Andhra Pradesh,Kurnool,Kurnool APMC,Vegetables,Onion,24-06-2022,15.80,Metric Tonnes,1037.00,Rs./Quintal
Andhra Pradesh,Kurnool,Kurnool APMC,Vegetables,Onion,25-06-2022,3.40,Metric Tonnes,1089.00,Rs./Quintal
Andhra Pradesh,Kurnool,Kurnool APMC,Vegetables,Onion,27-06-2022,10.60,Metric Tonnes,1030.00,Rs./Quintal
Andhra Pradesh,Kurnool,Kurnool APMC,Vegetables,Onion,28-06-2022,15.70,Metric Tonnes,750.00,Rs./Quintal
Andhra Pradesh,Kurnool,Kurnool APMC,Vegetables,Onion,30-06-2022,1.10,Metric Tonnes,617.00,Rs./Quintal
Andhra Pradesh,Kurnool,Kurnool APMC,Vegetables,Onion,01-07-2022,11.20,Metric Tonnes,1067.00,Rs./Quintal
Andhra Pradesh,Kurnool,Kurnool APMC,Vegetables,Onion,04-07-2022,23.40,Metric Tonnes,1177.00,Rs./Quintal
Andhra Pradesh,Kurnool,Kurnool APMC,Vegetables,Onion,05-07-2022,11.00,Metric Tonnes,638.00,Rs./Quintal
Andhra Pradesh,Kurnool,Kurnool APMC,Vegetables,Onion,06-07-2022,2.70,Metric Tonnes,900.00,Rs./Quintal
Andhra Pradesh,Kurnool,Kurnool APMC,Vegetables,Onion,07-07-2022,17.80,Metric Tonnes,900.00,Rs./Quintal
Andhra Pradesh,Kurnool,Kurnool APMC,Vegetables,Onion,08-07-2022,22.00,Metric Tonnes,787.00,Rs./Quintal
Andhra Pradesh,Kurnool,Kurnool APMC,Vegetables,Onion,09-07-2022,1.80,Metric Tonnes,815.00,Rs./Quintal
Andhra Pradesh,Kurnool,Kurnool APMC,Vegetables,Onion,11-07-2022,10.90,Metric Tonnes,1179.00,Rs./Quintal
Andhra Pradesh,Kurnool,Kurnool APMC,Vegetables,Onion,12-07-2022,2.40,Metric Tonnes,880.00,Rs./Quintal
Andhra Pradesh,Kurnool,Kurnool APMC,Vegetables,Onion,13-07-2022,10.60,Metric Tonnes,1009.00,Rs./Quintal
Andhra Pradesh,Kurnool,Kurnool APMC,Vegetables,Onion,15-07-2022,3.80,Metric Tonnes,915.00,Rs./Quintal
Andhra Pradesh,Kurnool,Kurnool APMC,Vegetables,Onion,16-07-2022,4.50,Metric Tonnes,859.00,Rs./Quintal
Andhra Pradesh,Kurnool,Kurnool APMC,Vegetables,Onion,18-07-2022,39.20,Metric Tonnes,1049.00,Rs./Quintal
Andhra Pradesh,Kurnool,Kurnool APMC,Vegetables,Onion,19-07-2022,28.80,Metric Tonnes,909.00,Rs./Quintal
Andhra Pradesh,Kurnool,Kurnool APMC,Vegetables,Onion,20-07-2022,26.50,Metric Tonnes,871.00,Rs./Quintal
Andhra Pradesh,Kurnool,Kurnool APMC,Vegetables,Onion,21-07-2022,39.80,Metric Tonnes,760.00,Rs./Quintal
Andhra Pradesh,Kurnool,Kurnool APMC,Vegetables,Onion,22-07-2022,45.60,Metric Tonnes,675.00,Rs./Quintal
Andhra Pradesh,Kurnool,Kurnool APMC,Vegetables,Onion,23-07-2022,60.20,Metric Tonnes,669.00,Rs./Quintal
Andhra Pradesh,Kurnool,Kurnool APMC,Vegetables,Onion,25-07-2022,75.50,Metric Tonnes,767.00,Rs./Quintal
Andhra Pradesh,Kurnool,Kurnool APMC,Vegetables,Onion,26-07-2022,30.70,Metric Tonnes,535.00,Rs./Quintal
Andhra Pradesh,Kurnool,Kurnool APMC,Vegetables,Onion,27-07-2022,28.20,Metric Tonnes,689.00,Rs./Quintal
Andhra Pradesh,Kurnool,Kurnool APMC,Vegetables,Onion,29-07-2022,11.60,Metric Tonnes,949.00,Rs./Quintal
Andhra Pradesh,Kurnool,Kurnool APMC,Vegetables,Onion,30-07-2022,7.20,Metric Tonnes,755.00,Rs./Quintal
Andhra Pradesh,Kurnool,Kurnool APMC,Vegetables,Onion,01-08-2022,26.80,Metric Tonnes,711.00,Rs./Quintal
Andhra Pradesh,Kurnool,Kurnool APMC,Vegetables,Onion,02-08-2022,55.60,Metric Tonnes,949.00,Rs./Quintal
Andhra Pradesh,Kurnool,Kurnool APMC,Vegetables,Onion,04-08-2022,52.40,Metric Tonnes,609.00,Rs./Quintal
Andhra Pradesh,Kurnool,Kurnool APMC,Vegetables,Onion,05-08-2022,21.20,Metric Tonnes,687.00,Rs./Quintal
Andhra Pradesh,Kurnool,Kurnool APMC,Vegetables,Onion,06-08-2022,33.10,Metric Tonnes,801.00,Rs./Quintal
Andhra Pradesh,Kurnool,Kurnool APMC,Vegetables,Onion,08-08-2022,96.40,Metric Tonnes,789.00,Rs./Quintal
Andhra Pradesh,Kurnool,Kurnool APMC,Vegetables,Onion,10-08-2022,42.50,Metric Tonnes,789.00,Rs./Quintal
Andhra Pradesh,Kurnool,Kurnool APMC,Vegetables,Onion,11-08-2022,21.30,Metric Tonnes,817.00,Rs./Quintal
Andhra Pradesh,Kurnool,Kurnool APMC,Vegetables,Onion,12-08-2022,33.90,Metric Tonnes,880.00,Rs./Quintal
Andhra Pradesh,Kurnool,Kurnool APMC,Vegetables,Onion,13-08-2022,64.40,Metric Tonnes,867.00,Rs./Quintal
Andhra Pradesh,Kurnool,Kurnool APMC,Vegetables,Onion,16-08-2022,136.50,Metric Tonnes,859.00,Rs./Quintal
Andhra Pradesh,Kurnool,Kurnool APMC,Vegetables,Onion,17-08-2022,148.00,Metric Tonnes,769.00,Rs./Quintal
Andhra Pradesh,Kurnool,Kurnool APMC,Vegetables,Onion,18-08-2022,232.90,Metric Tonnes,757.00,Rs./Quintal
Andhra Pradesh,Kurnool,Kurnool APMC,Vegetables,Onion,20-08-2022,317.50,Metric Tonnes,859.00,Rs./Quintal
Andhra Pradesh,Kurnool,Kurnool APMC,Vegetables,Onion,22-08-2022,312.30,Metric Tonnes,869.00,Rs./Quintal
Andhra Pradesh,Kurnool,Kurnool APMC,Vegetables,Onion,23-08-2022,292.70,Metric Tonnes,851.00,Rs./Quintal
Andhra Pradesh,Kurnool,Kurnool APMC,Vegetables,Onion,24-08-2022,333.90,Metric Tonnes,800.00,Rs./Quintal
Andhra Pradesh,Kurnool,Kurnool APMC,Vegetables,Onion,25-08-2022,481.60,Metric Tonnes,789.00,Rs./Quintal
Andhra Pradesh,Kurnool,Kurnool APMC,Vegetables,Onion,26-08-2022,621.80,Metric Tonnes,801.00,Rs./Quintal
Andhra Pradesh,Kurnool,Kurnool APMC,Vegetables,Onion,29-08-2022,615.40,Metric Tonnes,789.00,Rs./Quintal
Andhra Pradesh,Kurnool,Kurnool APMC,Vegetables,Onion,30-08-2022,313.20,Metric Tonnes,809.00,Rs./Quintal
Andhra Pradesh,Kurnool,Kurnool APMC,Vegetables,Onion,01-09-2022,190.50,Metric Tonnes,869.00,Rs./Quintal
Andhra Pradesh,Kurnool,Kurnool APMC,Vegetables,Onion,02-09-2022,395.00,Metric Tonnes,769.00,Rs./Quintal
Andhra Pradesh,Kurnool,Kurnool APMC,Vegetables,Onion,03-09-2022,522.10,Metric Tonnes,629.00,Rs./Quintal
Andhra Pradesh,Kurnool,Kurnool APMC,Vegetables,Onion,05-09-2022,523.20,Metric Tonnes,739.00,Rs./Quintal
Andhra Pradesh,Kurnool,Kurnool APMC,Vegetables,Onion,06-09-2022,502.70,Metric Tonnes,851.00,Rs./Quintal
Andhra Pradesh,Kurnool,Kurnool APMC,Vegetables,Onion,07-09-2022,467.00,Metric Tonnes,859.00,Rs./Quintal
Andhra Pradesh,Kurnool,Kurnool APMC,Vegetables,Onion,08-09-2022,297.80,Metric Tonnes,819.00,Rs./Quintal
Andhra Pradesh,Kurnool,Kurnool APMC,Vegetables,Onion,09-09-2022,259.20,Metric Tonnes,639.00,Rs./Quintal
Andhra Pradesh,Kurnool,Kurnool APMC,Vegetables,Onion,10-09-2022,349.90,Metric Tonnes,879.00,Rs./Quintal
Andhra Pradesh,Kurnool,Kurnool APMC,Vegetables,Onion,12-09-2022,333.90,Metric Tonnes,817.00,Rs./Quintal
Andhra Pradesh,Kurnool,Kurnool APMC,Vegetables,Onion,14-09-2022,390.20,Metric Tonnes,819.00,Rs./Quintal
Andhra Pradesh,Kurnool,Kurnool APMC,Vegetables,Onion,15-09-2022,524.10,Metric Tonnes,718.00,Rs./Quintal
Andhra Pradesh,Kurnool,Kurnool APMC,Vegetables,Onion,16-09-2022,578.80,Metric Tonnes,721.00,Rs./Quintal
Andhra Pradesh,Kurnool,Kurnool APMC,Vegetables,Onion,17-09-2022,424.10,Metric Tonnes,609.00,Rs./Quintal
Andhra Pradesh,Kurnool,Kurnool APMC,Vegetables,Onion,19-09-2022,321.30,Metric Tonnes,610.00,Rs./Quintal
Andhra Pradesh,Kurnool,Kurnool APMC,Vegetables,Onion,20-09-2022,308.60,Metric Tonnes,601.00,Rs./Quintal
Andhra Pradesh,Kurnool,Kurnool APMC,Vegetables,Onion,21-09-2022,205.80,Metric Tonnes,656.00,Rs./Quintal
Andhra Pradesh,Kurnool,Kurnool APMC,Vegetables,Onion,22-09-2022,226.90,Metric Tonnes,666.00,Rs./Quintal
Andhra Pradesh,Kurnool,Kurnool APMC,Vegetables,Onion,23-09-2022,204.60,Metric Tonnes,687.00,Rs./Quintal
Andhra Pradesh,Kurnool,Kurnool APMC,Vegetables,Onion,24-09-2022,94.60,Metric Tonnes,721.00,Rs./Quintal
Andhra Pradesh,Kurnool,Kurnool APMC,Vegetables,Onion,26-09-2022,122.30,Metric Tonnes,809.00,Rs./Quintal
Andhra Pradesh,Kurnool,Kurnool APMC,Vegetables,Onion,27-09-2022,196.20,Metric Tonnes,619.00,Rs./Quintal
Andhra Pradesh,Kurnool,Kurnool APMC,Vegetables,Onion,28-09-2022,139.70,Metric Tonnes,722.00,Rs./Quintal
Andhra Pradesh,Kurnool,Kurnool APMC,Vegetables,Onion,29-09-2022,130.70,Metric Tonnes,761.00,Rs./Quintal
Andhra Pradesh,Kurnool,Kurnool APMC,Vegetables,Onion,30-09-2022,125.30,Metric Tonnes,727.00,Rs./Quintal
Andhra Pradesh,Kurnool,Kurnool APMC,Vegetables,Onion,01-10-2022,102.60,Metric Tonnes,827.00,Rs./Quintal
Andhra Pradesh,Kurnool,Kurnool APMC,Vegetables,Onion,07-10-2022,26.80,Metric Tonnes,835.00,Rs./Quintal
Andhra Pradesh,Kurnool,Kurnool APMC,Vegetables,Onion,08-10-2022,99.10,Metric Tonnes,916.00,Rs./Quintal
Andhra Pradesh,Kurnool,Kurnool APMC,Vegetables,Onion,10-10-2022,142.90,Metric Tonnes,980.00,Rs./Quintal
Andhra Pradesh,Kurnool,Kurnool APMC,Vegetables,Onion,11-10-2022,231.60,Metric Tonnes,900.00,Rs./Quintal
Andhra Pradesh,Kurnool,Kurnool APMC,Vegetables,Onion,12-10-2022,339.20,Metric Tonnes,810.00,Rs./Quintal
Andhra Pradesh,Kurnool,Kurnool APMC,Vegetables,Onion,13-10-2022,249.50,Metric Tonnes,855.00,Rs./Quintal
Andhra Pradesh,Kurnool,Kurnool APMC,Vegetables,Onion,14-10-2022,213.30,Metric Tonnes,751.00,Rs./Quintal
Andhra Pradesh,Kurnool,Kurnool APMC,Vegetables,Onion,15-10-2022,246.60,Metric Tonnes,770.00,Rs./Quintal
Andhra Pradesh,Kurnool,Kurnool APMC,Vegetables,Onion,18-10-2022,198.10,Metric Tonnes,780.00,Rs./Quintal
Andhra Pradesh,Kurnool,Kurnool APMC,Vegetables,Onion,19-10-2022,367.20,Metric Tonnes,759.00,Rs./Quintal
Andhra Pradesh,Kurnool,Kurnool APMC,Vegetables,Onion,20-10-2022,408.80,Metric Tonnes,760.00,Rs./Quintal
Andhra Pradesh,Kurnool,Kurnool APMC,Vegetables,Onion,22-10-2022,390.20,Metric Tonnes,700.00,Rs./Quintal
Andhra Pradesh,Kurnool,Kurnool APMC,Vegetables,Onion,26-10-2022,145.00,Metric Tonnes,755.00,Rs./Quintal
Andhra Pradesh,Kurnool,Kurnool APMC,Vegetables,Onion,27-10-2022,206.10,Metric Tonnes,819.00,Rs./Quintal
Andhra Pradesh,Kurnool,Kurnool APMC,Vegetables,Onion,28-10-2022,324.00,Metric Tonnes,880.00,Rs./Quintal
Andhra Pradesh,Kurnool,Kurnool APMC,Vegetables,Onion,29-10-2022,386.60,Metric Tonnes,970.00,Rs./Quintal
Andhra Pradesh,Kurnool,Kurnool APMC,Vegetables,Onion,31-10-2022,323.00,Metric Tonnes,1009.00,Rs./Quintal
Andhra Pradesh,Kurnool,Kurnool APMC,Vegetables,Onion,01-11-2022,360.40,Metric Tonnes,1001.00,Rs./Quintal
Andhra Pradesh,Kurnool,Kurnool APMC,Vegetables,Onion,02-11-2022,496.60,Metric Tonnes,1029.00,Rs./Quintal
Andhra Pradesh,Kurnool,Kurnool APMC,Vegetables,Onion,03-11-2022,546.20,Metric Tonnes,1121.00,Rs./Quintal
Andhra Pradesh,Kurnool,Kurnool APMC,Vegetables,Onion,04-11-2022,498.20,Metric Tonnes,1100.00,Rs./Quintal
Andhra Pradesh,Kurnool,Kurnool APMC,Vegetables,Onion,05-11-2022,590.00,Metric Tonnes,1125.00,Rs./Quintal
Andhra Pradesh,Kurnool,Kurnool APMC,Vegetables,Onion,07-11-2022,593.20,Metric Tonnes,1100.00,Rs./Quintal
Andhra Pradesh,Kurnool,Kurnool APMC,Vegetables,Onion,08-11-2022,484.00,Metric Tonnes,1184.00,Rs./Quintal
Andhra Pradesh,Kurnool,Kurnool APMC,Vegetables,Onion,09-11-2022,620.30,Metric Tonnes,901.00,Rs./Quintal
Andhra Pradesh,Kurnool,Kurnool APMC,Vegetables,Onion,10-11-2022,566.20,Metric Tonnes,999.00,Rs./Quintal
Andhra Pradesh,Kurnool,Kurnool APMC,Vegetables,Onion,11-11-2022,559.50,Metric Tonnes,802.00,Rs./Quintal
Andhra Pradesh,Kurnool,Kurnool APMC,Vegetables,Onion,12-11-2022,549.10,Metric Tonnes,1030.00,Rs./Quintal
Andhra Pradesh,Kurnool,Kurnool APMC,Vegetables,Onion,14-11-2022,314.30,Metric Tonnes,931.00,Rs./Quintal
Andhra Pradesh,Kurnool,Kurnool APMC,Vegetables,Onion,15-11-2022,300.70,Metric Tonnes,989.00,Rs./Quintal
Andhra Pradesh,Kurnool,Kurnool APMC,Vegetables,Onion,16-11-2022,255.30,Metric Tonnes,1009.00,Rs./Quintal
Andhra Pradesh,Kurnool,Kurnool APMC,Vegetables,Onion,17-11-2022,235.70,Metric Tonnes,969.00,Rs./Quintal
Andhra Pradesh,Kurnool,Kurnool APMC,Vegetables,Onion,18-11-2022,285.60,Metric Tonnes,990.00,Rs./Quintal
Andhra Pradesh,Kurnool,Kurnool APMC,Vegetables,Onion,19-11-2022,309.20,Metric Tonnes,1009.00,Rs./Quintal
Andhra Pradesh,Kurnool,Kurnool APMC,Vegetables,Onion,21-11-2022,263.50,Metric Tonnes,1029.00,Rs./Quintal
Andhra Pradesh,Kurnool,Kurnool APMC,Vegetables,Onion,22-11-2022,278.80,Metric Tonnes,1026.00,Rs./Quintal
Andhra Pradesh,Kurnool,Kurnool APMC,Vegetables,Onion,24-11-2022,279.60,Metric Tonnes,1009.00,Rs./Quintal
Andhra Pradesh,Kurnool,Kurnool APMC,Vegetables,Onion,25-11-2022,230.70,Metric Tonnes,969.00,Rs./Quintal
Andhra Pradesh,Kurnool,Kurnool APMC,Vegetables,Onion,26-11-2022,285.40,Metric Tonnes,1019.00,Rs./Quintal
Andhra Pradesh,Kurnool,Kurnool APMC,Vegetables,Onion,28-11-2022,189.30,Metric Tonnes,1059.00,Rs./Quintal
Andhra Pradesh,Kurnool,Kurnool APMC,Vegetables,Onion,29-11-2022,229.00,Metric Tonnes,1070.00,Rs./Quintal
Andhra Pradesh,Kurnool,Kurnool APMC,Vegetables,Onion,30-11-2022,206.00,Metric Tonnes,1109.00,Rs./Quintal
Andhra Pradesh,Kurnool,Kurnool APMC,Vegetables,Onion,01-12-2022,206.10,Metric Tonnes,1008.00,Rs./Quintal
Andhra Pradesh,Kurnool,Kurnool APMC,Vegetables,Onion,02-12-2022,213.10,Metric Tonnes,909.00,Rs./Quintal
Andhra Pradesh,Kurnool,Kurnool APMC,Vegetables,Onion,03-12-2022,260.10,Metric Tonnes,1209.00,Rs./Quintal
Andhra Pradesh,Kurnool,Kurnool APMC,Vegetables,Onion,05-12-2022,171.90,Metric Tonnes,1119.00,Rs./Quintal
Andhra Pradesh,Kurnool,Kurnool APMC,Vegetables,Onion,06-12-2022,111.60,Metric Tonnes,1186.00,Rs./Quintal
Andhra Pradesh,Kurnool,Kurnool APMC,Vegetables,Onion,07-12-2022,142.70,Metric Tonnes,1278.00,Rs./Quintal
Andhra Pradesh,Kurnool,Kurnool APMC,Vegetables,Onion,08-12-2022,143.00,Metric Tonnes,821.00,Rs./Quintal
Andhra Pradesh,Kurnool,Kurnool APMC,Vegetables,Onion,09-12-2022,114.40,Metric Tonnes,1286.00,Rs./Quintal
Andhra Pradesh,Kurnool,Kurnool APMC,Vegetables,Onion,12-12-2022,11.60,Metric Tonnes,917.00,Rs./Quintal
Andhra Pradesh,Kurnool,Kurnool APMC,Vegetables,Onion,13-12-2022,6.10,Metric Tonnes,1210.00,Rs./Quintal
Andhra Pradesh,Kurnool,Kurnool APMC,Vegetables,Onion,14-12-2022,6.30,Metric Tonnes,1239.00,Rs./Quintal
Andhra Pradesh,Kurnool,Kurnool APMC,Vegetables,Onion,15-12-2022,11.70,Metric Tonnes,1209.00,Rs./Quintal
Andhra Pradesh,Kurnool,Kurnool APMC,Vegetables,Onion,16-12-2022,38.30,Metric Tonnes,1017.00,Rs./Quintal
Andhra Pradesh,Kurnool,Kurnool APMC,Vegetables,Onion,17-12-2022,92.40,Metric Tonnes,929.00,Rs./Quintal
Andhra Pradesh,Kurnool,Kurnool APMC,Vegetables,Onion,19-12-2022,85.80,Metric Tonnes,809.00,Rs./Quintal
Andhra Pradesh,Kurnool,Kurnool APMC,Vegetables,Onion,20-12-2022,53.10,Metric Tonnes,817.00,Rs./Quintal
Andhra Pradesh,Kurnool,Kurnool APMC,Vegetables,Onion,21-12-2022,46.00,Metric Tonnes,1317.00,Rs./Quintal
Andhra Pradesh,Kurnool,Kurnool APMC,Vegetables,Onion,23-12-2022,52.60,Metric Tonnes,869.00,Rs./Quintal
Andhra Pradesh,Kurnool,Kurnool APMC,Vegetables,Onion,24-12-2022,34.20,Metric Tonnes,969.00,Rs./Quintal
Andhra Pradesh,Kurnool,Kurnool APMC,Vegetables,Onion,26-12-2022,28.60,Metric Tonnes,929.00,Rs./Quintal
Andhra Pradesh,Kurnool,Kurnool APMC,Vegetables,Onion,27-12-2022,12.00,Metric Tonnes,1109.00,Rs./Quintal
Andhra Pradesh,Kurnool,Kurnool APMC,Vegetables,Onion,28-12-2022,10.60,Metric Tonnes,1209.00,Rs./Quintal
Andhra Pradesh,Kurnool,Kurnool APMC,Vegetables,Onion,29-12-2022,2.50,Metric Tonnes,666.00,Rs./Quintal
Andhra Pradesh,Kurnool,Kurnool APMC,Vegetables,Onion,30-12-2022,10.60,Metric Tonnes,1265.00,Rs./Quintal
Andhra Pradesh,Kurnool,Kurnool APMC,Vegetables,Onion,31-12-2022,9.20,Metric Tonnes,1360.00,Rs./Quintal
Andhra Pradesh,Kurnool,Kurnool APMC,Vegetables,Onion,02-01-2023,8.90,Metric Tonnes,1385.00,Rs./Quintal
Andhra Pradesh,Kurnool,Kurnool APMC,Vegetables,Onion,03-01-2023,4.90,Metric Tonnes,1451.00,Rs./Quintal
Andhra Pradesh,Kurnool,Kurnool APMC,Vegetables,Onion,05-01-2023,10.60,Metric Tonnes,1325.00,Rs./Quintal
Andhra Pradesh,Kurnool,Kurnool APMC,Vegetables,Onion,06-01-2023,12.60,Metric Tonnes,1499.00,Rs./Quintal
Andhra Pradesh,Kurnool,Kurnool APMC,Vegetables,Onion,07-01-2023,9.50,Metric Tonnes,1489.00,Rs./Quintal
Andhra Pradesh,Kurnool,Kurnool APMC,Vegetables,Onion,09-01-2023,0.90,Metric Tonnes,1059.00,Rs./Quintal
Andhra Pradesh,Kurnool,Kurnool APMC,Vegetables,Onion,10-01-2023,2.40,Metric Tonnes,1159.00,Rs./Quintal
Andhra Pradesh,Kurnool,Kurnool APMC,Vegetables,Onion,11-01-2023,3.70,Metric Tonnes,1360.00,Rs./Quintal
Andhra Pradesh,Kurnool,Kurnool APMC,Vegetables,Onion,12-01-2023,3.80,Metric Tonnes,1055.00,Rs./Quintal
Andhra Pradesh,Kurnool,Kurnool APMC,Vegetables,Onion,13-01-2023,3.80,Metric Tonnes,1175.00,Rs./Quintal
Andhra Pradesh,Kurnool,Kurnool APMC,Vegetables,Onion,17-01-2023,5.40,Metric Tonnes,1539.00,Rs./Quintal
Andhra Pradesh,Kurnool,Kurnool APMC,Vegetables,Onion,18-01-2023,17.40,Metric Tonnes,1009.00,Rs./Quintal
Andhra Pradesh,Kurnool,Kurnool APMC,Vegetables,Onion,19-01-2023,26.20,Metric Tonnes,1389.00,Rs./Quintal
Andhra Pradesh,Kurnool,Kurnool APMC,Vegetables,Onion,20-01-2023,21.60,Metric Tonnes,1089.00,Rs./Quintal
Andhra Pradesh,Kurnool,Kurnool APMC,Vegetables,Onion,23-01-2023,22.50,Metric Tonnes,1347.00,Rs./Quintal
Andhra Pradesh,Kurnool,Kurnool APMC,Vegetables,Onion,24-01-2023,12.20,Metric Tonnes,1309.00,Rs./Quintal
Andhra Pradesh,Kurnool,Kurnool APMC,Vegetables,Onion,25-01-2023,37.80,Metric Tonnes,1078.00,Rs./Quintal
Andhra Pradesh,Kurnool,Kurnool APMC,Vegetables,Onion,27-01-2023,69.60,Metric Tonnes,1027.00,Rs./Quintal
Andhra Pradesh,Kurnool,Kurnool APMC,Vegetables,Onion,28-01-2023,58.30,Metric Tonnes,919.00,Rs./Quintal
Andhra Pradesh,Kurnool,Kurnool APMC,Vegetables,Onion,30-01-2023,66.50,Metric Tonnes,809.00,Rs./Quintal
Andhra Pradesh,Kurnool,Kurnool APMC,Vegetables,Onion,31-01-2023,54.00,Metric Tonnes,727.00,Rs./Quintal
Andhra Pradesh,Kurnool,Kurnool APMC,Vegetables,Onion,01-02-2023,33.30,Metric Tonnes,659.00,Rs./Quintal
Andhra Pradesh,Kurnool,Kurnool APMC,Vegetables,Onion,02-02-2023,38.80,Metric Tonnes,709.00,Rs./Quintal
Andhra Pradesh,Kurnool,Kurnool APMC,Vegetables,Onion,03-02-2023,48.70,Metric Tonnes,760.00,Rs./Quintal
Andhra Pradesh,Kurnool,Kurnool APMC,Vegetables,Onion,04-02-2023,20.20,Metric Tonnes,709.00,Rs./Quintal
Andhra Pradesh,Kurnool,Kurnool APMC,Vegetables,Onion,06-02-2023,32.80,Metric Tonnes,809.00,Rs./Quintal
Andhra Pradesh,Kurnool,Kurnool APMC,Vegetables,Onion,07-02-2023,19.40,Metric Tonnes,821.00,Rs./Quintal
Andhra Pradesh,Kurnool,Kurnool APMC,Vegetables,Onion,08-02-2023,30.40,Metric Tonnes,769.00,Rs./Quintal
Andhra Pradesh,Kurnool,Kurnool APMC,Vegetables,Onion,09-02-2023,53.40,Metric Tonnes,919.00,Rs./Quintal
Andhra Pradesh,Kurnool,Kurnool APMC,Vegetables,Onion,10-02-2023,71.00,Metric Tonnes,780.00,Rs./Quintal
Andhra Pradesh,Kurnool,Kurnool APMC,Vegetables,Onion,11-02-2023,116.40,Metric Tonnes,741.00,Rs./Quintal
Andhra Pradesh,Kurnool,Kurnool APMC,Vegetables,Onion,13-02-2023,116.60,Metric Tonnes,520.00,Rs./Quintal
Andhra Pradesh,Kurnool,Kurnool APMC,Vegetables,Onion,14-02-2023,83.10,Metric Tonnes,819.00,Rs./Quintal
Andhra Pradesh,Kurnool,Kurnool APMC,Vegetables,Onion,15-02-2023,60.80,Metric Tonnes,831.00,Rs./Quintal
Andhra Pradesh,Kurnool,Kurnool APMC,Vegetables,Onion,16-02-2023,127.30,Metric Tonnes,749.00,Rs./Quintal
Andhra Pradesh,Kurnool,Kurnool APMC,Vegetables,Onion,17-02-2023,143.90,Metric Tonnes,651.00,Rs./Quintal
Andhra Pradesh,Kurnool,Kurnool APMC,Vegetables,Onion,21-02-2023,61.20,Metric Tonnes,740.00,Rs./Quintal
Andhra Pradesh,Kurnool,Kurnool APMC,Vegetables,Onion,22-02-2023,67.00,Metric Tonnes,708.00,Rs./Quintal
Andhra Pradesh,Kurnool,Kurnool APMC,Vegetables,Onion,24-02-2023,173.40,Metric Tonnes,619.00,Rs./Quintal
Andhra Pradesh,Kurnool,Kurnool APMC,Vegetables,Onion,25-02-2023,97.80,Metric Tonnes,639.00,Rs./Quintal
Andhra Pradesh,Kurnool,Kurnool APMC,Vegetables,Onion,27-02-2023,98.90,Metric Tonnes,630.00,Rs./Quintal
Andhra Pradesh,Kurnool,Kurnool APMC,Vegetables,Onion,28-02-2023,86.50,Metric Tonnes,500.00,Rs./Quintal
Andhra Pradesh,Kurnool,Kurnool APMC,Vegetables,Onion,01-03-2023,59.00,Metric Tonnes,517.00,Rs./Quintal
Andhra Pradesh,Kurnool,Kurnool APMC,Vegetables,Onion,02-03-2023,46.10,Metric Tonnes,679.00,Rs./Quintal
Andhra Pradesh,Kurnool,Kurnool APMC,Vegetables,Onion,03-03-2023,33.10,Metric Tonnes,639.00,Rs./Quintal
Andhra Pradesh,Kurnool,Kurnool APMC,Vegetables,Onion,04-03-2023,35.80,Metric Tonnes,739.00,Rs./Quintal
Andhra Pradesh,Kurnool,Kurnool APMC,Vegetables,Onion,06-03-2023,31.50,Metric Tonnes,739.00,Rs./Quintal
Andhra Pradesh,Kurnool,Kurnool APMC,Vegetables,Onion,07-03-2023,26.10,Metric Tonnes,730.00,Rs./Quintal
Andhra Pradesh,Kurnool,Kurnool APMC,Vegetables,Onion,10-03-2023,25.20,Metric Tonnes,749.00,Rs./Quintal
Andhra Pradesh,Kurnool,Kurnool APMC,Vegetables,Onion,11-03-2023,10.10,Metric Tonnes,825.00,Rs./Quintal
Andhra Pradesh,Kurnool,Kurnool APMC,Vegetables,Onion,14-03-2023,56.90,Metric Tonnes,709.00,Rs./Quintal
Andhra Pradesh,Kurnool,Kurnool APMC,Vegetables,Onion,15-03-2023,55.80,Metric Tonnes,650.00,Rs./Quintal
Andhra Pradesh,Kurnool,Kurnool APMC,Vegetables,Onion,17-03-2023,127.40,Metric Tonnes,520.00,Rs./Quintal
Andhra Pradesh,Kurnool,Kurnool APMC,Vegetables,Onion,18-03-2023,153.80,Metric Tonnes,520.00,Rs./Quintal
Andhra Pradesh,Kurnool,Kurnool APMC,Vegetables,Onion,20-03-2023,88.10,Metric Tonnes,589.00,Rs./Quintal
Andhra Pradesh,Kurnool,Kurnool APMC,Vegetables,Onion,24-03-2023,37.40,Metric Tonnes,600.00,Rs./Quintal
Andhra Pradesh,Kurnool,Kurnool APMC,Vegetables,Onion,25-03-2023,64.80,Metric Tonnes,613.00,Rs./Quintal
Andhra Pradesh,Kurnool,Kurnool APMC,Vegetables,Onion,27-03-2023,158.90,Metric Tonnes,581.00,Rs./Quintal
Andhra Pradesh,Kurnool,Kurnool APMC,Vegetables,Onion,28-03-2023,126.20,Metric Tonnes,691.00,Rs./Quintal
Andhra Pradesh,Kurnool,Kurnool APMC,Vegetables,Onion,03-04-2023,264.20,Metric Tonnes,675.00,Rs./Quintal
Andhra Pradesh,Kurnool,Kurnool APMC,Vegetables,Onion,06-04-2023,199.40,Metric Tonnes,655.00,Rs./Quintal
Andhra Pradesh,Kurnool,Kurnool APMC,Vegetables,Onion,08-04-2023,101.70,Metric Tonnes,490.00,Rs./Quintal
Andhra Pradesh,Kurnool,Kurnool APMC,Vegetables,Onion,11-04-2023,24.20,Metric Tonnes,551.00,Rs./Quintal
Andhra Pradesh,Kurnool,Kurnool APMC,Vegetables,Onion,13-04-2023,18.00,Metric Tonnes,480.00,Rs./Quintal
Andhra Pradesh,Kurnool,Kurnool APMC,Vegetables,Onion,15-04-2023,8.30,Metric Tonnes,651.00,Rs./Quintal
Andhra Pradesh,Kurnool,Kurnool APMC,Vegetables,Onion,17-04-2023,10.50,Metric Tonnes,751.00,Rs./Quintal
Andhra Pradesh,Kurnool,Kurnool APMC,Vegetables,Onion,18-04-2023,2.30,Metric Tonnes,469.00,Rs./Quintal
Andhra Pradesh,Kurnool,Kurnool APMC,Vegetables,Onion,19-04-2023,16.40,Metric Tonnes,651.00,Rs./Quintal
Andhra Pradesh,Kurnool,Kurnool APMC,Vegetables,Onion,24-04-2023,7.10,Metric Tonnes,480.00,Rs./Quintal
Andhra Pradesh,Kurnool,Kurnool APMC,Vegetables,Onion,27-04-2023,7.20,Metric Tonnes,481.00,Rs./Quintal
Andhra Pradesh,Kurnool,Kurnool APMC,Vegetables,Onion,29-04-2023,10.00,Metric Tonnes,770.00,Rs./Quintal
Andhra Pradesh,Kurnool,Kurnool APMC,Vegetables,Onion,02-05-2023,12.50,Metric Tonnes,555.00,Rs./Quintal
Andhra Pradesh,Kurnool,Kurnool APMC,Vegetables,Onion,23-05-2023,11.50,Metric Tonnes,405.00,Rs./Quintal
Andhra Pradesh,Kurnool,Kurnool APMC,Vegetables,Onion,02-06-2023,1.40,Metric Tonnes,819.00,Rs./Quintal
Andhra Pradesh,Kurnool,Kurnool APMC,Vegetables,Onion,04-08-2023,8.60,Metric Tonnes,1079.00,Rs./Quintal
Andhra Pradesh,Kurnool,Kurnool APMC,Vegetables,Onion,08-08-2023,2.10,Metric Tonnes,1365.00,Rs./Quintal
Andhra Pradesh,Kurnool,Kurnool APMC,Vegetables,Onion,09-08-2023,4.30,Metric Tonnes,1611.00,Rs./Quintal
Andhra Pradesh,Kurnool,Kurnool APMC,Vegetables,Onion,12-08-2023,2.10,Metric Tonnes,2051.00,Rs./Quintal
Andhra Pradesh,Kurnool,Kurnool APMC,Vegetables,Onion,14-08-2023,5.10,Metric Tonnes,2099.00,Rs./Quintal
Andhra Pradesh,Kurnool,Kurnool APMC,Vegetables,Onion,17-08-2023,1.40,Metric Tonnes,1800.00,Rs./Quintal
Andhra Pradesh,Kurnool,Kurnool APMC,Vegetables,Onion,19-08-2023,19.00,Metric Tonnes,1611.00,Rs./Quintal
Andhra Pradesh,Kurnool,Kurnool APMC,Vegetables,Onion,21-08-2023,25.70,Metric Tonnes,2631.00,Rs./Quintal
Andhra Pradesh,Kurnool,Kurnool APMC,Vegetables,Onion,22-08-2023,27.10,Metric Tonnes,2009.00,Rs./Quintal
Andhra Pradesh,Kurnool,Kurnool APMC,Vegetables,Onion,23-08-2023,19.10,Metric Tonnes,1929.00,Rs./Quintal
Andhra Pradesh,Kurnool,Kurnool APMC,Vegetables,Onion,24-08-2023,11.70,Metric Tonnes,2015.00,Rs./Quintal
Andhra Pradesh,Kurnool,Kurnool APMC,Vegetables,Onion,25-08-2023,18.70,Metric Tonnes,2120.00,Rs./Quintal
Andhra Pradesh,Kurnool,Kurnool APMC,Vegetables,Onion,26-08-2023,21.30,Metric Tonnes,2069.00,Rs./Quintal
Andhra Pradesh,Kurnool,Kurnool APMC,Vegetables,Onion,28-08-2023,75.70,Metric Tonnes,2031.00,Rs./Quintal
Andhra Pradesh,Kurnool,Kurnool APMC,Vegetables,Onion,29-08-2023,53.10,Metric Tonnes,2179.00,Rs./Quintal
Andhra Pradesh,Kurnool,Kurnool APMC,Vegetables,Onion,31-08-2023,33.80,Metric Tonnes,2201.00,Rs./Quintal
Andhra Pradesh,Kurnool,Kurnool APMC,Vegetables,Onion,01-09-2023,50.20,Metric Tonnes,2235.00,Rs./Quintal
Andhra Pradesh,Kurnool,Kurnool APMC,Vegetables,Onion,02-09-2023,45.30,Metric Tonnes,2269.00,Rs./Quintal
Andhra Pradesh,Kurnool,Kurnool APMC,Vegetables,Onion,04-09-2023,124.80,Metric Tonnes,2111.00,Rs./Quintal
Andhra Pradesh,Kurnool,Kurnool APMC,Vegetables,Onion,05-09-2023,18.00,Metric Tonnes,2283.00,Rs./Quintal
Andhra Pradesh,Kurnool,Kurnool APMC,Vegetables,Onion,07-09-2023,16.50,Metric Tonnes,1961.00,Rs./Quintal
Andhra Pradesh,Kurnool,Kurnool APMC,Vegetables,Onion,08-09-2023,35.50,Metric Tonnes,2179.00,Rs./Quintal
Andhra Pradesh,Kurnool,Kurnool APMC,Vegetables,Onion,09-09-2023,202.50,Metric Tonnes,1959.00,Rs./Quintal
Andhra Pradesh,Kurnool,Kurnool APMC,Vegetables,Onion,11-09-2023,533.60,Metric Tonnes,1728.00,Rs./Quintal
Andhra Pradesh,Kurnool,Kurnool APMC,Vegetables,Onion,12-09-2023,275.50,Metric Tonnes,1719.00,Rs./Quintal
Andhra Pradesh,Kurnool,Kurnool APMC,Vegetables,Onion,13-09-2023,221.40,Metric Tonnes,1569.00,Rs./Quintal
Andhra Pradesh,Kurnool,Kurnool APMC,Vegetables,Onion,15-09-2023,155.10,Metric Tonnes,1869.00,Rs./Quintal
Andhra Pradesh,Kurnool,Kurnool APMC,Vegetables,Onion,16-09-2023,113.60,Metric Tonnes,1959.00,Rs./Quintal
Andhra Pradesh,Kurnool,Kurnool APMC,Vegetables,Onion,19-09-2023,236.20,Metric Tonnes,1910.00,Rs./Quintal
Andhra Pradesh,Kurnool,Kurnool APMC,Vegetables,Onion,20-09-2023,132.30,Metric Tonnes,1851.00,Rs./Quintal
Andhra Pradesh,Kurnool,Kurnool APMC,Vegetables,Onion,21-09-2023,61.50,Metric Tonnes,1899.00,Rs./Quintal
Andhra Pradesh,Kurnool,Kurnool APMC,Vegetables,Onion,22-09-2023,142.70,Metric Tonnes,1791.00,Rs./Quintal
Andhra Pradesh,Kurnool,Kurnool APMC,Vegetables,Onion,23-09-2023,83.30,Metric Tonnes,1837.00,Rs./Quintal
Andhra Pradesh,Kurnool,Kurnool APMC,Vegetables,Onion,25-09-2023,85.60,Metric Tonnes,2276.00,Rs./Quintal
Andhra Pradesh,Kurnool,Kurnool APMC,Vegetables,Onion,26-09-2023,25.00,Metric Tonnes,2279.00,Rs./Quintal
Andhra Pradesh,Kurnool,Kurnool APMC,Vegetables,Onion,27-09-2023,97.40,Metric Tonnes,2070.00,Rs./Quintal
Andhra Pradesh,Kurnool,Kurnool APMC,Vegetables,Onion,29-09-2023,122.40,Metric Tonnes,2309.00,Rs./Quintal
Andhra Pradesh,Kurnool,Kurnool APMC,Vegetables,Onion,30-09-2023,91.00,Metric Tonnes,2085.00,Rs./Quintal
Andhra Pradesh,Kurnool,Kurnool APMC,Vegetables,Onion,03-10-2023,342.10,Metric Tonnes,1810.00,Rs./Quintal
Andhra Pradesh,Kurnool,Kurnool APMC,Vegetables,Onion,04-10-2023,250.30,Metric Tonnes,1939.00,Rs./Quintal
Andhra Pradesh,Kurnool,Kurnool APMC,Vegetables,Onion,05-10-2023,243.90,Metric Tonnes,2078.00,Rs./Quintal
Andhra Pradesh,Kurnool,Kurnool APMC,Vegetables,Onion,06-10-2023,306.50,Metric Tonnes,1869.00,Rs./Quintal
Andhra Pradesh,Kurnool,Kurnool APMC,Vegetables,Onion,07-10-2023,145.40,Metric Tonnes,2129.00,Rs./Quintal
Andhra Pradesh,Kurnool,Kurnool APMC,Vegetables,Onion,09-10-2023,130.80,Metric Tonnes,2041.00,Rs./Quintal
Andhra Pradesh,Kurnool,Kurnool APMC,Vegetables,Onion,10-10-2023,158.50,Metric Tonnes,1926.00,Rs./Quintal
Andhra Pradesh,Kurnool,Kurnool APMC,Vegetables,Onion,11-10-2023,235.50,Metric Tonnes,2188.00,Rs./Quintal
Andhra Pradesh,Kurnool,Kurnool APMC,Vegetables,Onion,12-10-2023,244.70,Metric Tonnes,1960.00,Rs./Quintal
Andhra Pradesh,Kurnool,Kurnool APMC,Vegetables,Onion,13-10-2023,256.50,Metric Tonnes,2123.00,Rs./Quintal
Andhra Pradesh,Kurnool,Kurnool APMC,Vegetables,Onion,16-10-2023,205.50,Metric Tonnes,2369.00,Rs./Quintal
Andhra Pradesh,Kurnool,Kurnool APMC,Vegetables,Onion,17-10-2023,239.50,Metric Tonnes,1927.00,Rs./Quintal
Andhra Pradesh,Kurnool,Kurnool APMC,Vegetables,Onion,18-10-2023,156.60,Metric Tonnes,2469.00,Rs./Quintal
Andhra Pradesh,Kurnool,Kurnool APMC,Vegetables,Onion,19-10-2023,115.60,Metric Tonnes,2839.00,Rs./Quintal
Andhra Pradesh,Kurnool,Kurnool APMC,Vegetables,Onion,20-10-2023,212.00,Metric Tonnes,2459.00,Rs./Quintal
Andhra Pradesh,Kurnool,Kurnool APMC,Vegetables,Onion,21-10-2023,104.20,Metric Tonnes,2519.00,Rs./Quintal
Andhra Pradesh,Kurnool,Kurnool APMC,Vegetables,Onion,25-10-2023,34.80,Metric Tonnes,3739.00,Rs./Quintal
Andhra Pradesh,Kurnool,Kurnool APMC,Vegetables,Onion,26-10-2023,77.70,Metric Tonnes,4419.00,Rs./Quintal
Andhra Pradesh,Kurnool,Kurnool APMC,Vegetables,Onion,27-10-2023,187.30,Metric Tonnes,4563.00,Rs./Quintal
Andhra Pradesh,Kurnool,Kurnool APMC,Vegetables,Onion,28-10-2023,244.40,Metric Tonnes,4635.00,Rs./Quintal
Andhra Pradesh,Kurnool,Kurnool APMC,Vegetables,Onion,30-10-2023,560.80,Metric Tonnes,3027.00,Rs./Quintal
Andhra Pradesh,Kurnool,Kurnool APMC,Vegetables,Onion,31-10-2023,838.00,Metric Tonnes,3600.00,Rs./Quintal
Andhra Pradesh,Kurnool,Kurnool APMC,Vegetables,Onion,01-11-2023,755.60,Metric Tonnes,3311.00,Rs./Quintal
Andhra Pradesh,Kurnool,Kurnool APMC,Vegetables,Onion,02-11-2023,581.00,Metric Tonnes,3361.00,Rs./Quintal
Andhra Pradesh,Kurnool,Kurnool APMC,Vegetables,Onion,03-11-2023,536.90,Metric Tonnes,3569.00,Rs./Quintal
Andhra Pradesh,Kurnool,Kurnool APMC,Vegetables,Onion,04-11-2023,560.50,Metric Tonnes,2523.00,Rs./Quintal
Andhra Pradesh,Kurnool,Kurnool APMC,Vegetables,Onion,06-11-2023,321.20,Metric Tonnes,3006.00,Rs./Quintal
Andhra Pradesh,Kurnool,Kurnool APMC,Vegetables,Onion,07-11-2023,296.00,Metric Tonnes,3754.00,Rs./Quintal
Andhra Pradesh,Kurnool,Kurnool APMC,Vegetables,Onion,08-11-2023,210.80,Metric Tonnes,3839.00,Rs./Quintal
Andhra Pradesh,Kurnool,Kurnool APMC,Vegetables,Onion,09-11-2023,320.20,Metric Tonnes,4006.00,Rs./Quintal
Andhra Pradesh,Kurnool,Kurnool APMC,Vegetables,Onion,10-11-2023,258.20,Metric Tonnes,4204.00,Rs./Quintal
Andhra Pradesh,Kurnool,Kurnool APMC,Vegetables,Onion,11-11-2023,344.00,Metric Tonnes,4319.00,Rs./Quintal
Andhra Pradesh,Kurnool,Kurnool APMC,Vegetables,Onion,14-11-2023,274.80,Metric Tonnes,3231.00,Rs./Quintal
Andhra Pradesh,Kurnool,Kurnool APMC,Vegetables,Onion,15-11-2023,619.60,Metric Tonnes,3319.00,Rs./Quintal
Andhra Pradesh,Kurnool,Kurnool APMC,Vegetables,Onion,16-11-2023,937.00,Metric Tonnes,3088.00,Rs./Quintal
Andhra Pradesh,Kurnool,Kurnool APMC,Vegetables,Onion,17-11-2023,932.10,Metric Tonnes,3006.00,Rs./Quintal
Andhra Pradesh,Kurnool,Kurnool APMC,Vegetables,Onion,18-11-2023,668.40,Metric Tonnes,3289.00,Rs./Quintal
Andhra Pradesh,Kurnool,Kurnool APMC,Vegetables,Onion,20-11-2023,331.90,Metric Tonnes,3423.00,Rs./Quintal
Andhra Pradesh,Kurnool,Kurnool APMC,Vegetables,Onion,21-11-2023,523.80,Metric Tonnes,3418.00,Rs./Quintal
Andhra Pradesh,Kurnool,Kurnool APMC,Vegetables,Onion,22-11-2023,723.20,Metric Tonnes,3219.00,Rs./Quintal
Andhra Pradesh,Kurnool,Kurnool APMC,Vegetables,Onion,23-11-2023,736.20,Metric Tonnes,3189.00,Rs./Quintal
Andhra Pradesh,Kurnool,Kurnool APMC,Vegetables,Onion,24-11-2023,723.00,Metric Tonnes,3183.00,Rs./Quintal
Andhra Pradesh,Kurnool,Kurnool APMC,Vegetables,Onion,25-11-2023,667.80,Metric Tonnes,3419.00,Rs./Quintal
Andhra Pradesh,Kurnool,Kurnool APMC,Vegetables,Onion,27-11-2023,594.70,Metric Tonnes,3182.00,Rs./Quintal
Andhra Pradesh,Kurnool,Kurnool APMC,Vegetables,Onion,28-11-2023,414.30,Metric Tonnes,3232.00,Rs./Quintal
Andhra Pradesh,Kurnool,Kurnool APMC,Vegetables,Onion,29-11-2023,482.70,Metric Tonnes,4069.00,Rs./Quintal
Andhra Pradesh,Kurnool,Kurnool APMC,Vegetables,Onion,30-11-2023,443.30,Metric Tonnes,3851.00,Rs./Quintal
Andhra Pradesh,Kurnool,Kurnool APMC,Vegetables,Onion,01-12-2023,518.10,Metric Tonnes,3113.00,Rs./Quintal
Andhra Pradesh,Kurnool,Kurnool APMC,Vegetables,Onion,04-12-2023,670.70,Metric Tonnes,3411.00,Rs./Quintal
Andhra Pradesh,Kurnool,Kurnool APMC,Vegetables,Onion,05-12-2023,708.50,Metric Tonnes,3526.00,Rs./Quintal
Andhra Pradesh,Kurnool,Kurnool APMC,Vegetables,Onion,06-12-2023,242.10,Metric Tonnes,3624.00,Rs./Quintal
Andhra Pradesh,Kurnool,Kurnool APMC,Vegetables,Onion,07-12-2023,273.20,Metric Tonnes,3723.00,Rs./Quintal
Andhra Pradesh,Kurnool,Kurnool APMC,Vegetables,Onion,08-12-2023,265.10,Metric Tonnes,2666.00,Rs./Quintal
Andhra Pradesh,Kurnool,Kurnool APMC,Vegetables,Onion,09-12-2023,387.60,Metric Tonnes,2704.00,Rs./Quintal
Andhra Pradesh,Kurnool,Kurnool APMC,Vegetables,Onion,11-12-2023,378.00,Metric Tonnes,2621.00,Rs./Quintal
Andhra Pradesh,Kurnool,Kurnool APMC,Vegetables,Onion,13-12-2023,437.90,Metric Tonnes,1726.00,Rs./Quintal
Andhra Pradesh,Kurnool,Kurnool APMC,Vegetables,Onion,14-12-2023,514.70,Metric Tonnes,2500.00,Rs./Quintal
Andhra Pradesh,Kurnool,Kurnool APMC,Vegetables,Onion,16-12-2023,728.10,Metric Tonnes,1121.00,Rs./Quintal
Andhra Pradesh,Kurnool,Kurnool APMC,Vegetables,Onion,18-12-2023,364.70,Metric Tonnes,1532.00,Rs./Quintal
Andhra Pradesh,Kurnool,Kurnool APMC,Vegetables,Onion,19-12-2023,271.40,Metric Tonnes,1619.00,Rs./Quintal
Andhra Pradesh,Kurnool,Kurnool APMC,Vegetables,Onion,20-12-2023,248.60,Metric Tonnes,1827.00,Rs./Quintal
Andhra Pradesh,Kurnool,Kurnool APMC,Vegetables,Onion,21-12-2023,180.90,Metric Tonnes,1629.00,Rs./Quintal
Andhra Pradesh,Kurnool,Kurnool APMC,Vegetables,Onion,22-12-2023,167.10,Metric Tonnes,1620.00,Rs./Quintal
Andhra Pradesh,Kurnool,Kurnool APMC,Vegetables,Onion,26-12-2023,113.10,Metric Tonnes,1516.00,Rs./Quintal
Andhra Pradesh,Kurnool,Kurnool APMC,Vegetables,Onion,27-12-2023,159.70,Metric Tonnes,1380.00,Rs./Quintal
Andhra Pradesh,Kurnool,Kurnool APMC,Vegetables,Onion,29-12-2023,273.90,Metric Tonnes,1579.00,Rs./Quintal
Andhra Pradesh,Kurnool,Kurnool APMC,Vegetables,Onion,30-12-2023,172.00,Metric Tonnes,1356.00,Rs./Quintal
Andhra Pradesh,Kurnool,Kurnool APMC,Vegetables,Onion,02-01-2024,53.60,Metric Tonnes,1634.00,Rs./Quintal
Andhra Pradesh,Kurnool,Kurnool APMC,Vegetables,Onion,03-01-2024,67.90,Metric Tonnes,1765.00,Rs./Quintal
Andhra Pradesh,Kurnool,Kurnool APMC,Vegetables,Onion,04-01-2024,105.50,Metric Tonnes,1765.00,Rs./Quintal
Andhra Pradesh,Kurnool,Kurnool APMC,Vegetables,Onion,05-01-2024,136.50,Metric Tonnes,1689.00,Rs./Quintal
Andhra Pradesh,Kurnool,Kurnool APMC,Vegetables,Onion,06-01-2024,147.20,Metric Tonnes,1430.00,Rs./Quintal
Andhra Pradesh,Kurnool,Kurnool APMC,Vegetables,Onion,08-01-2024,279.50,Metric Tonnes,1130.00,Rs./Quintal
Andhra Pradesh,Kurnool,Kurnool APMC,Vegetables,Onion,09-01-2024,320.40,Metric Tonnes,1364.00,Rs./Quintal
Andhra Pradesh,Kurnool,Kurnool APMC,Vegetables,Onion,12-01-2024,218.00,Metric Tonnes,1264.00,Rs./Quintal
Andhra Pradesh,Kurnool,Kurnool APMC,Vegetables,Onion,13-01-2024,128.00,Metric Tonnes,1367.00,Rs./Quintal
Andhra Pradesh,Kurnool,Kurnool APMC,Vegetables,Onion,17-01-2024,64.70,Metric Tonnes,1325.00,Rs./Quintal
Andhra Pradesh,Kurnool,Kurnool APMC,Vegetables,Onion,18-01-2024,49.50,Metric Tonnes,1585.00,Rs./Quintal
Andhra Pradesh,Kurnool,Kurnool APMC,Vegetables,Onion,19-01-2024,127.20,Metric Tonnes,1275.00,Rs./Quintal
Andhra Pradesh,Kurnool,Kurnool APMC,Vegetables,Onion,20-01-2024,319.50,Metric Tonnes,1364.00,Rs./Quintal
Andhra Pradesh,Kurnool,Kurnool APMC,Vegetables,Onion,23-01-2024,304.30,Metric Tonnes,1161.00,Rs./Quintal
Andhra Pradesh,Kurnool,Kurnool APMC,Vegetables,Onion,24-01-2024,352.40,Metric Tonnes,787.00,Rs./Quintal
Andhra Pradesh,Kurnool,Kurnool APMC,Vegetables,Onion,25-01-2024,416.50,Metric Tonnes,1169.00,Rs./Quintal
Andhra Pradesh,Kurnool,Kurnool APMC,Vegetables,Onion,27-01-2024,590.80,Metric Tonnes,789.00,Rs./Quintal
Andhra Pradesh,Kurnool,Kurnool APMC,Vegetables,Onion,29-01-2024,147.80,Metric Tonnes,774.00,Rs./Quintal
Andhra Pradesh,Kurnool,Kurnool APMC,Vegetables,Onion,30-01-2024,269.30,Metric Tonnes,630.00,Rs./Quintal
Andhra Pradesh,Kurnool,Kurnool APMC,Vegetables,Onion,31-01-2024,122.80,Metric Tonnes,861.00,Rs./Quintal
Andhra Pradesh,Kurnool,Kurnool APMC,Vegetables,Onion,01-02-2024,89.10,Metric Tonnes,969.00,Rs./Quintal
Andhra Pradesh,Kurnool,Kurnool APMC,Vegetables,Onion,02-02-2024,92.40,Metric Tonnes,1269.00,Rs./Quintal
Andhra Pradesh,Kurnool,Kurnool APMC,Vegetables,Onion,03-02-2024,86.40,Metric Tonnes,1121.00,Rs./Quintal
Andhra Pradesh,Kurnool,Kurnool APMC,Vegetables,Onion,05-02-2024,53.70,Metric Tonnes,1159.00,Rs./Quintal
Andhra Pradesh,Kurnool,Kurnool APMC,Vegetables,Onion,06-02-2024,70.10,Metric Tonnes,1069.00,Rs./Quintal
Andhra Pradesh,Kurnool,Kurnool APMC,Vegetables,Onion,07-02-2024,119.50,Metric Tonnes,1319.00,Rs./Quintal
Andhra Pradesh,Kurnool,Kurnool APMC,Vegetables,Onion,08-02-2024,137.70,Metric Tonnes,817.00,Rs./Quintal
Andhra Pradesh,Kurnool,Kurnool APMC,Vegetables,Onion,10-02-2024,232.70,Metric Tonnes,727.00,Rs./Quintal
Andhra Pradesh,Kurnool,Kurnool APMC,Vegetables,Onion,12-02-2024,141.80,Metric Tonnes,680.00,Rs./Quintal
Andhra Pradesh,Kurnool,Kurnool APMC,Vegetables,Onion,13-02-2024,222.20,Metric Tonnes,949.00,Rs./Quintal
Andhra Pradesh,Kurnool,Kurnool APMC,Vegetables,Onion,14-02-2024,142.70,Metric Tonnes,1039.00,Rs./Quintal
Andhra Pradesh,Kurnool,Kurnool APMC,Vegetables,Onion,15-02-2024,95.60,Metric Tonnes,936.00,Rs./Quintal
Andhra Pradesh,Kurnool,Kurnool APMC,Vegetables,Onion,16-02-2024,89.60,Metric Tonnes,835.00,Rs./Quintal
Andhra Pradesh,Kurnool,Kurnool APMC,Vegetables,Onion,17-02-2024,111.40,Metric Tonnes,1059.00,Rs./Quintal
Andhra Pradesh,Kurnool,Kurnool APMC,Vegetables,Onion,19-02-2024,134.60,Metric Tonnes,1155.00,Rs./Quintal
Andhra Pradesh,Kurnool,Kurnool APMC,Vegetables,Onion,20-02-2024,83.40,Metric Tonnes,1309.00,Rs./Quintal
Andhra Pradesh,Kurnool,Kurnool APMC,Vegetables,Onion,21-02-2024,111.10,Metric Tonnes,1287.00,Rs./Quintal
Andhra Pradesh,Kurnool,Kurnool APMC,Vegetables,Onion,22-02-2024,223.10,Metric Tonnes,680.00,Rs./Quintal
Andhra Pradesh,Kurnool,Kurnool APMC,Vegetables,Onion,23-02-2024,180.60,Metric Tonnes,1322.00,Rs./Quintal
Andhra Pradesh,Kurnool,Kurnool APMC,Vegetables,Onion,24-02-2024,65.90,Metric Tonnes,1569.00,Rs./Quintal
Andhra Pradesh,Kurnool,Kurnool APMC,Vegetables,Onion,26-02-2024,66.70,Metric Tonnes,1659.00,Rs./Quintal
Andhra Pradesh,Kurnool,Kurnool APMC,Vegetables,Onion,27-02-2024,173.90,Metric Tonnes,1269.00,Rs./Quintal
Andhra Pradesh,Kurnool,Kurnool APMC,Vegetables,Onion,28-02-2024,161.00,Metric Tonnes,1589.00,Rs./Quintal
Andhra Pradesh,Kurnool,Kurnool APMC,Vegetables,Onion,29-02-2024,250.90,Metric Tonnes,1644.00,Rs./Quintal
Andhra Pradesh,Kurnool,Kurnool APMC,Vegetables,Onion,01-03-2024,321.30,Metric Tonnes,950.00,Rs./Quintal
Andhra Pradesh,Kurnool,Kurnool APMC,Vegetables,Onion,02-03-2024,250.20,Metric Tonnes,1310.00,Rs./Quintal
Andhra Pradesh,Kurnool,Kurnool APMC,Vegetables,Onion,04-03-2024,186.00,Metric Tonnes,1431.00,Rs./Quintal
Andhra Pradesh,Kurnool,Kurnool APMC,Vegetables,Onion,05-03-2024,263.20,Metric Tonnes,1489.00,Rs./Quintal
Andhra Pradesh,Kurnool,Kurnool APMC,Vegetables,Onion,06-03-2024,346.50,Metric Tonnes,1309.00,Rs./Quintal
Andhra Pradesh,Kurnool,Kurnool APMC,Vegetables,Onion,07-03-2024,453.90,Metric Tonnes,1259.00,Rs./Quintal
Andhra Pradesh,Kurnool,Kurnool APMC,Vegetables,Onion,11-03-2024,225.60,Metric Tonnes,1559.00,Rs./Quintal
Andhra Pradesh,Kurnool,Kurnool APMC,Vegetables,Onion,12-03-2024,257.90,Metric Tonnes,1528.00,Rs./Quintal
Andhra Pradesh,Kurnool,Kurnool APMC,Vegetables,Onion,13-03-2024,358.00,Metric Tonnes,1569.00,Rs./Quintal
Andhra Pradesh,Kurnool,Kurnool APMC,Vegetables,Onion,14-03-2024,311.00,Metric Tonnes,1469.00,Rs./Quintal
Andhra Pradesh,Kurnool,Kurnool APMC,Vegetables,Onion,15-03-2024,408.20,Metric Tonnes,1381.00,Rs./Quintal
Andhra Pradesh,Kurnool,Kurnool APMC,Vegetables,Onion,16-03-2024,425.30,Metric Tonnes,810.00,Rs./Quintal
Andhra Pradesh,Kurnool,Kurnool APMC,Vegetables,Onion,18-03-2024,393.90,Metric Tonnes,860.00,Rs./Quintal
Andhra Pradesh,Kurnool,Kurnool APMC,Vegetables,Onion,19-03-2024,198.70,Metric Tonnes,1019.00,Rs./Quintal
Andhra Pradesh,Kurnool,Kurnool APMC,Vegetables,Onion,20-03-2024,187.90,Metric Tonnes,929.00,Rs./Quintal
Andhra Pradesh,Kurnool,Kurnool APMC,Vegetables,Onion,21-03-2024,266.60,Metric Tonnes,859.00,Rs./Quintal
Andhra Pradesh,Kurnool,Kurnool APMC,Vegetables,Onion,22-03-2024,269.40,Metric Tonnes,720.00,Rs./Quintal
Andhra Pradesh,Kurnool,Kurnool APMC,Vegetables,Onion,23-03-2024,228.10,Metric Tonnes,861.00,Rs./Quintal
Andhra Pradesh,Kurnool,Kurnool APMC,Vegetables,Onion,26-03-2024,152.00,Metric Tonnes,749.00,Rs./Quintal
Andhra Pradesh,Kurnool,Kurnool APMC,Vegetables,Onion,27-03-2024,92.60,Metric Tonnes,1054.00,Rs./Quintal
Andhra Pradesh,Kurnool,Kurnool APMC,Vegetables,Onion,28-03-2024,87.50,Metric Tonnes,1294.00,Rs./Quintal
Andhra Pradesh,Kurnool,Kurnool APMC,Vegetables,Onion,02-04-2024,204.60,Metric Tonnes,1249.00,Rs./Quintal
Andhra Pradesh,Kurnool,Kurnool APMC,Vegetables,Onion,03-04-2024,144.80,Metric Tonnes,1279.00,Rs./Quintal
Andhra Pradesh,Kurnool,Kurnool APMC,Vegetables,Onion,04-04-2024,128.00,Metric Tonnes,769.00,Rs./Quintal
Andhra Pradesh,Kurnool,Kurnool APMC,Vegetables,Onion,06-04-2024,212.60,Metric Tonnes,725.00,Rs./Quintal
Andhra Pradesh,Kurnool,Kurnool APMC,Vegetables,Onion,12-04-2024,29.10,Metric Tonnes,1039.00,Rs./Quintal
Andhra Pradesh,Kurnool,Kurnool APMC,Vegetables,Onion,13-04-2024,76.10,Metric Tonnes,1027.00,Rs./Quintal
Andhra Pradesh,Kurnool,Kurnool APMC,Vegetables,Onion,15-04-2024,119.00,Metric Tonnes,1017.00,Rs./Quintal
Andhra Pradesh,Kurnool,Kurnool APMC,Vegetables,Onion,16-04-2024,93.00,Metric Tonnes,1439.00,Rs./Quintal
Andhra Pradesh,Kurnool,Kurnool APMC,Vegetables,Onion,18-04-2024,75.20,Metric Tonnes,1025.00,Rs./Quintal
Andhra Pradesh,Kurnool,Kurnool APMC,Vegetables,Onion,19-04-2024,43.00,Metric Tonnes,805.00,Rs./Quintal
Andhra Pradesh,Kurnool,Kurnool APMC,Vegetables,Onion,20-04-2024,56.30,Metric Tonnes,790.00,Rs./Quintal
Andhra Pradesh,Kurnool,Kurnool APMC,Vegetables,Onion,22-04-2024,83.70,Metric Tonnes,1521.00,Rs./Quintal
Andhra Pradesh,Kurnool,Kurnool APMC,Vegetables,Onion,24-04-2024,51.80,Metric Tonnes,885.00,Rs./Quintal
Andhra Pradesh,Kurnool,Kurnool APMC,Vegetables,Onion,25-04-2024,39.30,Metric Tonnes,665.00,Rs./Quintal
Andhra Pradesh,Kurnool,Kurnool APMC,Vegetables,Onion,26-04-2024,21.40,Metric Tonnes,825.00,Rs./Quintal
Andhra Pradesh,Kurnool,Kurnool APMC,Vegetables,Onion,27-04-2024,14.90,Metric Tonnes,1455.00,Rs./Quintal
Andhra Pradesh,Kurnool,Kurnool APMC,Vegetables,Onion,29-04-2024,29.90,Metric Tonnes,1135.00,Rs./Quintal
Andhra Pradesh,Kurnool,Kurnool APMC,Vegetables,Onion,30-04-2024,16.80,Metric Tonnes,985.00,Rs./Quintal
Andhra Pradesh,Kurnool,Kurnool APMC,Vegetables,Onion,02-05-2024,54.50,Metric Tonnes,668.00,Rs./Quintal
Andhra Pradesh,Kurnool,Kurnool APMC,Vegetables,Onion,03-05-2024,15.70,Metric Tonnes,1289.00,Rs./Quintal
Andhra Pradesh,Kurnool,Kurnool APMC,Vegetables,Onion,04-05-2024,21.60,Metric Tonnes,1015.00,Rs./Quintal
Andhra Pradesh,Kurnool,Kurnool APMC,Vegetables,Onion,06-05-2024,19.20,Metric Tonnes,1495.00,Rs./Quintal
Andhra Pradesh,Kurnool,Kurnool APMC,Vegetables,Onion,07-05-2024,4.40,Metric Tonnes,1206.00,Rs./Quintal
Andhra Pradesh,Kurnool,Kurnool APMC,Vegetables,Onion,09-05-2024,9.50,Metric Tonnes,839.00,Rs./Quintal
Andhra Pradesh,Kurnool,Kurnool APMC,Vegetables,Onion,10-05-2024,10.50,Metric Tonnes,1227.00,Rs./Quintal
Andhra Pradesh,Kurnool,Kurnool APMC,Vegetables,Onion,11-05-2024,2.40,Metric Tonnes,1427.00,Rs./Quintal
Andhra Pradesh,Kurnool,Kurnool APMC,Vegetables,Onion,14-05-2024,1.90,Metric Tonnes,1115.00,Rs./Quintal
Andhra Pradesh,Kurnool,Kurnool APMC,Vegetables,Onion,16-05-2024,5.80,Metric Tonnes,1157.00,Rs./Quintal
Andhra Pradesh,Kurnool,Kurnool APMC,Vegetables,Onion,18-05-2024,6.20,Metric Tonnes,1435.00,Rs./Quintal
Andhra Pradesh,Kurnool,Kurnool APMC,Vegetables,Onion,24-05-2024,1.80,Metric Tonnes,1466.00,Rs./Quintal
Andhra Pradesh,Kurnool,Kurnool APMC,Vegetables,Onion,31-05-2024,5.80,Metric Tonnes,966.00,Rs./Quintal
Andhra Pradesh,Kurnool,Kurnool APMC,Vegetables,Onion,18-06-2024,2.60,Metric Tonnes,1835.00,Rs./Quintal
Andhra Pradesh,Kurnool,Kurnool APMC,Vegetables,Onion,28-06-2024,1.80,Metric Tonnes,1457.00,Rs./Quintal
Andhra Pradesh,Kurnool,Kurnool APMC,Vegetables,Onion,01-07-2024,4.50,Metric Tonnes,2387.00,Rs./Quintal
Andhra Pradesh,Kurnool,Kurnool APMC,Vegetables,Onion,22-07-2024,9.00,Metric Tonnes,2525.00,Rs./Quintal
Andhra Pradesh,Kurnool,Kurnool APMC,Vegetables,Onion,23-07-2024,2.20,Metric Tonnes,2959.00,Rs./Quintal
Andhra Pradesh,Kurnool,Kurnool APMC,Vegetables,Onion,27-07-2024,10.30,Metric Tonnes,2887.00,Rs./Quintal
Andhra Pradesh,Kurnool,Kurnool APMC,Vegetables,Onion,31-07-2024,3.60,Metric Tonnes,2557.00,Rs./Quintal
Andhra Pradesh,Kurnool,Kurnool APMC,Vegetables,Onion,01-08-2024,9.00,Metric Tonnes,2825.00,Rs./Quintal
Andhra Pradesh,Kurnool,Kurnool APMC,Vegetables,Onion,05-08-2024,11.00,Metric Tonnes,2955.00,Rs./Quintal
Andhra Pradesh,Kurnool,Kurnool APMC,Vegetables,Onion,06-08-2024,10.60,Metric Tonnes,3075.00,Rs./Quintal
Andhra Pradesh,Kurnool,Kurnool APMC,Vegetables,Onion,09-08-2024,11.10,Metric Tonnes,2740.00,Rs./Quintal
Andhra Pradesh,Kurnool,Kurnool APMC,Vegetables,Onion,12-08-2024,11.70,Metric Tonnes,3520.00,Rs./Quintal
Andhra Pradesh,Kurnool,Kurnool APMC,Vegetables,Onion,14-08-2024,32.80,Metric Tonnes,3641.00,Rs./Quintal
Andhra Pradesh,Kurnool,Kurnool APMC,Vegetables,Onion,25-11-2024,402.80,Metric Tonnes,3286.00,Rs./Quintal
Andhra Pradesh,Kurnool,Kurnool APMC,Vegetables,Onion,27-11-2024,234.00,Metric Tonnes,3691.00,Rs./Quintal
Andhra Pradesh,Kurnool,Kurnool APMC,Vegetables,Onion,28-11-2024,142.30,Metric Tonnes,4118.00,Rs./Quintal
Andhra Pradesh,Kurnool,Kurnool APMC,Vegetables,Onion,29-11-2024,171.80,Metric Tonnes,3519.00,Rs./Quintal
Andhra Pradesh,Kurnool,Kurnool APMC,Vegetables,Onion,02-12-2024,144.60,Metric Tonnes,3814.00,Rs./Quintal
Andhra Pradesh,Kurnool,Kurnool APMC,Vegetables,Onion,03-12-2024,105.00,Metric Tonnes,4059.00,Rs./Quintal
Andhra Pradesh,Kurnool,Kurnool APMC,Vegetables,Onion,04-12-2024,41.50,Metric Tonnes,3359.00,Rs./Quintal
Andhra Pradesh,Kurnool,Kurnool APMC,Vegetables,Onion,10-12-2024,172.70,Metric Tonnes,3201.00,Rs./Quintal
Andhra Pradesh,Kurnool,Kurnool APMC,Vegetables,Onion,11-12-2024,85.50,Metric Tonnes,3389.00,Rs./Quintal
Andhra Pradesh,Kurnool,Kurnool APMC,Vegetables,Onion,12-12-2024,101.70,Metric Tonnes,4211.00,Rs./Quintal
Andhra Pradesh,Kurnool,Kurnool APMC,Vegetables,Onion,13-12-2024,142.00,Metric Tonnes,2818.00,Rs./Quintal
Andhra Pradesh,Kurnool,Kurnool APMC,Vegetables,Onion,14-12-2024,115.00,Metric Tonnes,2229.00,Rs./Quintal
Andhra Pradesh,Kurnool,Kurnool APMC,Vegetables,Onion,16-12-2024,132.40,Metric Tonnes,2255.00,Rs./Quintal
Andhra Pradesh,Kurnool,Kurnool APMC,Vegetables,Onion,17-12-2024,68.90,Metric Tonnes,2185.00,Rs./Quintal
Andhra Pradesh,Kurnool,Kurnool APMC,Vegetables,Onion,18-12-2024,57.80,Metric Tonnes,2195.00,Rs./Quintal
Andhra Pradesh,Kurnool,Kurnool APMC,Vegetables,Onion,19-12-2024,64.30,Metric Tonnes,2545.00,Rs./Quintal
Andhra Pradesh,Kurnool,Kurnool APMC,Vegetables,Onion,20-12-2024,71.40,Metric Tonnes,2459.00,Rs./Quintal
Andhra Pradesh,Kurnool,Kurnool APMC,Vegetables,Onion,21-12-2024,89.00,Metric Tonnes,1895.00,Rs./Quintal
Andhra Pradesh,Kurnool,Kurnool APMC,Vegetables,Onion,23-12-2024,55.40,Metric Tonnes,2931.00,Rs./Quintal
Andhra Pradesh,Kurnool,Kurnool APMC,Vegetables,Onion,24-12-2024,41.90,Metric Tonnes,2729.00,Rs./Quintal
Andhra Pradesh,Kurnool,Kurnool APMC,Vegetables,Onion,26-12-2024,70.20,Metric Tonnes,2275.00,Rs./Quintal
Andhra Pradesh,Kurnool,Kurnool APMC,Vegetables,Onion,28-12-2024,29.30,Metric Tonnes,2339.00,Rs./Quintal
Andhra Pradesh,Kurnool,Kurnool APMC,Vegetables,Onion,31-12-2024,45.40,Metric Tonnes,2249.00,Rs./Quintal
Andhra Pradesh,Kurnool,Kurnool APMC,Vegetables,Onion,06-01-2025,36.60,Metric Tonnes,2459.00,Rs./Quintal
Andhra Pradesh,Kurnool,Kurnool APMC,Vegetables,Onion,07-01-2025,66.00,Metric Tonnes,2385.00,Rs./Quintal
Andhra Pradesh,Kurnool,Kurnool APMC,Vegetables,Onion,08-01-2025,64.70,Metric Tonnes,2250.00,Rs./Quintal
Andhra Pradesh,Kurnool,Kurnool APMC,Vegetables,Onion,09-01-2025,112.70,Metric Tonnes,1885.00,Rs./Quintal
Andhra Pradesh,Kurnool,Kurnool APMC,Vegetables,Onion,10-01-2025,125.60,Metric Tonnes,1625.00,Rs./Quintal
Andhra Pradesh,Kurnool,Kurnool APMC,Vegetables,Onion,11-01-2025,86.80,Metric Tonnes,1639.00,Rs./Quintal
Andhra Pradesh,Kurnool,Kurnool APMC,Vegetables,Onion,16-01-2025,9.80,Metric Tonnes,2359.00,Rs./Quintal
Andhra Pradesh,Kurnool,Kurnool APMC,Vegetables,Onion,17-01-2025,16.90,Metric Tonnes,1795.00,Rs./Quintal
Andhra Pradesh,Kurnool,Kurnool APMC,Vegetables,Onion,18-01-2025,29.20,Metric Tonnes,2389.00,Rs./Quintal
Andhra Pradesh,Kurnool,Kurnool APMC,Vegetables,Onion,20-01-2025,76.40,Metric Tonnes,2237.00,Rs./Quintal
Andhra Pradesh,Kurnool,Kurnool APMC,Vegetables,Onion,21-01-2025,55.40,Metric Tonnes,1845.00,Rs./Quintal
Andhra Pradesh,Kurnool,Kurnool APMC,Vegetables,Onion,22-01-2025,24.00,Metric Tonnes,2467.00,Rs./Quintal
Andhra Pradesh,Kurnool,Kurnool APMC,Vegetables,Onion,23-01-2025,46.00,Metric Tonnes,2309.00,Rs./Quintal
Andhra Pradesh,Kurnool,Kurnool APMC,Vegetables,Onion,24-01-2025,50.40,Metric Tonnes,2315.00,Rs./Quintal
Andhra Pradesh,Kurnool,Kurnool APMC,Vegetables,Onion,25-01-2025,79.80,Metric Tonnes,2289.00,Rs./Quintal
Andhra Pradesh,Kurnool,Kurnool APMC,Vegetables,Onion,27-01-2025,167.90,Metric Tonnes,2137.00,Rs./Quintal
Andhra Pradesh,Kurnool,Kurnool APMC,Vegetables,Onion,28-01-2025,164.00,Metric Tonnes,1587.00,Rs./Quintal
Andhra Pradesh,Kurnool,Kurnool APMC,Vegetables,Onion,30-01-2025,181.80,Metric Tonnes,1510.00,Rs./Quintal
Andhra Pradesh,Kurnool,Kurnool APMC,Vegetables,Onion,31-01-2025,204.60,Metric Tonnes,1630.00,Rs./Quintal
Andhra Pradesh,Kurnool,Kurnool APMC,Vegetables,Onion,01-02-2025,216.60,Metric Tonnes,1287.00,Rs./Quintal
Andhra Pradesh,Kurnool,Kurnool APMC,Vegetables,Onion,03-02-2025,150.70,Metric Tonnes,1644.00,Rs./Quintal
Andhra Pradesh,Kurnool,Kurnool APMC,Vegetables,Onion,04-02-2025,242.50,Metric Tonnes,1350.00,Rs./Quintal
Andhra Pradesh,Kurnool,Kurnool APMC,Vegetables,Onion,05-02-2025,137.70,Metric Tonnes,1619.00,Rs./Quintal
Andhra Pradesh,Kurnool,Kurnool APMC,Vegetables,Onion,06-02-2025,178.70,Metric Tonnes,1591.00,Rs./Quintal
Andhra Pradesh,Kurnool,Kurnool APMC,Vegetables,Onion,07-02-2025,101.00,Metric Tonnes,1809.00,Rs./Quintal
Andhra Pradesh,Kurnool,Kurnool APMC,Vegetables,Onion,08-02-2025,72.20,Metric Tonnes,2449.00,Rs./Quintal
Andhra Pradesh,Kurnool,Kurnool APMC,Vegetables,Onion,10-02-2025,60.30,Metric Tonnes,2369.00,Rs./Quintal
Andhra Pradesh,Kurnool,Kurnool APMC,Vegetables,Onion,11-02-2025,74.30,Metric Tonnes,2245.00,Rs./Quintal
Andhra Pradesh,Kurnool,Kurnool APMC,Vegetables,Onion,12-02-2025,88.00,Metric Tonnes,2614.00,Rs./Quintal
Andhra Pradesh,Kurnool,Kurnool APMC,Vegetables,Onion,13-02-2025,159.40,Metric Tonnes,2819.00,Rs./Quintal
Andhra Pradesh,Kurnool,Kurnool APMC,Vegetables,Onion,14-02-2025,233.30,Metric Tonnes,2404.00,Rs./Quintal
Andhra Pradesh,Kurnool,Kurnool APMC,Vegetables,Onion,15-02-2025,188.10,Metric Tonnes,2539.00,Rs./Quintal
Andhra Pradesh,Kurnool,Kurnool APMC,Vegetables,Onion,17-02-2025,170.60,Metric Tonnes,2389.00,Rs./Quintal
Andhra Pradesh,Kurnool,Kurnool APMC,Vegetables,Onion,18-02-2025,198.50,Metric Tonnes,1714.00,Rs./Quintal
Andhra Pradesh,Kurnool,Kurnool APMC,Vegetables,Onion,19-02-2025,190.00,Metric Tonnes,2469.00,Rs./Quintal
Andhra Pradesh,Kurnool,Kurnool APMC,Vegetables,Onion,20-02-2025,296.70,Metric Tonnes,1670.00,Rs./Quintal
Andhra Pradesh,Kurnool,Kurnool APMC,Vegetables,Onion,21-02-2025,204.30,Metric Tonnes,1560.00,Rs./Quintal
Andhra Pradesh,Kurnool,Kurnool APMC,Vegetables,Onion,22-02-2025,188.70,Metric Tonnes,2214.00,Rs./Quintal
Andhra Pradesh,Kurnool,Kurnool APMC,Vegetables,Onion,24-02-2025,347.40,Metric Tonnes,2014.00,Rs./Quintal
Andhra Pradesh,Kurnool,Kurnool APMC,Vegetables,Onion,25-02-2025,279.20,Metric Tonnes,1687.00,Rs./Quintal
Andhra Pradesh,Kurnool,Kurnool APMC,Vegetables,Onion,28-02-2025,73.80,Metric Tonnes,1831.00,Rs./Quintal
Andhra Pradesh,Kurnool,Kurnool APMC,Vegetables,Onion,01-03-2025,122.80,Metric Tonnes,2091.00,Rs./Quintal
Andhra Pradesh,Kurnool,Kurnool APMC,Vegetables,Onion,03-03-2025,142.60,Metric Tonnes,2289.00,Rs./Quintal
Andhra Pradesh,Kurnool,Kurnool APMC,Vegetables,Onion,04-03-2025,210.70,Metric Tonnes,1760.00,Rs./Quintal
Andhra Pradesh,Kurnool,Kurnool APMC,Vegetables,Onion,05-03-2025,254.40,Metric Tonnes,1721.00,Rs./Quintal
Andhra Pradesh,Kurnool,Kurnool APMC,Vegetables,Onion,06-03-2025,221.00,Metric Tonnes,1585.00,Rs./Quintal
Andhra Pradesh,Kurnool,Kurnool APMC,Vegetables,Onion,07-03-2025,318.20,Metric Tonnes,1440.00,Rs./Quintal
Andhra Pradesh,Kurnool,Kurnool APMC,Vegetables,Onion,08-03-2025,350.70,Metric Tonnes,1290.00,Rs./Quintal
Andhra Pradesh,Kurnool,Kurnool APMC,Vegetables,Onion,10-03-2025,287.30,Metric Tonnes,1187.00,Rs./Quintal
Andhra Pradesh,Kurnool,Kurnool APMC,Vegetables,Onion,11-03-2025,300.30,Metric Tonnes,860.00,Rs./Quintal
Andhra Pradesh,Kurnool,Kurnool APMC,Vegetables,Onion,12-03-2025,186.60,Metric Tonnes,995.00,Rs./Quintal
Andhra Pradesh,Kurnool,Kurnool APMC,Vegetables,Onion,13-03-2025,194.00,Metric Tonnes,1287.00,Rs./Quintal
Andhra Pradesh,Kurnool,Kurnool APMC,Vegetables,Onion,15-03-2025,113.90,Metric Tonnes,744.00,Rs./Quintal
Andhra Pradesh,Kurnool,Kurnool APMC,Vegetables,Onion,17-03-2025,63.00,Metric Tonnes,1135.00,Rs./Quintal
Andhra Pradesh,Kurnool,Kurnool APMC,Vegetables,Onion,18-03-2025,56.30,Metric Tonnes,1105.00,Rs./Quintal
Andhra Pradesh,Kurnool,Kurnool APMC,Vegetables,Onion,19-03-2025,63.10,Metric Tonnes,1285.00,Rs./Quintal
Andhra Pradesh,Kurnool,Kurnool APMC,Vegetables,Onion,20-03-2025,99.70,Metric Tonnes,1150.00,Rs./Quintal
Andhra Pradesh,Kurnool,Kurnool APMC,Vegetables,Onion,21-03-2025,106.10,Metric Tonnes,1155.00,Rs./Quintal
Andhra Pradesh,Kurnool,Kurnool APMC,Vegetables,Onion,24-03-2025,242.40,Metric Tonnes,895.00,Rs./Quintal
Andhra Pradesh,Kurnool,Kurnool APMC,Vegetables,Onion,25-03-2025,131.70,Metric Tonnes,1254.00,Rs./Quintal
Andhra Pradesh,Kurnool,Kurnool APMC,Vegetables,Onion,26-03-2025,172.70,Metric Tonnes,1162.00,Rs./Quintal
Andhra Pradesh,Kurnool,Kurnool APMC,Vegetables,Onion,27-03-2025,175.70,Metric Tonnes,1090.00,Rs./Quintal
Andhra Pradesh,Kurnool,Kurnool APMC,Vegetables,Onion,02-04-2025,26.80,Metric Tonnes,1087.00,Rs./Quintal
Andhra Pradesh,Kurnool,Kurnool APMC,Vegetables,Onion,03-04-2025,85.10,Metric Tonnes,1339.00,Rs./Quintal
Andhra Pradesh,Kurnool,Kurnool APMC,Vegetables,Onion,04-04-2025,143.30,Metric Tonnes,860.00,Rs./Quintal
Andhra Pradesh,Kurnool,Kurnool APMC,Vegetables,Onion,07-04-2025,153.80,Metric Tonnes,1059.00,Rs./Quintal
Andhra Pradesh,Kurnool,Kurnool APMC,Vegetables,Onion,08-04-2025,159.90,Metric Tonnes,887.00,Rs./Quintal
Andhra Pradesh,Kurnool,Kurnool APMC,Vegetables,Onion,09-04-2025,171.00,Metric Tonnes,909.00,Rs./Quintal
Andhra Pradesh,Kurnool,Kurnool APMC,Vegetables,Onion,10-04-2025,155.60,Metric Tonnes,818.00,Rs./Quintal
Andhra Pradesh,Kurnool,Kurnool APMC,Vegetables,Onion,11-04-2025,139.80,Metric Tonnes,859.00,Rs./Quintal
Andhra Pradesh,Kurnool,Kurnool APMC,Vegetables,Onion,12-04-2025,121.70,Metric Tonnes,652.00,Rs./Quintal
Andhra Pradesh,Kurnool,Kurnool APMC,Vegetables,Onion,15-04-2025,91.40,Metric Tonnes,860.00,Rs./Quintal
Andhra Pradesh,Kurnool,Kurnool APMC,Vegetables,Onion,16-04-2025,70.00,Metric Tonnes,735.00,Rs./Quintal
Andhra Pradesh,Kurnool,Kurnool APMC,Vegetables,Onion,17-04-2025,47.00,Metric Tonnes,755.00,Rs./Quintal
Andhra Pradesh,Kurnool,Kurnool APMC,Vegetables,Onion,19-04-2025,56.60,Metric Tonnes,859.00,Rs./Quintal
Andhra Pradesh,Kurnool,Kurnool APMC,Vegetables,Onion,21-04-2025,30.30,Metric Tonnes,1119.00,Rs./Quintal
Andhra Pradesh,Kurnool,Kurnool APMC,Vegetables,Onion,22-04-2025,39.40,Metric Tonnes,1127.00,Rs./Quintal
Andhra Pradesh,Kurnool,Kurnool APMC,Vegetables,Onion,23-04-2025,44.00,Metric Tonnes,737.00,Rs./Quintal
Andhra Pradesh,Kurnool,Kurnool APMC,Vegetables,Onion,24-04-2025,32.30,Metric Tonnes,825.00,Rs./Quintal
Andhra Pradesh,Kurnool,Kurnool APMC,Vegetables,Onion,25-04-2025,21.10,Metric Tonnes,1065.00,Rs./Quintal
Andhra Pradesh,Kurnool,Kurnool APMC,Vegetables,Onion,28-04-2025,43.80,Metric Tonnes,770.00,Rs./Quintal
Andhra Pradesh,Kurnool,Kurnool APMC,Vegetables,Onion,29-04-2025,22.90,Metric Tonnes,697.00,Rs./Quintal
Andhra Pradesh,Kurnool,Kurnool APMC,Vegetables,Onion,30-04-2025,50.20,Metric Tonnes,845.00,Rs./Quintal
Andhra Pradesh,Kurnool,Kurnool APMC,Vegetables,Onion,02-05-2025,32.70,Metric Tonnes,1079.00,Rs./Quintal
Andhra Pradesh,Kurnool,Kurnool APMC,Vegetables,Onion,03-05-2025,19.80,Metric Tonnes,859.00,Rs./Quintal
Andhra Pradesh,Kurnool,Kurnool APMC,Vegetables,Onion,05-05-2025,29.90,Metric Tonnes,867.00,Rs./Quintal
Andhra Pradesh,Kurnool,Kurnool APMC,Vegetables,Onion,06-05-2025,38.90,Metric Tonnes,739.00,Rs./Quintal
Andhra Pradesh,Kurnool,Kurnool APMC,Vegetables,Onion,07-05-2025,11.40,Metric Tonnes,860.00,Rs./Quintal
Andhra Pradesh,Kurnool,Kurnool APMC,Vegetables,Onion,08-05-2025,23.40,Metric Tonnes,815.00,Rs./Quintal
Andhra Pradesh,Kurnool,Kurnool APMC,Vegetables,Onion,12-05-2025,12.00,Metric Tonnes,1125.00,Rs./Quintal
Andhra Pradesh,Kurnool,Kurnool APMC,Vegetables,Onion,13-05-2025,6.70,Metric Tonnes,959.00,Rs./Quintal
Andhra Pradesh,Kurnool,Kurnool APMC,Vegetables,Onion,14-05-2025,13.30,Metric Tonnes,955.00,Rs./Quintal
Andhra Pradesh,Kurnool,Kurnool APMC,Vegetables,Onion,15-05-2025,3.80,Metric Tonnes,895.00,Rs./Quintal
Andhra Pradesh,Kurnool,Kurnool APMC,Vegetables,Onion,16-05-2025,28.10,Metric Tonnes,695.00,Rs./Quintal
Andhra Pradesh,Kurnool,Kurnool APMC,Vegetables,Onion,17-05-2025,12.10,Metric Tonnes,860.00,Rs./Quintal
Andhra Pradesh,Kurnool,Kurnool APMC,Vegetables,Onion,23-05-2025,6.90,Metric Tonnes,785.00,Rs./Quintal
Andhra Pradesh,Kurnool,Kurnool APMC,Vegetables,Onion,26-05-2025,10.80,Metric Tonnes,905.00,Rs./Quintal
Andhra Pradesh,Kurnool,Kurnool APMC,Vegetables,Onion,03-06-2025,3.60,Metric Tonnes,605.00,Rs./Quintal
Andhra Pradesh,Kurnool,Kurnool APMC,Vegetables,Onion,09-06-2025,7.20,Metric Tonnes,605.00,Rs./Quintal
Andhra Pradesh,Kurnool,Kurnool APMC,Vegetables,Onion,13-06-2025,1.70,Metric Tonnes,525.00,Rs./Quintal
Andhra Pradesh,Kurnool,Kurnool APMC,Vegetables,Onion,30-06-2025,4.40,Metric Tonnes,1045.00,Rs./Quintal
Andhra Pradesh,Kurnool,Kurnool APMC,Vegetables,Onion,01-07-2025,2.30,Metric Tonnes,1247.00,Rs./Quintal
Andhra Pradesh,Kurnool,Kurnool APMC,Vegetables,Onion,08-07-2025,3.10,Metric Tonnes,1259.00,Rs./Quintal
Andhra Pradesh,Kurnool,Kurnool APMC,Vegetables,Onion,10-07-2025,17.80,Metric Tonnes,1325.00,Rs./Quintal
Andhra Pradesh,Kurnool,Kurnool APMC,Vegetables,Onion,12-07-2025,17.40,Metric Tonnes,1055.00,Rs./Quintal
Andhra Pradesh,Kurnool,Kurnool APMC,Vegetables,Onion,15-07-2025,36.70,Metric Tonnes,1475.00,Rs./Quintal
Andhra Pradesh,Kurnool,Kurnool APMC,Vegetables,Onion,16-07-2025,9.90,Metric Tonnes,1295.00,Rs./Quintal
Andhra Pradesh,Kurnool,Kurnool APMC,Vegetables,Onion,17-07-2025,6.10,Metric Tonnes,919.00,Rs./Quintal
Andhra Pradesh,Kurnool,Kurnool APMC,Vegetables,Onion,18-07-2025,4.50,Metric Tonnes,1295.00,Rs./Quintal
Andhra Pradesh,Kurnool,Kurnool APMC,Vegetables,Onion,19-07-2025,5.20,Metric Tonnes,1137.00,Rs./Quintal
Andhra Pradesh,Kurnool,Kurnool APMC,Vegetables,Onion,21-07-2025,5.40,Metric Tonnes,1309.00,Rs./Quintal
Andhra Pradesh,Kurnool,Kurnool APMC,Vegetables,Onion,22-07-2025,5.60,Metric Tonnes,1275.00,Rs./Quintal
Andhra Pradesh,Kurnool,Kurnool APMC,Vegetables,Onion,23-07-2025,9.30,Metric Tonnes,1285.00,Rs./Quintal
Andhra Pradesh,Kurnool,Kurnool APMC,Vegetables,Onion,25-07-2025,4.30,Metric Tonnes,760.00,Rs./Quintal
Andhra Pradesh,Kurnool,Kurnool APMC,Vegetables,Onion,26-07-2025,4.00,Metric Tonnes,1121.00,Rs./Quintal
Andhra Pradesh,Kurnool,Kurnool APMC,Vegetables,Onion,28-07-2025,8.50,Metric Tonnes,1125.00,Rs./Quintal
Andhra Pradesh,Kurnool,Kurnool APMC,Vegetables,Onion,29-07-2025,14.50,Metric Tonnes,1037.00,Rs./Quintal
Andhra Pradesh,Kurnool,Kurnool APMC,Vegetables,Onion,30-07-2025,25.20,Metric Tonnes,1261.00,Rs./Quintal
Andhra Pradesh,Kurnool,Kurnool APMC,Vegetables,Onion,31-07-2025,10.30,Metric Tonnes,1175.00,Rs./Quintal
Andhra Pradesh,Kurnool,Kurnool APMC,Vegetables,Onion,01-08-2025,5.20,Metric Tonnes,745.00,Rs./Quintal
Andhra Pradesh,Kurnool,Kurnool APMC,Vegetables,Onion,02-08-2025,18.60,Metric Tonnes,1129.00,Rs./Quintal
Andhra Pradesh,Kurnool,Kurnool APMC,Vegetables,Onion,04-08-2025,20.30,Metric Tonnes,1089.00,Rs./Quintal
Andhra Pradesh,Kurnool,Kurnool APMC,Vegetables,Onion,05-08-2025,16.20,Metric Tonnes,1239.00,Rs./Quintal
Andhra Pradesh,Kurnool,Kurnool APMC,Vegetables,Onion,06-08-2025,13.50,Metric Tonnes,1167.00,Rs./Quintal
Andhra Pradesh,Kurnool,Kurnool APMC,Vegetables,Onion,07-08-2025,16.80,Metric Tonnes,1409.00,Rs./Quintal
Andhra Pradesh,Kurnool,Kurnool APMC,Vegetables,Onion,09-08-2025,20.10,Metric Tonnes,1045.00,Rs./Quintal
Andhra Pradesh,Kurnool,Kurnool APMC,Vegetables,Onion,11-08-2025,30.40,Metric Tonnes,965.00,Rs./Quintal
Andhra Pradesh,Kurnool,Kurnool APMC,Vegetables,Onion,12-08-2025,17.60,Metric Tonnes,1437.00,Rs./Quintal
Andhra Pradesh,Kurnool,Kurnool APMC,Vegetables,Onion,13-08-2025,37.20,Metric Tonnes,1169.00,Rs./Quintal
Andhra Pradesh,Kurnool,Kurnool APMC,Vegetables,Onion,14-08-2025,14.90,Metric Tonnes,967.00,Rs./Quintal
Andhra Pradesh,Kurnool,Kurnool APMC,Vegetables,Onion,19-08-2025,6.50,Metric Tonnes,1389.00,Rs./Quintal
Andhra Pradesh,Kurnool,Kurnool APMC,Vegetables,Onion,20-08-2025,281.60,Metric Tonnes,1109.00,Rs./Quintal
Andhra Pradesh,Kurnool,Kurnool APMC,Vegetables,Onion,21-08-2025,147.90,Metric Tonnes,809.00,Rs./Quintal
Andhra Pradesh,Kurnool,Kurnool APMC,Vegetables,Onion,22-08-2025,367.40,Metric Tonnes,1039.00,Rs./Quintal
Andhra Pradesh,Kurnool,Kurnool APMC,Vegetables,Onion,25-08-2025,1290.30,Metric Tonnes,1075.00,Rs./Quintal
Andhra Pradesh,Kurnool,Kurnool APMC,Vegetables,Onion,26-08-2025,839.10,Metric Tonnes,855.00,Rs./Quintal
Andhra Pradesh,Kurnool,Kurnool APMC,Vegetables,Onion,28-08-2025,379.30,Metric Tonnes,739.00,Rs./Quintal
Andhra Pradesh,Kurnool,Kurnool APMC,Vegetables,Onion,29-08-2025,247.10,Metric Tonnes,659.00,Rs./Quintal
Andhra Pradesh,Kurnool,Kurnool APMC,Vegetables,Onion,30-08-2025,128.90,Metric Tonnes,825.00,Rs./Quintal
Andhra Pradesh,Kurnool,Kurnool APMC,Vegetables,Onion,01-09-2025,160.70,Metric Tonnes,1200.00,Rs./Quintal
Andhra Pradesh,Kurnool,Kurnool APMC,Vegetables,Onion,02-09-2025,326.10,Metric Tonnes,1200.00,Rs./Quintal
Andhra Pradesh,Kurnool,Kurnool APMC,Vegetables,Onion,03-09-2025,558.40,Metric Tonnes,1200.00,Rs./Quintal
Andhra Pradesh,Kurnool,Kurnool APMC,Vegetables,Onion,06-09-2025,412.70,Metric Tonnes,628.00,Rs./Quintal
Andhra Pradesh,Kurnool,Kurnool APMC,Vegetables,Onion,08-09-2025,801.10,Metric Tonnes,634.00,Rs./Quintal
Andhra Pradesh,Kurnool,Kurnool APMC,Vegetables,Onion,09-09-2025,1432.50,Metric Tonnes,584.00,Rs./Quintal
Andhra Pradesh,Kurnool,Kurnool APMC,Vegetables,Onion,10-09-2025,1463.90,Metric Tonnes,507.00,Rs./Quintal
Andhra Pradesh,Kurnool,Kurnool APMC,Vegetables,Onion,11-09-2025,1408.30,Metric Tonnes,519.00,Rs./Quintal
Andhra Pradesh,Kurnool,Kurnool APMC,Vegetables,Onion,24-09-2025,17.00,Metric Tonnes,489.00,Rs./Quintal
Andhra Pradesh,Kurnool,Kurnool APMC,Vegetables,Onion,25-09-2025,208.20,Metric Tonnes,530.00,Rs./Quintal
Andhra Pradesh,Kurnool,Kurnool APMC,Vegetables,Onion,27-09-2025,9.80,Metric Tonnes,585.00,Rs./Quintal
Andhra Pradesh,Kurnool,Kurnool APMC,Vegetables,Onion,29-09-2025,261.80,Metric Tonnes,839.00,Rs./Quintal
Andhra Pradesh,Kurnool,Kurnool APMC,Vegetables,Onion,03-10-2025,11.00,Metric Tonnes,509.00,Rs./Quintal
Andhra Pradesh,Kurnool,Kurnool APMC,Vegetables,Onion,04-10-2025,46.20,Metric Tonnes,765.00,Rs./Quintal
Andhra Pradesh,Kurnool,Kurnool APMC,Vegetables,Onion,06-10-2025,117.70,Metric Tonnes,785.00,Rs./Quintal
Andhra Pradesh,Kurnool,Kurnool APMC,Vegetables,Onion,07-10-2025,163.70,Metric Tonnes,677.00,Rs./Quintal
Andhra Pradesh,Kurnool,Kurnool APMC,Vegetables,Onion,08-10-2025,186.80,Metric Tonnes,800.00,Rs./Quintal
Andhra Pradesh,Kurnool,Kurnool APMC,Vegetables,Onion,09-10-2025,215.60,Metric Tonnes,585.00,Rs./Quintal
Andhra Pradesh,Kurnool,Kurnool APMC,Vegetables,Onion,10-10-2025,229.00,Metric Tonnes,631.00,Rs./Quintal
Andhra Pradesh,Kurnool,Kurnool APMC,Vegetables,Onion,11-10-2025,217.40,Metric Tonnes,587.00,Rs./Quintal
Andhra Pradesh,Kurnool,Kurnool APMC,Vegetables,Onion,13-10-2025,206.20,Metric Tonnes,610.00,Rs./Quintal
Andhra Pradesh,Kurnool,Kurnool APMC,Vegetables,Onion,14-10-2025,194.80,Metric Tonnes,580.00,Rs./Quintal
Andhra Pradesh,Kurnool,Kurnool APMC,Vegetables,Onion,15-10-2025,193.30,Metric Tonnes,562.00,Rs./Quintal
Andhra Pradesh,Kurnool,Kurnool APMC,Vegetables,Onion,17-10-2025,174.80,Metric Tonnes,511.00,Rs./Quintal
Andhra Pradesh,Kurnool,Kurnool APMC,Vegetables,Onion,18-10-2025,180.10,Metric Tonnes,576.00,Rs./Quintal
Andhra Pradesh,Kurnool,Kurnool APMC,Vegetables,Onion,22-10-2025,187.40,Metric Tonnes,521.00,Rs./Quintal
Andhra Pradesh,Kurnool,Kurnool APMC,Vegetables,Onion,23-10-2025,206.90,Metric Tonnes,476.00,Rs./Quintal
Andhra Pradesh,Kurnool,Kurnool APMC,Vegetables,Onion,24-10-2025,95.60,Metric Tonnes,511.00,Rs./Quintal
Andhra Pradesh,Kurnool,Kurnool APMC,Vegetables,Onion,25-10-2025,43.20,Metric Tonnes,659.00,Rs./Quintal
Andhra Pradesh,Kurnool,Kurnool APMC,Vegetables,Onion,27-10-2025,22.50,Metric Tonnes,619.00,Rs./Quintal
Andhra Pradesh,Kurnool,Kurnool APMC,Vegetables,Onion,28-10-2025,54.00,Metric Tonnes,891.00,Rs./Quintal
Andhra Pradesh,Kurnool,Kurnool APMC,Vegetables,Onion,29-10-2025,42.00,Metric Tonnes,911.00,Rs./Quintal
Andhra Pradesh,Kurnool,Kurnool APMC,Vegetables,Onion,30-10-2025,29.10,Metric Tonnes,808.00,Rs./Quintal
Andhra Pradesh,Kurnool,Kurnool APMC,Vegetables,Onion,31-10-2025,27.00,Metric Tonnes,700.00,Rs./Quintal
Andhra Pradesh,Kurnool,Kurnool APMC,Vegetables,Onion,03-11-2025,136.80,Metric Tonnes,885.00,Rs./Quintal
Andhra Pradesh,Kurnool,Kurnool APMC,Vegetables,Onion,04-11-2025,206.50,Metric Tonnes,630.00,Rs./Quintal
Andhra Pradesh,Kurnool,Kurnool APMC,Vegetables,Onion,05-11-2025,204.30,Metric Tonnes,595.00,Rs./Quintal
Andhra Pradesh,Kurnool,Kurnool APMC,Vegetables,Onion,10-11-2025,933.00,Metric Tonnes,595.00,Rs./Quintal
Andhra Pradesh,Kurnool,Kurnool APMC,Vegetables,Onion,11-11-2025,539.00,Metric Tonnes,589.00,Rs./Quintal
Andhra Pradesh,Kurnool,Kurnool APMC,Vegetables,Onion,12-11-2025,935.00,Metric Tonnes,630.00,Rs./Quintal
Andhra Pradesh,Kurnool,Kurnool APMC,Vegetables,Onion,13-11-2025,911.00,Metric Tonnes,720.00,Rs./Quintal
Andhra Pradesh,Kurnool,Kurnool APMC,Vegetables,Onion,14-11-2025,665.00,Metric Tonnes,585.00,Rs./Quintal
Andhra Pradesh,Kurnool,Kurnool APMC,Vegetables,Onion,15-11-2025,100.40,Metric Tonnes,617.00,Rs./Quintal
Andhra Pradesh,Kurnool,Kurnool APMC,Vegetables,Onion,17-11-2025,114.80,Metric Tonnes,556.00,Rs./Quintal
Andhra Pradesh,Kurnool,Kurnool APMC,Vegetables,Onion,18-11-2025,53.60,Metric Tonnes,659.00,Rs./Quintal
Andhra Pradesh,Kurnool,Kurnool APMC,Vegetables,Onion,19-11-2025,76.60,Metric Tonnes,865.00,Rs./Quintal
Andhra Pradesh,Kurnool,Kurnool APMC,Vegetables,Onion,22-11-2025,40.10,Metric Tonnes,528.00,Rs./Quintal
Andhra Pradesh,Kurnool,Kurnool APMC,Vegetables,Onion,24-11-2025,20.20,Metric Tonnes,689.00,Rs./Quintal
Andhra Pradesh,Kurnool,Kurnool APMC,Vegetables,Onion,25-11-2025,16.70,Metric Tonnes,630.00,Rs./Quintal
Andhra Pradesh,Kurnool,Kurnool APMC,Vegetables,Onion,26-11-2025,13.50,Metric Tonnes,759.00,Rs./Quintal
Andhra Pradesh,Kurnool,Kurnool APMC,Vegetables,Onion,27-11-2025,18.90,Metric Tonnes,710.00,Rs./Quintal
Andhra Pradesh,Kurnool,Kurnool APMC,Vegetables,Onion,28-11-2025,10.90,Metric Tonnes,929.00,Rs./Quintal
Andhra Pradesh,Kurnool,Kurnool APMC,Vegetables,Onion,29-11-2025,51.30,Metric Tonnes,869.00,Rs./Quintal
Andhra Pradesh,Kurnool,Kurnool APMC,Vegetables,Onion,01-12-2025,18.60,Metric Tonnes,959.00,Rs./Quintal
Andhra Pradesh,Kurnool,Kurnool APMC,Vegetables,Onion,02-12-2025,38.90,Metric Tonnes,1051.00,Rs./Quintal
Andhra Pradesh,Kurnool,Kurnool APMC,Vegetables,Onion,03-12-2025,13.80,Metric Tonnes,939.00,Rs./Quintal
Andhra Pradesh,Kurnool,Kurnool APMC,Vegetables,Onion,04-12-2025,12.00,Metric Tonnes,919.00,Rs./Quintal
Andhra Pradesh,Kurnool,Kurnool APMC,Vegetables,Onion,05-12-2025,34.20,Metric Tonnes,829.00,Rs./Quintal
Andhra Pradesh,Kurnool,Kurnool APMC,Vegetables,Onion,06-12-2025,139.00,Metric Tonnes,950.00,Rs./Quintal
Andhra Pradesh,Kurnool,Kurnool APMC,Vegetables,Onion,08-12-2025,11.90,Metric Tonnes,979.00,Rs./Quintal
Andhra Pradesh,Kurnool,Kurnool APMC,Vegetables,Onion,09-12-2025,27.50,Metric Tonnes,1197.00,Rs./Quintal
Andhra Pradesh,Kurnool,Kurnool APMC,Vegetables,Onion,10-12-2025,453.00,Metric Tonnes,1089.00,Rs./Quintal
Andhra Pradesh,Kurnool,Kurnool APMC,Vegetables,Onion,11-12-2025,26.70,Metric Tonnes,1049.00,Rs./Quintal
Andhra Pradesh,Kurnool,Kurnool APMC,Vegetables,Onion,13-12-2025,517.00,Metric Tonnes,1106.00,Rs./Quintal
Andhra Pradesh,Kurnool,Kurnool APMC,Vegetables,Onion,15-12-2025,26.40,Metric Tonnes,1171.00,Rs./Quintal
Andhra Pradesh,Kurnool,Kurnool APMC,Vegetables,Onion,16-12-2025,327.00,Metric Tonnes,1729.00,Rs./Quintal
Andhra Pradesh,Kurnool,Kurnool APMC,Vegetables,Onion,17-12-2025,26.50,Metric Tonnes,1325.00,Rs./Quintal
Andhra Pradesh,Kurnool,Kurnool APMC,Vegetables,Onion,18-12-2025,255.00,Metric Tonnes,1161.00,Rs./Quintal
Andhra Pradesh,Kurnool,Kurnool APMC,Vegetables,Onion,20-12-2025,80.10,Metric Tonnes,1385.00,Rs./Quintal
Andhra Pradesh,Kurnool,Kurnool APMC,Vegetables,Onion,22-12-2025,748.00,Metric Tonnes,1569.00,Rs./Quintal
Andhra Pradesh,Kurnool,Kurnool APMC,Vegetables,Onion,23-12-2025,622.00,Metric Tonnes,1085.00,Rs./Quintal
Andhra Pradesh,Kurnool,Kurnool APMC,Vegetables,Onion,24-12-2025,44.20,Metric Tonnes,1389.00,Rs./Quintal
Andhra Pradesh,Kurnool,Kurnool APMC,Vegetables,Onion,26-12-2025,342.00,Metric Tonnes,1465.00,Rs./Quintal
Andhra Pradesh,Kurnool,Kurnool APMC,Vegetables,Onion,27-12-2025,279.00,Metric Tonnes,1127.00,Rs./Quintal
Andhra Pradesh,Kurnool,Kurnool APMC,Vegetables,Onion,29-12-2025,238.00,Metric Tonnes,1286.00,Rs./Quintal
Andhra Pradesh,Kurnool,Kurnool APMC,Vegetables,Onion,30-12-2025,305.00,Metric Tonnes,1419.00,Rs./Quintal
Andhra Pradesh,Kurnool,Kurnool APMC,Vegetables,Onion,31-12-2025,16.10,Metric Tonnes,1415.00,Rs./Quintal
Andhra Pradesh,Kurnool,Kurnool APMC,Vegetables,Onion,02-01-2026,3.80,Metric Tonnes,1459.00,Rs./Quintal
Andhra Pradesh,Kurnool,Kurnool APMC,Vegetables,Onion,03-01-2026,3.40,Metric Tonnes,1117.00,Rs./Quintal
Andhra Pradesh,Kurnool,Kurnool APMC,Vegetables,Onion,05-01-2026,85.00,Metric Tonnes,1409.00,Rs./Quintal
Andhra Pradesh,Kurnool,Kurnool APMC,Vegetables,Onion,06-01-2026,10.30,Metric Tonnes,1397.00,Rs./Quintal
Andhra Pradesh,Kurnool,Kurnool APMC,Vegetables,Onion,07-01-2026,12.40,Metric Tonnes,1409.00,Rs./Quintal
Andhra Pradesh,Kurnool,Kurnool APMC,Vegetables,Onion,08-01-2026,62.60,Metric Tonnes,1487.00,Rs./Quintal
Andhra Pradesh,Kurnool,Kurnool APMC,Vegetables,Onion,09-01-2026,53.00,Metric Tonnes,1500.00,Rs./Quintal
Andhra Pradesh,Kurnool,Kurnool APMC,Vegetables,Onion,10-01-2026,55.50,Metric Tonnes,1367.00,Rs./Quintal
Andhra Pradesh,Kurnool,Kurnool APMC,Vegetables,Onion,12-01-2026,12.20,Metric Tonnes,1265.00,Rs./Quintal
Andhra Pradesh,Kurnool,Kurnool APMC,Vegetables,Onion,13-01-2026,9.70,Metric Tonnes,1709.00,Rs./Quintal
Andhra Pradesh,Kurnool,Kurnool APMC,Vegetables,Onion,19-01-2026,99.00,Metric Tonnes,1515.00,Rs./Quintal
Andhra Pradesh,Kurnool,Kurnool APMC,Vegetables,Onion,21-01-2026,52.90,Metric Tonnes,1635.00,Rs./Quintal
Andhra Pradesh,Kurnool,Kurnool APMC,Vegetables,Onion,22-01-2026,33.70,Metric Tonnes,1527.00,Rs./Quintal
Andhra Pradesh,Kurnool,Kurnool APMC,Vegetables,Onion,23-01-2026,46.30,Metric Tonnes,1337.00,Rs./Quintal
Andhra Pradesh,Kurnool,Kurnool APMC,Vegetables,Onion,24-01-2026,52.10,Metric Tonnes,1525.00,Rs./Quintal
Andhra Pradesh,Kurnool,Kurnool APMC,Vegetables,Onion,28-01-2026,148.50,Metric Tonnes,1485.00,Rs./Quintal
Andhra Pradesh,Kurnool,Kurnool APMC,Vegetables,Onion,29-01-2026,809.00,Metric Tonnes,1329.00,Rs./Quintal
Andhra Pradesh,Kurnool,Kurnool APMC,Vegetables,Onion,30-01-2026,99.50,Metric Tonnes,1389.00,Rs./Quintal
Andhra Pradesh,Kurnool,Kurnool APMC,Vegetables,Onion,31-01-2026,53.80,Metric Tonnes,1225.00,Rs./Quintal
Andhra Pradesh,Kurnool,Kurnool APMC,Vegetables,Onion,02-02-2026,56.30,Metric Tonnes,1085.00,Rs./Quintal
Andhra Pradesh,Kurnool,Kurnool APMC,Vegetables,Onion,03-02-2026,49.00,Metric Tonnes,1165.00,Rs./Quintal
Andhra Pradesh,Kurnool,Kurnool APMC,Vegetables,Onion,04-02-2026,38.60,Metric Tonnes,1285.00,Rs./Quintal
Andhra Pradesh,Kurnool,Kurnool APMC,Vegetables,Onion,05-02-2026,14.90,Metric Tonnes,1459.00,Rs./Quintal
Andhra Pradesh,Kurnool,Kurnool APMC,Vegetables,Onion,07-02-2026,17.30,Metric Tonnes,1369.00,Rs./Quintal
Andhra Pradesh,Kurnool,Kurnool APMC,Vegetables,Onion,09-02-2026,23.70,Metric Tonnes,1445.00,Rs./Quintal
Andhra Pradesh,Kurnool,Kurnool APMC,Vegetables,Onion,10-02-2026,45.00,Metric Tonnes,1237.00,Rs./Quintal
Andhra Pradesh,Kurnool,Kurnool APMC,Vegetables,Onion,11-02-2026,38.50,Metric Tonnes,1297.00,Rs./Quintal
Andhra Pradesh,Kurnool,Kurnool APMC,Vegetables,Onion,13-02-2026,39.90,Metric Tonnes,1355.00,Rs./Quintal
Andhra Pradesh,Kurnool,Kurnool APMC,Vegetables,Onion,14-02-2026,3.40,Metric Tonnes,1429.00,Rs./Quintal
Andhra Pradesh,Kurnool,Kurnool APMC,Vegetables,Onion,19-02-2026,30.40,Metric Tonnes,1389.00,Rs./Quintal
Andhra Pradesh,Kurnool,Kurnool APMC,Vegetables,Onion,20-02-2026,8.60,Metric Tonnes,1429.00,Rs./Quintal
Andhra Pradesh,Kurnool,Kurnool APMC,Vegetables,Onion,21-02-2026,47.70,Metric Tonnes,1295.00,Rs./Quintal
Andhra Pradesh,Kurnool,Kurnool APMC,Vegetables,Onion,23-02-2026,74.60,Metric Tonnes,1017.00,Rs./Quintal
Andhra Pradesh,Kurnool,Kurnool APMC,Vegetables,Onion,24-02-2026,81.70,Metric Tonnes,1015.00,Rs./Quintal
Andhra Pradesh,Kurnool,Kurnool APMC,Vegetables,Onion,25-02-2026,96.60,Metric Tonnes,985.00,Rs./Quintal
Andhra Pradesh,Kurnool,Kurnool APMC,Vegetables,Onion,27-02-2026,85.10,Metric Tonnes,737.00,Rs./Quintal
Andhra Pradesh,Kurnool,Kurnool APMC,Vegetables,Onion,28-02-2026,5.90,Metric Tonnes,889.00,Rs./Quintal
Andhra Pradesh,Kurnool,Kurnool APMC,Vegetables,Onion,02-03-2026,59.60,Metric Tonnes,767.00,Rs./Quintal
Andhra Pradesh,Kurnool,Kurnool APMC,Vegetables,Onion,04-03-2026,87.60,Metric Tonnes,849.00,Rs./Quintal
Andhra Pradesh,Kurnool,Kurnool APMC,Vegetables,Onion,05-03-2026,21.90,Metric Tonnes,755.00,Rs./Quintal
Andhra Pradesh,Kurnool,Kurnool APMC,Vegetables,Onion,06-03-2026,20.30,Metric Tonnes,795.00,Rs./Quintal
Andhra Pradesh,Kurnool,Kurnool APMC,Vegetables,Onion,07-03-2026,41.30,Metric Tonnes,1131.00,Rs./Quintal
Andhra Pradesh,Kurnool,Kurnool APMC,Vegetables,Onion,10-03-2026,54.30,Metric Tonnes,845.00,Rs./Quintal
Andhra Pradesh,Kurnool,Kurnool APMC,Vegetables,Onion,11-03-2026,47.30,Metric Tonnes,969.00,Rs./Quintal
Andhra Pradesh,Kurnool,Kurnool APMC,Vegetables,Onion,12-03-2026,100.30,Metric Tonnes,885.00,Rs./Quintal
Andhra Pradesh,Kurnool,Kurnool APMC,Vegetables,Onion,13-03-2026,98.20,Metric Tonnes,889.00,Rs./Quintal
Andhra Pradesh,Kurnool,Kurnool APMC,Vegetables,Onion,14-03-2026,86.00,Metric Tonnes,959.00,Rs./Quintal
Andhra Pradesh,Kurnool,Kurnool APMC,Vegetables,Onion,16-03-2026,135.50,Metric Tonnes,1059.00,Rs./Quintal
Andhra Pradesh,Kurnool,Kurnool APMC,Vegetables,Onion,17-03-2026,99.80,Metric Tonnes,795.00,Rs./Quintal
Andhra Pradesh,Kurnool,Kurnool APMC,Vegetables,Onion,23-03-2026,91.00,Metric Tonnes,1219.00,Rs./Quintal
Andhra Pradesh,Kurnool,Pattikonda APMC,Vegetables,Onion,28-01-2021,1.00,Metric Tonnes,4500.00,Rs./Quintal
Andhra Pradesh,Kurnool,Pattikonda APMC,Vegetables,Onion,29-01-2021,1.00,Metric Tonnes,3200.00,Rs./Quintal
Andhra Pradesh,Kurnool,Pattikonda APMC,Vegetables,Onion,30-01-2021,1.00,Metric Tonnes,3500.00,Rs./Quintal
Andhra Pradesh,Kurnool,Pattikonda APMC,Vegetables,Onion,31-01-2021,1.00,Metric Tonnes,3500.00,Rs./Quintal
Andhra Pradesh,Kurnool,Pattikonda APMC,Vegetables,Onion,11-02-2021,1.00,Metric Tonnes,3500.00,Rs./Quintal
Andhra Pradesh,Kurnool,Pattikonda APMC,Vegetables,Onion,13-02-2021,1.00,Metric Tonnes,3500.00,Rs./Quintal
Andhra Pradesh,Kurnool,Pattikonda APMC,Vegetables,Onion,14-02-2021,1.00,Metric Tonnes,3500.00,Rs./Quintal
Andhra Pradesh,Kurnool,Pattikonda APMC,Vegetables,Onion,15-02-2021,1.00,Metric Tonnes,3500.00,Rs./Quintal
Andhra Pradesh,Kurnool,Pattikonda APMC,Vegetables,Onion,22-02-2021,1.00,Metric Tonnes,3500.00,Rs./Quintal
Andhra Pradesh,Kurnool,Pattikonda APMC,Vegetables,Onion,23-02-2021,1.00,Metric Tonnes,3500.00,Rs./Quintal
Andhra Pradesh,Kurnool,Pattikonda APMC,Vegetables,Onion,24-02-2021,1.00,Metric Tonnes,3000.00,Rs./Quintal
Andhra Pradesh,Kurnool,Pattikonda APMC,Vegetables,Onion,25-02-2021,1.00,Metric Tonnes,3500.00,Rs./Quintal
Andhra Pradesh,Kurnool,Pattikonda APMC,Vegetables,Onion,26-02-2021,1.00,Metric Tonnes,3500.00,Rs./Quintal
Andhra Pradesh,Kurnool,Pattikonda APMC,Vegetables,Onion,27-02-2021,1.00,Metric Tonnes,4000.00,Rs./Quintal
Andhra Pradesh,Kurnool,Pattikonda APMC,Vegetables,Onion,28-02-2021,1.00,Metric Tonnes,4000.00,Rs./Quintal
Andhra Pradesh,Kurnool,Pattikonda APMC,Vegetables,Onion,17-03-2021,1.00,Metric Tonnes,3500.00,Rs./Quintal
Andhra Pradesh,Kurnool,Pattikonda APMC,Vegetables,Onion,18-03-2021,1.00,Metric Tonnes,3500.00,Rs./Quintal
Andhra Pradesh,Kurnool,Pattikonda APMC,Vegetables,Onion,19-03-2021,1.00,Metric Tonnes,900.00,Rs./Quintal
Andhra Pradesh,Kurnool,Pattikonda APMC,Vegetables,Onion,20-03-2021,1.00,Metric Tonnes,1500.00,Rs./Quintal
Andhra Pradesh,Kurnool,Pattikonda APMC,Vegetables,Onion,21-03-2021,1.00,Metric Tonnes,900.00,Rs./Quintal
Andhra Pradesh,Kurnool,Pattikonda APMC,Vegetables,Onion,22-03-2021,1.00,Metric Tonnes,900.00,Rs./Quintal
Andhra Pradesh,Kurnool,Pattikonda APMC,Vegetables,Onion,23-03-2021,1.00,Metric Tonnes,900.00,Rs./Quintal
Andhra Pradesh,Kurnool,Pattikonda APMC,Vegetables,Onion,24-03-2021,1.00,Metric Tonnes,900.00,Rs./Quintal
Andhra Pradesh,Kurnool,Pattikonda APMC,Vegetables,Onion,25-03-2021,1.00,Metric Tonnes,900.00,Rs./Quintal
Andhra Pradesh,Kurnool,Pattikonda APMC,Vegetables,Onion,27-03-2021,1.00,Metric Tonnes,900.00,Rs./Quintal
Andhra Pradesh,Kurnool,Pattikonda APMC,Vegetables,Onion,28-03-2021,1.00,Metric Tonnes,900.00,Rs./Quintal
Andhra Pradesh,Kurnool,Pattikonda APMC,Vegetables,Onion,29-03-2021,1.00,Metric Tonnes,900.00,Rs./Quintal
Andhra Pradesh,Kurnool,Pattikonda APMC,Vegetables,Onion,30-03-2021,1.00,Metric Tonnes,900.00,Rs./Quintal
Andhra Pradesh,Kurnool,Pattikonda APMC,Vegetables,Onion,31-03-2021,1.00,Metric Tonnes,900.00,Rs./Quintal
Andhra Pradesh,Kurnool,Pattikonda APMC,Vegetables,Onion,10-04-2021,1.00,Metric Tonnes,900.00,Rs./Quintal
Andhra Pradesh,Kurnool,Pattikonda APMC,Vegetables,Onion,11-04-2021,1.00,Metric Tonnes,900.00,Rs./Quintal
Andhra Pradesh,Kurnool,Pattikonda APMC,Vegetables,Onion,12-04-2021,1.00,Metric Tonnes,900.00,Rs./Quintal
Andhra Pradesh,Kurnool,Pattikonda APMC,Vegetables,Onion,13-04-2021,1.00,Metric Tonnes,900.00,Rs./Quintal
Andhra Pradesh,Kurnool,Pattikonda APMC,Vegetables,Onion,14-04-2021,1.00,Metric Tonnes,900.00,Rs./Quintal
Andhra Pradesh,Kurnool,Pattikonda APMC,Vegetables,Onion,15-04-2021,1.00,Metric Tonnes,900.00,Rs./Quintal
Andhra Pradesh,Kurnool,Pattikonda APMC,Vegetables,Onion,16-04-2021,1.00,Metric Tonnes,900.00,Rs./Quintal
Andhra Pradesh,Kurnool,Pattikonda APMC,Vegetables,Onion,17-04-2021,1.00,Metric Tonnes,900.00,Rs./Quintal
Andhra Pradesh,Kurnool,Pattikonda APMC,Vegetables,Onion,18-04-2021,1.00,Metric Tonnes,900.00,Rs./Quintal
Andhra Pradesh,Kurnool,Pattikonda APMC,Vegetables,Onion,19-04-2021,1.00,Metric Tonnes,900.00,Rs./Quintal
Andhra Pradesh,Kurnool,Pattikonda APMC,Vegetables,Onion,23-04-2021,1.00,Metric Tonnes,900.00,Rs./Quintal
Andhra Pradesh,Kurnool,Pattikonda APMC,Vegetables,Onion,24-04-2021,1.00,Metric Tonnes,900.00,Rs./Quintal
Andhra Pradesh,Kurnool,Pattikonda APMC,Vegetables,Onion,25-04-2021,1.00,Metric Tonnes,900.00,Rs./Quintal
Andhra Pradesh,Kurnool,Pattikonda APMC,Vegetables,Onion,26-04-2021,1.00,Metric Tonnes,900.00,Rs./Quintal
Andhra Pradesh,Kurnool,Pattikonda APMC,Vegetables,Onion,27-04-2021,1.00,Metric Tonnes,900.00,Rs./Quintal
Andhra Pradesh,Kurnool,Pattikonda APMC,Vegetables,Onion,28-04-2021,1.00,Metric Tonnes,900.00,Rs./Quintal
Andhra Pradesh,Kurnool,Pattikonda APMC,Vegetables,Onion,29-04-2021,1.00,Metric Tonnes,900.00,Rs./Quintal
Andhra Pradesh,Kurnool,Pattikonda APMC,Vegetables,Onion,05-05-2021,1.00,Metric Tonnes,900.00,Rs./Quintal
Andhra Pradesh,Kurnool,Pattikonda APMC,Vegetables,Onion,06-05-2021,1.00,Metric Tonnes,900.00,Rs./Quintal
Andhra Pradesh,Kurnool,Pattikonda APMC,Vegetables,Onion,07-05-2021,1.00,Metric Tonnes,900.00,Rs./Quintal
Andhra Pradesh,Kurnool,Pattikonda APMC,Vegetables,Onion,08-05-2021,1.00,Metric Tonnes,900.00,Rs./Quintal
Andhra Pradesh,Kurnool,Pattikonda APMC,Vegetables,Onion,09-05-2021,1.00,Metric Tonnes,900.00,Rs./Quintal
Andhra Pradesh,Kurnool,Pattikonda APMC,Vegetables,Onion,10-05-2021,1.00,Metric Tonnes,900.00,Rs./Quintal
Andhra Pradesh,Kurnool,Pattikonda APMC,Vegetables,Onion,11-05-2021,1.00,Metric Tonnes,900.00,Rs./Quintal
Andhra Pradesh,Kurnool,Pattikonda APMC,Vegetables,Onion,12-05-2021,1.00,Metric Tonnes,900.00,Rs./Quintal
Andhra Pradesh,Kurnool,Pattikonda APMC,Vegetables,Onion,13-05-2021,1.00,Metric Tonnes,900.00,Rs./Quintal
Andhra Pradesh,Kurnool,Pattikonda APMC,Vegetables,Onion,14-05-2021,1.00,Metric Tonnes,900.00,Rs./Quintal
Andhra Pradesh,Kurnool,Pattikonda APMC,Vegetables,Onion,15-05-2021,1.00,Metric Tonnes,900.00,Rs./Quintal
Andhra Pradesh,Kurnool,Pattikonda APMC,Vegetables,Onion,16-05-2021,1.00,Metric Tonnes,900.00,Rs./Quintal
Andhra Pradesh,Kurnool,Pattikonda APMC,Vegetables,Onion,17-05-2021,1.00,Metric Tonnes,900.00,Rs./Quintal
Andhra Pradesh,Kurnool,Pattikonda APMC,Vegetables,Onion,18-05-2021,1.00,Metric Tonnes,900.00,Rs./Quintal
Andhra Pradesh,Kurnool,Pattikonda APMC,Vegetables,Onion,19-05-2021,1.00,Metric Tonnes,900.00,Rs./Quintal
Andhra Pradesh,Kurnool,Pattikonda APMC,Vegetables,Onion,20-05-2021,1.00,Metric Tonnes,900.00,Rs./Quintal
Andhra Pradesh,Kurnool,Pattikonda APMC,Vegetables,Onion,21-05-2021,1.00,Metric Tonnes,900.00,Rs./Quintal
Andhra Pradesh,Kurnool,Pattikonda APMC,Vegetables,Onion,22-05-2021,1.00,Metric Tonnes,900.00,Rs./Quintal
Andhra Pradesh,Kurnool,Pattikonda APMC,Vegetables,Onion,23-05-2021,1.00,Metric Tonnes,900.00,Rs./Quintal
Andhra Pradesh,Kurnool,Pattikonda APMC,Vegetables,Onion,24-05-2021,1.00,Metric Tonnes,900.00,Rs./Quintal
Andhra Pradesh,Kurnool,Pattikonda APMC,Vegetables,Onion,25-05-2021,1.00,Metric Tonnes,900.00,Rs./Quintal
Andhra Pradesh,Kurnool,Pattikonda APMC,Vegetables,Onion,26-05-2021,1.00,Metric Tonnes,900.00,Rs./Quintal
Andhra Pradesh,Kurnool,Pattikonda APMC,Vegetables,Onion,27-05-2021,1.00,Metric Tonnes,900.00,Rs./Quintal
Andhra Pradesh,Kurnool,Pattikonda APMC,Vegetables,Onion,28-05-2021,1.00,Metric Tonnes,900.00,Rs./Quintal
Andhra Pradesh,Kurnool,Pattikonda APMC,Vegetables,Onion,29-05-2021,1.00,Metric Tonnes,900.00,Rs./Quintal
Andhra Pradesh,Kurnool,Pattikonda APMC,Vegetables,Onion,30-05-2021,1.00,Metric Tonnes,2000.00,Rs./Quintal
Andhra Pradesh,Kurnool,Pattikonda APMC,Vegetables,Onion,31-05-2021,1.00,Metric Tonnes,2000.00,Rs./Quintal
Andhra Pradesh,Kurnool,Pattikonda APMC,Vegetables,Onion,05-06-2021,1.00,Metric Tonnes,2500.00,Rs./Quintal
Andhra Pradesh,Kurnool,Pattikonda APMC,Vegetables,Onion,06-06-2021,1.00,Metric Tonnes,2500.00,Rs./Quintal
Andhra Pradesh,Kurnool,Pattikonda APMC,Vegetables,Onion,07-06-2021,1.00,Metric Tonnes,2500.00,Rs./Quintal
Andhra Pradesh,Kurnool,Pattikonda APMC,Vegetables,Onion,08-06-2021,1.00,Metric Tonnes,2500.00,Rs./Quintal
Andhra Pradesh,Kurnool,Pattikonda APMC,Vegetables,Onion,09-06-2021,1.00,Metric Tonnes,2500.00,Rs./Quintal
Andhra Pradesh,Kurnool,Pattikonda APMC,Vegetables,Onion,10-06-2021,1.00,Metric Tonnes,2500.00,Rs./Quintal
Andhra Pradesh,Kurnool,Pattikonda APMC,Vegetables,Onion,11-06-2021,1.00,Metric Tonnes,2500.00,Rs./Quintal
Andhra Pradesh,Kurnool,Pattikonda APMC,Vegetables,Onion,12-06-2021,1.00,Metric Tonnes,2500.00,Rs./Quintal
Andhra Pradesh,Kurnool,Pattikonda APMC,Vegetables,Onion,13-06-2021,1.00,Metric Tonnes,2500.00,Rs./Quintal
Andhra Pradesh,Kurnool,Pattikonda APMC,Vegetables,Onion,14-06-2021,1.00,Metric Tonnes,2500.00,Rs./Quintal
Andhra Pradesh,Kurnool,Pattikonda APMC,Vegetables,Onion,15-06-2021,1.00,Metric Tonnes,2500.00,Rs./Quintal
Andhra Pradesh,Kurnool,Pattikonda APMC,Vegetables,Onion,16-06-2021,1.00,Metric Tonnes,2500.00,Rs./Quintal
Andhra Pradesh,Kurnool,Pattikonda APMC,Vegetables,Onion,17-06-2021,1.00,Metric Tonnes,2500.00,Rs./Quintal
Andhra Pradesh,Kurnool,Pattikonda APMC,Vegetables,Onion,18-06-2021,1.00,Metric Tonnes,2500.00,Rs./Quintal
Andhra Pradesh,Kurnool,Pattikonda APMC,Vegetables,Onion,19-06-2021,1.00,Metric Tonnes,2500.00,Rs./Quintal
Andhra Pradesh,Kurnool,Pattikonda APMC,Vegetables,Onion,20-06-2021,1.00,Metric Tonnes,2500.00,Rs./Quintal
Andhra Pradesh,Kurnool,Pattikonda APMC,Vegetables,Onion,21-06-2021,1.00,Metric Tonnes,2500.00,Rs./Quintal
Andhra Pradesh,Kurnool,Pattikonda APMC,Vegetables,Onion,22-06-2021,1.00,Metric Tonnes,2500.00,Rs./Quintal
Andhra Pradesh,Kurnool,Pattikonda APMC,Vegetables,Onion,23-06-2021,1.00,Metric Tonnes,2500.00,Rs./Quintal
Andhra Pradesh,Kurnool,Pattikonda APMC,Vegetables,Onion,24-06-2021,1.00,Metric Tonnes,2500.00,Rs./Quintal
Andhra Pradesh,Kurnool,Pattikonda APMC,Vegetables,Onion,25-06-2021,1.00,Metric Tonnes,2500.00,Rs./Quintal
Andhra Pradesh,Kurnool,Pattikonda APMC,Vegetables,Onion,26-06-2021,1.00,Metric Tonnes,2500.00,Rs./Quintal
Andhra Pradesh,Kurnool,Pattikonda APMC,Vegetables,Onion,27-06-2021,1.00,Metric Tonnes,2500.00,Rs./Quintal
Andhra Pradesh,Kurnool,Pattikonda APMC,Vegetables,Onion,28-06-2021,1.00,Metric Tonnes,2500.00,Rs./Quintal
Andhra Pradesh,Kurnool,Pattikonda APMC,Vegetables,Onion,29-06-2021,1.00,Metric Tonnes,2500.00,Rs./Quintal
Andhra Pradesh,Kurnool,Pattikonda APMC,Vegetables,Onion,30-06-2021,1.00,Metric Tonnes,2500.00,Rs./Quintal
Andhra Pradesh,Kurnool,Pattikonda APMC,Vegetables,Onion,08-07-2021,1.00,Metric Tonnes,2500.00,Rs./Quintal
Andhra Pradesh,Kurnool,Pattikonda APMC,Vegetables,Onion,09-07-2021,1.00,Metric Tonnes,2500.00,Rs./Quintal
Andhra Pradesh,Kurnool,Pattikonda APMC,Vegetables,Onion,10-07-2021,1.00,Metric Tonnes,2500.00,Rs./Quintal
Andhra Pradesh,Kurnool,Pattikonda APMC,Vegetables,Onion,11-07-2021,1.00,Metric Tonnes,2500.00,Rs./Quintal
Andhra Pradesh,Kurnool,Pattikonda APMC,Vegetables,Onion,12-07-2021,1.00,Metric Tonnes,2500.00,Rs./Quintal
Andhra Pradesh,Kurnool,Pattikonda APMC,Vegetables,Onion,13-07-2021,1.00,Metric Tonnes,2500.00,Rs./Quintal
Andhra Pradesh,Kurnool,Pattikonda APMC,Vegetables,Onion,14-07-2021,1.00,Metric Tonnes,2500.00,Rs./Quintal
Andhra Pradesh,Kurnool,Pattikonda APMC,Vegetables,Onion,15-07-2021,1.00,Metric Tonnes,2500.00,Rs./Quintal
Andhra Pradesh,Kurnool,Pattikonda APMC,Vegetables,Onion,16-07-2021,1.00,Metric Tonnes,2500.00,Rs./Quintal
Andhra Pradesh,Kurnool,Pattikonda APMC,Vegetables,Onion,20-07-2021,1.00,Metric Tonnes,2500.00,Rs./Quintal
Andhra Pradesh,Kurnool,Pattikonda APMC,Vegetables,Onion,21-07-2021,1.00,Metric Tonnes,2500.00,Rs./Quintal
Andhra Pradesh,Kurnool,Pattikonda APMC,Vegetables,Onion,22-07-2021,1.00,Metric Tonnes,2500.00,Rs./Quintal
Andhra Pradesh,Kurnool,Pattikonda APMC,Vegetables,Onion,23-07-2021,1.00,Metric Tonnes,2500.00,Rs./Quintal
Andhra Pradesh,Kurnool,Pattikonda APMC,Vegetables,Onion,24-07-2021,1.00,Metric Tonnes,2500.00,Rs./Quintal
Andhra Pradesh,Kurnool,Pattikonda APMC,Vegetables,Onion,25-07-2021,1.00,Metric Tonnes,2500.00,Rs./Quintal
Andhra Pradesh,Kurnool,Pattikonda APMC,Vegetables,Onion,26-07-2021,1.00,Metric Tonnes,2500.00,Rs./Quintal
Andhra Pradesh,Kurnool,Pattikonda APMC,Vegetables,Onion,27-07-2021,1.00,Metric Tonnes,2500.00,Rs./Quintal
Andhra Pradesh,Kurnool,Pattikonda APMC,Vegetables,Onion,30-07-2021,1.00,Metric Tonnes,2500.00,Rs./Quintal
Andhra Pradesh,Kurnool,Pattikonda APMC,Vegetables,Onion,31-07-2021,1.00,Metric Tonnes,2500.00,Rs./Quintal
Andhra Pradesh,Kurnool,Pattikonda APMC,Vegetables,Onion,11-08-2021,1.00,Metric Tonnes,2500.00,Rs./Quintal
Andhra Pradesh,Kurnool,Pattikonda APMC,Vegetables,Onion,12-08-2021,1.00,Metric Tonnes,2500.00,Rs./Quintal
Andhra Pradesh,Kurnool,Pattikonda APMC,Vegetables,Onion,13-08-2021,1.00,Metric Tonnes,2500.00,Rs./Quintal
Andhra Pradesh,Kurnool,Pattikonda APMC,Vegetables,Onion,14-08-2021,1.00,Metric Tonnes,2500.00,Rs./Quintal
Andhra Pradesh,Kurnool,Pattikonda APMC,Vegetables,Onion,15-08-2021,1.00,Metric Tonnes,2500.00,Rs./Quintal
Andhra Pradesh,Kurnool,Pattikonda APMC,Vegetables,Onion,16-08-2021,1.00,Metric Tonnes,2500.00,Rs./Quintal
Andhra Pradesh,Kurnool,Pattikonda APMC,Vegetables,Onion,17-08-2021,1.00,Metric Tonnes,2500.00,Rs./Quintal
Andhra Pradesh,Kurnool,Pattikonda APMC,Vegetables,Onion,18-08-2021,1.00,Metric Tonnes,2500.00,Rs./Quintal
Andhra Pradesh,Kurnool,Pattikonda APMC,Vegetables,Onion,19-08-2021,1.00,Metric Tonnes,2500.00,Rs./Quintal
Andhra Pradesh,Kurnool,Pattikonda APMC,Vegetables,Onion,20-08-2021,1.00,Metric Tonnes,2500.00,Rs./Quintal
Andhra Pradesh,Kurnool,Pattikonda APMC,Vegetables,Onion,21-08-2021,1.00,Metric Tonnes,2500.00,Rs./Quintal
Andhra Pradesh,Kurnool,Pattikonda APMC,Vegetables,Onion,22-08-2021,1.00,Metric Tonnes,2500.00,Rs./Quintal
Andhra Pradesh,Kurnool,Pattikonda APMC,Vegetables,Onion,23-08-2021,1.00,Metric Tonnes,2500.00,Rs./Quintal
Andhra Pradesh,Kurnool,Pattikonda APMC,Vegetables,Onion,24-08-2021,1.00,Metric Tonnes,2500.00,Rs./Quintal
Andhra Pradesh,Kurnool,Pattikonda APMC,Vegetables,Onion,25-08-2021,1.00,Metric Tonnes,2500.00,Rs./Quintal
Andhra Pradesh,Kurnool,Pattikonda APMC,Vegetables,Onion,26-08-2021,1.00,Metric Tonnes,2500.00,Rs./Quintal
Andhra Pradesh,Kurnool,Pattikonda APMC,Vegetables,Onion,27-08-2021,1.00,Metric Tonnes,2500.00,Rs./Quintal
Andhra Pradesh,Kurnool,Pattikonda APMC,Vegetables,Onion,28-08-2021,1.00,Metric Tonnes,2500.00,Rs./Quintal
Andhra Pradesh,Kurnool,Pattikonda APMC,Vegetables,Onion,29-08-2021,1.00,Metric Tonnes,2500.00,Rs./Quintal
Andhra Pradesh,Kurnool,Pattikonda APMC,Vegetables,Onion,30-08-2021,1.00,Metric Tonnes,3000.00,Rs./Quintal
Andhra Pradesh,Kurnool,Pattikonda APMC,Vegetables,Onion,07-09-2021,1.00,Metric Tonnes,2500.00,Rs./Quintal
Andhra Pradesh,Kurnool,Pattikonda APMC,Vegetables,Onion,08-09-2021,1.00,Metric Tonnes,2500.00,Rs./Quintal
Andhra Pradesh,Kurnool,Pattikonda APMC,Vegetables,Onion,09-09-2021,1.00,Metric Tonnes,2500.00,Rs./Quintal
Andhra Pradesh,Kurnool,Pattikonda APMC,Vegetables,Onion,11-09-2021,1.00,Metric Tonnes,1900.00,Rs./Quintal
Andhra Pradesh,Kurnool,Pattikonda APMC,Vegetables,Onion,12-09-2021,1.00,Metric Tonnes,1800.00,Rs./Quintal
Andhra Pradesh,Kurnool,Pattikonda APMC,Vegetables,Onion,13-09-2021,1.00,Metric Tonnes,1800.00,Rs./Quintal
Andhra Pradesh,Kurnool,Pattikonda APMC,Vegetables,Onion,14-09-2021,1.00,Metric Tonnes,1800.00,Rs./Quintal
Andhra Pradesh,Kurnool,Pattikonda APMC,Vegetables,Onion,15-09-2021,1.00,Metric Tonnes,1800.00,Rs./Quintal
Andhra Pradesh,Kurnool,Pattikonda APMC,Vegetables,Onion,16-09-2021,1.00,Metric Tonnes,1800.00,Rs./Quintal
Andhra Pradesh,Kurnool,Pattikonda APMC,Vegetables,Onion,17-09-2021,1.00,Metric Tonnes,2500.00,Rs./Quintal
Andhra Pradesh,Kurnool,Pattikonda APMC,Vegetables,Onion,18-09-2021,1.00,Metric Tonnes,1500.00,Rs./Quintal
Andhra Pradesh,Kurnool,Pattikonda APMC,Vegetables,Onion,19-09-2021,1.00,Metric Tonnes,1500.00,Rs./Quintal
Andhra Pradesh,Kurnool,Pattikonda APMC,Vegetables,Onion,20-09-2021,1.00,Metric Tonnes,1800.00,Rs./Quintal
Andhra Pradesh,Kurnool,Pattikonda APMC,Vegetables,Onion,21-09-2021,1.00,Metric Tonnes,1500.00,Rs./Quintal
Andhra Pradesh,Kurnool,Pattikonda APMC,Vegetables,Onion,22-09-2021,1.00,Metric Tonnes,1500.00,Rs./Quintal
Andhra Pradesh,Kurnool,Pattikonda APMC,Vegetables,Onion,23-09-2021,1.00,Metric Tonnes,1500.00,Rs./Quintal
Andhra Pradesh,Kurnool,Pattikonda APMC,Vegetables,Onion,24-09-2021,1.00,Metric Tonnes,1200.00,Rs./Quintal
Andhra Pradesh,Kurnool,Pattikonda APMC,Vegetables,Onion,25-09-2021,1.00,Metric Tonnes,1200.00,Rs./Quintal
Andhra Pradesh,Kurnool,Pattikonda APMC,Vegetables,Onion,26-09-2021,1.00,Metric Tonnes,1200.00,Rs./Quintal
Andhra Pradesh,Kurnool,Pattikonda APMC,Vegetables,Onion,27-09-2021,1.00,Metric Tonnes,1200.00,Rs./Quintal
Andhra Pradesh,Kurnool,Pattikonda APMC,Vegetables,Onion,28-09-2021,1.00,Metric Tonnes,1200.00,Rs./Quintal
Andhra Pradesh,Kurnool,Pattikonda APMC,Vegetables,Onion,29-09-2021,1.00,Metric Tonnes,1200.00,Rs./Quintal
Andhra Pradesh,Kurnool,Pattikonda APMC,Vegetables,Onion,30-09-2021,1.00,Metric Tonnes,1200.00,Rs./Quintal
Andhra Pradesh,Kurnool,Pattikonda APMC,Vegetables,Onion,23-10-2021,1.00,Metric Tonnes,3500.00,Rs./Quintal
Andhra Pradesh,Kurnool,Pattikonda APMC,Vegetables,Onion,24-10-2021,1.00,Metric Tonnes,3500.00,Rs./Quintal
Andhra Pradesh,Kurnool,Pattikonda APMC,Vegetables,Onion,25-10-2021,1.00,Metric Tonnes,3500.00,Rs./Quintal
Andhra Pradesh,Kurnool,Pattikonda APMC,Vegetables,Onion,27-10-2021,1.00,Metric Tonnes,3500.00,Rs./Quintal
Andhra Pradesh,Kurnool,Pattikonda APMC,Vegetables,Onion,28-10-2021,1.00,Metric Tonnes,3500.00,Rs./Quintal
Andhra Pradesh,Kurnool,Pattikonda APMC,Vegetables,Onion,29-10-2021,1.00,Metric Tonnes,3500.00,Rs./Quintal
Andhra Pradesh,Kurnool,Pattikonda APMC,Vegetables,Onion,30-10-2021,1.00,Metric Tonnes,3500.00,Rs./Quintal
Andhra Pradesh,Kurnool,Pattikonda APMC,Vegetables,Onion,31-10-2021,1.00,Metric Tonnes,3500.00,Rs./Quintal
Andhra Pradesh,Kurnool,Pattikonda APMC,Vegetables,Onion,06-11-2021,1.00,Metric Tonnes,3500.00,Rs./Quintal
Andhra Pradesh,Kurnool,Pattikonda APMC,Vegetables,Onion,07-11-2021,1.00,Metric Tonnes,3500.00,Rs./Quintal
Andhra Pradesh,Kurnool,Pattikonda APMC,Vegetables,Onion,08-11-2021,1.00,Metric Tonnes,3500.00,Rs./Quintal
Andhra Pradesh,Kurnool,Pattikonda APMC,Vegetables,Onion,09-11-2021,1.00,Metric Tonnes,3500.00,Rs./Quintal
Andhra Pradesh,Kurnool,Pattikonda APMC,Vegetables,Onion,10-11-2021,1.00,Metric Tonnes,3500.00,Rs./Quintal
Andhra Pradesh,Kurnool,Pattikonda APMC,Vegetables,Onion,11-11-2021,1.00,Metric Tonnes,3500.00,Rs./Quintal
Andhra Pradesh,Kurnool,Pattikonda APMC,Vegetables,Onion,12-11-2021,1.00,Metric Tonnes,3500.00,Rs./Quintal
Andhra Pradesh,Kurnool,Pattikonda APMC,Vegetables,Onion,13-11-2021,1.00,Metric Tonnes,3500.00,Rs./Quintal
Andhra Pradesh,Kurnool,Pattikonda APMC,Vegetables,Onion,14-11-2021,1.00,Metric Tonnes,3500.00,Rs./Quintal
Andhra Pradesh,Kurnool,Pattikonda APMC,Vegetables,Onion,15-11-2021,1.00,Metric Tonnes,3500.00,Rs./Quintal
Andhra Pradesh,Kurnool,Pattikonda APMC,Vegetables,Onion,16-11-2021,1.00,Metric Tonnes,4500.00,Rs./Quintal
Andhra Pradesh,Kurnool,Pattikonda APMC,Vegetables,Onion,17-11-2021,1.00,Metric Tonnes,4000.00,Rs./Quintal
Andhra Pradesh,Kurnool,Pattikonda APMC,Vegetables,Onion,18-11-2021,1.00,Metric Tonnes,4500.00,Rs./Quintal
Andhra Pradesh,Kurnool,Pattikonda APMC,Vegetables,Onion,19-11-2021,1.00,Metric Tonnes,4500.00,Rs./Quintal
Andhra Pradesh,Kurnool,Pattikonda APMC,Vegetables,Onion,20-11-2021,1.00,Metric Tonnes,3500.00,Rs./Quintal
Andhra Pradesh,Kurnool,Pattikonda APMC,Vegetables,Onion,21-11-2021,1.00,Metric Tonnes,3500.00,Rs./Quintal
Andhra Pradesh,Kurnool,Pattikonda APMC,Vegetables,Onion,22-11-2021,1.00,Metric Tonnes,4000.00,Rs./Quintal
Andhra Pradesh,Kurnool,Pattikonda APMC,Vegetables,Onion,23-11-2021,1.00,Metric Tonnes,3500.00,Rs./Quintal
Andhra Pradesh,Kurnool,Pattikonda APMC,Vegetables,Onion,24-11-2021,1.00,Metric Tonnes,3500.00,Rs./Quintal
Andhra Pradesh,Kurnool,Pattikonda APMC,Vegetables,Onion,25-11-2021,1.00,Metric Tonnes,3500.00,Rs./Quintal
Andhra Pradesh,Kurnool,Pattikonda APMC,Vegetables,Onion,26-11-2021,1.00,Metric Tonnes,4000.00,Rs./Quintal
Andhra Pradesh,Kurnool,Pattikonda APMC,Vegetables,Onion,27-11-2021,1.00,Metric Tonnes,3500.00,Rs./Quintal
Andhra Pradesh,Kurnool,Pattikonda APMC,Vegetables,Onion,28-11-2021,1.00,Metric Tonnes,3500.00,Rs./Quintal
Andhra Pradesh,Kurnool,Pattikonda APMC,Vegetables,Onion,29-11-2021,1.00,Metric Tonnes,3000.00,Rs./Quintal
Andhra Pradesh,Kurnool,Pattikonda APMC,Vegetables,Onion,30-11-2021,1.00,Metric Tonnes,3000.00,Rs./Quintal
Andhra Pradesh,Kurnool,Pattikonda APMC,Vegetables,Onion,03-12-2021,1.00,Metric Tonnes,2500.00,Rs./Quintal
Andhra Pradesh,Kurnool,Pattikonda APMC,Vegetables,Onion,04-12-2021,1.00,Metric Tonnes,2500.00,Rs./Quintal
Andhra Pradesh,Kurnool,Pattikonda APMC,Vegetables,Onion,05-12-2021,1.00,Metric Tonnes,3500.00,Rs./Quintal
Andhra Pradesh,Kurnool,Pattikonda APMC,Vegetables,Onion,06-12-2021,1.00,Metric Tonnes,3500.00,Rs./Quintal
Andhra Pradesh,Kurnool,Pattikonda APMC,Vegetables,Onion,07-12-2021,1.00,Metric Tonnes,3000.00,Rs./Quintal
Andhra Pradesh,Kurnool,Pattikonda APMC,Vegetables,Onion,08-12-2021,1.00,Metric Tonnes,2500.00,Rs./Quintal
Andhra Pradesh,Kurnool,Pattikonda APMC,Vegetables,Onion,09-12-2021,1.00,Metric Tonnes,3000.00,Rs./Quintal
Andhra Pradesh,Kurnool,Pattikonda APMC,Vegetables,Onion,10-12-2021,1.00,Metric Tonnes,2500.00,Rs./Quintal
Andhra Pradesh,Kurnool,Pattikonda APMC,Vegetables,Onion,11-12-2021,1.00,Metric Tonnes,2500.00,Rs./Quintal
Andhra Pradesh,Kurnool,Pattikonda APMC,Vegetables,Onion,12-12-2021,1.00,Metric Tonnes,2500.00,Rs./Quintal
Andhra Pradesh,Kurnool,Pattikonda APMC,Vegetables,Onion,13-12-2021,1.00,Metric Tonnes,2500.00,Rs./Quintal
Andhra Pradesh,Kurnool,Pattikonda APMC,Vegetables,Onion,16-12-2021,1.00,Metric Tonnes,2500.00,Rs./Quintal
Andhra Pradesh,Kurnool,Pattikonda APMC,Vegetables,Onion,17-12-2021,1.00,Metric Tonnes,2500.00,Rs./Quintal
Andhra Pradesh,Kurnool,Pattikonda APMC,Vegetables,Onion,18-12-2021,1.00,Metric Tonnes,2500.00,Rs./Quintal
Andhra Pradesh,Kurnool,Pattikonda APMC,Vegetables,Onion,19-12-2021,1.00,Metric Tonnes,2300.00,Rs./Quintal
Andhra Pradesh,Kurnool,Pattikonda APMC,Vegetables,Onion,20-12-2021,1.00,Metric Tonnes,2000.00,Rs./Quintal
Andhra Pradesh,Kurnool,Pattikonda APMC,Vegetables,Onion,21-12-2021,1.00,Metric Tonnes,2500.00,Rs./Quintal
Andhra Pradesh,Kurnool,Pattikonda APMC,Vegetables,Onion,22-12-2021,1.00,Metric Tonnes,2500.00,Rs./Quintal
Andhra Pradesh,Kurnool,Pattikonda APMC,Vegetables,Onion,23-12-2021,1.00,Metric Tonnes,2500.00,Rs./Quintal
Andhra Pradesh,Kurnool,Pattikonda APMC,Vegetables,Onion,24-12-2021,1.00,Metric Tonnes,2500.00,Rs./Quintal
Andhra Pradesh,Kurnool,Pattikonda APMC,Vegetables,Onion,25-12-2021,1.00,Metric Tonnes,2500.00,Rs./Quintal
Andhra Pradesh,Kurnool,Pattikonda APMC,Vegetables,Onion,26-12-2021,1.00,Metric Tonnes,2500.00,Rs./Quintal
Andhra Pradesh,Kurnool,Pattikonda APMC,Vegetables,Onion,27-12-2021,1.00,Metric Tonnes,2500.00,Rs./Quintal
Andhra Pradesh,Kurnool,Pattikonda APMC,Vegetables,Onion,28-12-2021,1.00,Metric Tonnes,2500.00,Rs./Quintal
Andhra Pradesh,Kurnool,Pattikonda APMC,Vegetables,Onion,29-12-2021,1.00,Metric Tonnes,2500.00,Rs./Quintal
Andhra Pradesh,Kurnool,Pattikonda APMC,Vegetables,Onion,30-12-2021,1.00,Metric Tonnes,2500.00,Rs./Quintal
Andhra Pradesh,Kurnool,Pattikonda APMC,Vegetables,Onion,31-12-2021,1.00,Metric Tonnes,2500.00,Rs./Quintal
Andhra Pradesh,Kurnool,Pattikonda APMC,Vegetables,Onion,01-01-2022,1.00,Metric Tonnes,2500.00,Rs./Quintal
Andhra Pradesh,Kurnool,Pattikonda APMC,Vegetables,Onion,02-01-2022,1.00,Metric Tonnes,4800.00,Rs./Quintal
Andhra Pradesh,Kurnool,Pattikonda APMC,Vegetables,Onion,03-01-2022,1.00,Metric Tonnes,2500.00,Rs./Quintal
Andhra Pradesh,Kurnool,Pattikonda APMC,Vegetables,Onion,04-01-2022,1.00,Metric Tonnes,2500.00,Rs./Quintal
Andhra Pradesh,Kurnool,Pattikonda APMC,Vegetables,Onion,05-01-2022,1.00,Metric Tonnes,2500.00,Rs./Quintal
Andhra Pradesh,Kurnool,Pattikonda APMC,Vegetables,Onion,06-01-2022,1.00,Metric Tonnes,2500.00,Rs./Quintal
Andhra Pradesh,Kurnool,Pattikonda APMC,Vegetables,Onion,07-01-2022,1.00,Metric Tonnes,2500.00,Rs./Quintal
Andhra Pradesh,Kurnool,Pattikonda APMC,Vegetables,Onion,08-01-2022,1.00,Metric Tonnes,2500.00,Rs./Quintal
Andhra Pradesh,Kurnool,Pattikonda APMC,Vegetables,Onion,09-01-2022,1.00,Metric Tonnes,2500.00,Rs./Quintal
Andhra Pradesh,Kurnool,Pattikonda APMC,Vegetables,Onion,10-01-2022,1.00,Metric Tonnes,2500.00,Rs./Quintal
Andhra Pradesh,Kurnool,Pattikonda APMC,Vegetables,Onion,11-01-2022,1.00,Metric Tonnes,2500.00,Rs./Quintal
Andhra Pradesh,Kurnool,Pattikonda APMC,Vegetables,Onion,12-01-2022,1.00,Metric Tonnes,2500.00,Rs./Quintal
Andhra Pradesh,Kurnool,Pattikonda APMC,Vegetables,Onion,13-01-2022,1.00,Metric Tonnes,2500.00,Rs./Quintal
Andhra Pradesh,Kurnool,Pattikonda APMC,Vegetables,Onion,14-01-2022,1.00,Metric Tonnes,2500.00,Rs./Quintal
Andhra Pradesh,Kurnool,Pattikonda APMC,Vegetables,Onion,15-01-2022,1.00,Metric Tonnes,2500.00,Rs./Quintal
Andhra Pradesh,Kurnool,Pattikonda APMC,Vegetables,Onion,16-01-2022,1.00,Metric Tonnes,2500.00,Rs./Quintal
Andhra Pradesh,Kurnool,Pattikonda APMC,Vegetables,Onion,17-01-2022,1.00,Metric Tonnes,2500.00,Rs./Quintal
Andhra Pradesh,Kurnool,Pattikonda APMC,Vegetables,Onion,18-01-2022,1.00,Metric Tonnes,2500.00,Rs./Quintal
Andhra Pradesh,Kurnool,Pattikonda APMC,Vegetables,Onion,20-01-2022,1.00,Metric Tonnes,4000.00,Rs./Quintal
Andhra Pradesh,Kurnool,Pattikonda APMC,Vegetables,Onion,21-01-2022,1.00,Metric Tonnes,3000.00,Rs./Quintal
Andhra Pradesh,Kurnool,Pattikonda APMC,Vegetables,Onion,22-01-2022,1.00,Metric Tonnes,3000.00,Rs./Quintal
Andhra Pradesh,Kurnool,Pattikonda APMC,Vegetables,Onion,23-01-2022,1.00,Metric Tonnes,3000.00,Rs./Quintal
Andhra Pradesh,Kurnool,Pattikonda APMC,Vegetables,Onion,24-01-2022,1.00,Metric Tonnes,3000.00,Rs./Quintal
Andhra Pradesh,Kurnool,Pattikonda APMC,Vegetables,Onion,25-01-2022,1.00,Metric Tonnes,3000.00,Rs./Quintal
Andhra Pradesh,Kurnool,Pattikonda APMC,Vegetables,Onion,26-01-2022,1.00,Metric Tonnes,3000.00,Rs./Quintal
Andhra Pradesh,Kurnool,Pattikonda APMC,Vegetables,Onion,27-01-2022,1.00,Metric Tonnes,2500.00,Rs./Quintal
Andhra Pradesh,Kurnool,Pattikonda APMC,Vegetables,Onion,28-01-2022,1.00,Metric Tonnes,2500.00,Rs./Quintal
Andhra Pradesh,Kurnool,Pattikonda APMC,Vegetables,Onion,29-01-2022,1.00,Metric Tonnes,2500.00,Rs./Quintal
Andhra Pradesh,Kurnool,Pattikonda APMC,Vegetables,Onion,30-01-2022,1.00,Metric Tonnes,3000.00,Rs./Quintal
Andhra Pradesh,Kurnool,Pattikonda APMC,Vegetables,Onion,31-01-2022,1.00,Metric Tonnes,3000.00,Rs./Quintal
Andhra Pradesh,Kurnool,Pattikonda APMC,Vegetables,Onion,01-02-2022,1.00,Metric Tonnes,2500.00,Rs./Quintal
Andhra Pradesh,Kurnool,Pattikonda APMC,Vegetables,Onion,02-02-2022,1.00,Metric Tonnes,2500.00,Rs./Quintal
Andhra Pradesh,Kurnool,Pattikonda APMC,Vegetables,Onion,03-02-2022,1.00,Metric Tonnes,2500.00,Rs./Quintal
Andhra Pradesh,Kurnool,Pattikonda APMC,Vegetables,Onion,04-02-2022,1.00,Metric Tonnes,2500.00,Rs./Quintal
Andhra Pradesh,Kurnool,Pattikonda APMC,Vegetables,Onion,05-02-2022,1.00,Metric Tonnes,3000.00,Rs./Quintal
Andhra Pradesh,Kurnool,Pattikonda APMC,Vegetables,Onion,06-02-2022,1.00,Metric Tonnes,3000.00,Rs./Quintal
Andhra Pradesh,Kurnool,Pattikonda APMC,Vegetables,Onion,07-02-2022,1.00,Metric Tonnes,3000.00,Rs./Quintal
Andhra Pradesh,Kurnool,Pattikonda APMC,Vegetables,Onion,08-02-2022,1.00,Metric Tonnes,3000.00,Rs./Quintal
Andhra Pradesh,Kurnool,Pattikonda APMC,Vegetables,Onion,09-02-2022,1.00,Metric Tonnes,3000.00,Rs./Quintal
Andhra Pradesh,Kurnool,Pattikonda APMC,Vegetables,Onion,11-02-2022,1.00,Metric Tonnes,3000.00,Rs./Quintal
Andhra Pradesh,Kurnool,Pattikonda APMC,Vegetables,Onion,12-02-2022,1.00,Metric Tonnes,3000.00,Rs./Quintal
Andhra Pradesh,Kurnool,Pattikonda APMC,Vegetables,Onion,13-02-2022,1.00,Metric Tonnes,3000.00,Rs./Quintal
Andhra Pradesh,Kurnool,Pattikonda APMC,Vegetables,Onion,14-02-2022,1.00,Metric Tonnes,3000.00,Rs./Quintal
Andhra Pradesh,Kurnool,Pattikonda APMC,Vegetables,Onion,15-02-2022,1.00,Metric Tonnes,3000.00,Rs./Quintal
Andhra Pradesh,Kurnool,Pattikonda APMC,Vegetables,Onion,16-02-2022,1.00,Metric Tonnes,3000.00,Rs./Quintal
Andhra Pradesh,Kurnool,Pattikonda APMC,Vegetables,Onion,17-02-2022,1.00,Metric Tonnes,3000.00,Rs./Quintal
Andhra Pradesh,Kurnool,Pattikonda APMC,Vegetables,Onion,18-02-2022,1.00,Metric Tonnes,3000.00,Rs./Quintal
Andhra Pradesh,Kurnool,Pattikonda APMC,Vegetables,Onion,19-02-2022,1.00,Metric Tonnes,3000.00,Rs./Quintal
Andhra Pradesh,Kurnool,Pattikonda APMC,Vegetables,Onion,20-02-2022,1.00,Metric Tonnes,3000.00,Rs./Quintal
Andhra Pradesh,Kurnool,Pattikonda APMC,Vegetables,Onion,21-02-2022,1.00,Metric Tonnes,2500.00,Rs./Quintal
Andhra Pradesh,Kurnool,Pattikonda APMC,Vegetables,Onion,22-02-2022,1.00,Metric Tonnes,3000.00,Rs./Quintal
Andhra Pradesh,Kurnool,Pattikonda APMC,Vegetables,Onion,23-02-2022,1.00,Metric Tonnes,3000.00,Rs./Quintal
Andhra Pradesh,Kurnool,Pattikonda APMC,Vegetables,Onion,24-02-2022,1.00,Metric Tonnes,3000.00,Rs./Quintal
Andhra Pradesh,Kurnool,Pattikonda APMC,Vegetables,Onion,25-02-2022,1.00,Metric Tonnes,3000.00,Rs./Quintal
Andhra Pradesh,Kurnool,Pattikonda APMC,Vegetables,Onion,28-02-2022,1.00,Metric Tonnes,3000.00,Rs./Quintal
Andhra Pradesh,Kurnool,Pattikonda APMC,Vegetables,Onion,01-03-2022,1.00,Metric Tonnes,3000.00,Rs./Quintal
Andhra Pradesh,Kurnool,Pattikonda APMC,Vegetables,Onion,02-03-2022,1.00,Metric Tonnes,3000.00,Rs./Quintal
Andhra Pradesh,Kurnool,Pattikonda APMC,Vegetables,Onion,03-03-2022,1.00,Metric Tonnes,3000.00,Rs./Quintal
Andhra Pradesh,Kurnool,Pattikonda APMC,Vegetables,Onion,04-03-2022,1.00,Metric Tonnes,3000.00,Rs./Quintal
Andhra Pradesh,Kurnool,Pattikonda APMC,Vegetables,Onion,05-03-2022,1.00,Metric Tonnes,3000.00,Rs./Quintal
Andhra Pradesh,Kurnool,Pattikonda APMC,Vegetables,Onion,06-03-2022,1.00,Metric Tonnes,3000.00,Rs./Quintal
Andhra Pradesh,Kurnool,Pattikonda APMC,Vegetables,Onion,07-03-2022,1.00,Metric Tonnes,3000.00,Rs./Quintal
Andhra Pradesh,Kurnool,Pattikonda APMC,Vegetables,Onion,08-03-2022,1.00,Metric Tonnes,3000.00,Rs./Quintal
Andhra Pradesh,Kurnool,Pattikonda APMC,Vegetables,Onion,09-03-2022,1.00,Metric Tonnes,2500.00,Rs./Quintal
Andhra Pradesh,Kurnool,Pattikonda APMC,Vegetables,Onion,10-03-2022,1.00,Metric Tonnes,2000.00,Rs./Quintal
Andhra Pradesh,Kurnool,Pattikonda APMC,Vegetables,Onion,11-03-2022,1.00,Metric Tonnes,1500.00,Rs./Quintal
Andhra Pradesh,Kurnool,Pattikonda APMC,Vegetables,Onion,12-03-2022,1.00,Metric Tonnes,2000.00,Rs./Quintal
Andhra Pradesh,Kurnool,Pattikonda APMC,Vegetables,Onion,13-03-2022,1.00,Metric Tonnes,1800.00,Rs./Quintal
Andhra Pradesh,Kurnool,Pattikonda APMC,Vegetables,Onion,14-03-2022,1.00,Metric Tonnes,1500.00,Rs./Quintal
Andhra Pradesh,Kurnool,Pattikonda APMC,Vegetables,Onion,15-03-2022,1.00,Metric Tonnes,1500.00,Rs./Quintal
Andhra Pradesh,Kurnool,Pattikonda APMC,Vegetables,Onion,16-03-2022,1.00,Metric Tonnes,1500.00,Rs./Quintal
Andhra Pradesh,Kurnool,Pattikonda APMC,Vegetables,Onion,17-03-2022,1.00,Metric Tonnes,1500.00,Rs./Quintal
Andhra Pradesh,Kurnool,Pattikonda APMC,Vegetables,Onion,18-03-2022,1.00,Metric Tonnes,1000.00,Rs./Quintal
Andhra Pradesh,Kurnool,Pattikonda APMC,Vegetables,Onion,19-03-2022,1.00,Metric Tonnes,1500.00,Rs./Quintal
Andhra Pradesh,Kurnool,Pattikonda APMC,Vegetables,Onion,20-03-2022,1.00,Metric Tonnes,1500.00,Rs./Quintal
Andhra Pradesh,Kurnool,Pattikonda APMC,Vegetables,Onion,21-03-2022,1.00,Metric Tonnes,1500.00,Rs./Quintal
Andhra Pradesh,Kurnool,Pattikonda APMC,Vegetables,Onion,22-03-2022,1.00,Metric Tonnes,1500.00,Rs./Quintal
Andhra Pradesh,Kurnool,Pattikonda APMC,Vegetables,Onion,23-03-2022,1.00,Metric Tonnes,1500.00,Rs./Quintal
Andhra Pradesh,Kurnool,Pattikonda APMC,Vegetables,Onion,24-03-2022,1.00,Metric Tonnes,1500.00,Rs./Quintal
Andhra Pradesh,Kurnool,Pattikonda APMC,Vegetables,Onion,25-03-2022,1.00,Metric Tonnes,1500.00,Rs./Quintal
Andhra Pradesh,Kurnool,Pattikonda APMC,Vegetables,Onion,26-03-2022,1.00,Metric Tonnes,1500.00,Rs./Quintal
Andhra Pradesh,Kurnool,Pattikonda APMC,Vegetables,Onion,27-03-2022,1.00,Metric Tonnes,1500.00,Rs./Quintal
Andhra Pradesh,Kurnool,Pattikonda APMC,Vegetables,Onion,28-03-2022,1.00,Metric Tonnes,1500.00,Rs./Quintal
Andhra Pradesh,Kurnool,Pattikonda APMC,Vegetables,Onion,29-03-2022,1.00,Metric Tonnes,1500.00,Rs./Quintal
Andhra Pradesh,Kurnool,Pattikonda APMC,Vegetables,Onion,30-03-2022,1.00,Metric Tonnes,1500.00,Rs./Quintal
Andhra Pradesh,Kurnool,Pattikonda APMC,Vegetables,Onion,31-03-2022,1.00,Metric Tonnes,1500.00,Rs./Quintal
Andhra Pradesh,Kurnool,Pattikonda APMC,Vegetables,Onion,01-04-2022,1.00,Metric Tonnes,1500.00,Rs./Quintal
Andhra Pradesh,Kurnool,Pattikonda APMC,Vegetables,Onion,02-04-2022,1.00,Metric Tonnes,2500.00,Rs./Quintal
Andhra Pradesh,Kurnool,Pattikonda APMC,Vegetables,Onion,03-04-2022,1.00,Metric Tonnes,2500.00,Rs./Quintal
Andhra Pradesh,Kurnool,Pattikonda APMC,Vegetables,Onion,04-04-2022,1.00,Metric Tonnes,2500.00,Rs./Quintal
Andhra Pradesh,Kurnool,Pattikonda APMC,Vegetables,Onion,05-04-2022,1.00,Metric Tonnes,1500.00,Rs./Quintal
Andhra Pradesh,Kurnool,Pattikonda APMC,Vegetables,Onion,06-04-2022,1.00,Metric Tonnes,1500.00,Rs./Quintal
Andhra Pradesh,Kurnool,Pattikonda APMC,Vegetables,Onion,07-04-2022,1.00,Metric Tonnes,1000.00,Rs./Quintal
Andhra Pradesh,Kurnool,Pattikonda APMC,Vegetables,Onion,08-04-2022,1.00,Metric Tonnes,1200.00,Rs./Quintal
Andhra Pradesh,Kurnool,Pattikonda APMC,Vegetables,Onion,09-04-2022,1.00,Metric Tonnes,2500.00,Rs./Quintal
Andhra Pradesh,Kurnool,Pattikonda APMC,Vegetables,Onion,10-04-2022,1.00,Metric Tonnes,2000.00,Rs./Quintal
Andhra Pradesh,Kurnool,Pattikonda APMC,Vegetables,Onion,11-04-2022,1.00,Metric Tonnes,2000.00,Rs./Quintal
Andhra Pradesh,Kurnool,Pattikonda APMC,Vegetables,Onion,12-04-2022,1.00,Metric Tonnes,2500.00,Rs./Quintal
Andhra Pradesh,Kurnool,Pattikonda APMC,Vegetables,Onion,13-04-2022,1.00,Metric Tonnes,1500.00,Rs./Quintal
Andhra Pradesh,Kurnool,Pattikonda APMC,Vegetables,Onion,15-04-2022,1.00,Metric Tonnes,1500.00,Rs./Quintal
Andhra Pradesh,Kurnool,Pattikonda APMC,Vegetables,Onion,16-04-2022,1.00,Metric Tonnes,1800.00,Rs./Quintal
Andhra Pradesh,Kurnool,Pattikonda APMC,Vegetables,Onion,17-04-2022,1.00,Metric Tonnes,1200.00,Rs./Quintal
Andhra Pradesh,Kurnool,Pattikonda APMC,Vegetables,Onion,18-04-2022,1.00,Metric Tonnes,1200.00,Rs./Quintal
Andhra Pradesh,Kurnool,Pattikonda APMC,Vegetables,Onion,19-04-2022,1.00,Metric Tonnes,1200.00,Rs./Quintal
Andhra Pradesh,Kurnool,Pattikonda APMC,Vegetables,Onion,20-04-2022,1.00,Metric Tonnes,1200.00,Rs./Quintal
Andhra Pradesh,Kurnool,Pattikonda APMC,Vegetables,Onion,21-04-2022,1.00,Metric Tonnes,1200.00,Rs./Quintal
Andhra Pradesh,Kurnool,Pattikonda APMC,Vegetables,Onion,22-04-2022,1.00,Metric Tonnes,1200.00,Rs./Quintal
Andhra Pradesh,Kurnool,Pattikonda APMC,Vegetables,Onion,23-04-2022,1.00,Metric Tonnes,1200.00,Rs./Quintal
Andhra Pradesh,Kurnool,Pattikonda APMC,Vegetables,Onion,24-04-2022,1.00,Metric Tonnes,1200.00,Rs./Quintal
Andhra Pradesh,Kurnool,Pattikonda APMC,Vegetables,Onion,25-04-2022,1.00,Metric Tonnes,1200.00,Rs./Quintal
Andhra Pradesh,Kurnool,Pattikonda APMC,Vegetables,Onion,26-04-2022,1.00,Metric Tonnes,1200.00,Rs./Quintal
Andhra Pradesh,Kurnool,Pattikonda APMC,Vegetables,Onion,27-04-2022,1.00,Metric Tonnes,1200.00,Rs./Quintal
Andhra Pradesh,Kurnool,Pattikonda APMC,Vegetables,Onion,28-04-2022,1.00,Metric Tonnes,1200.00,Rs./Quintal
Andhra Pradesh,Kurnool,Pattikonda APMC,Vegetables,Onion,29-04-2022,1.00,Metric Tonnes,1200.00,Rs./Quintal
Andhra Pradesh,Kurnool,Pattikonda APMC,Vegetables,Onion,30-04-2022,1.00,Metric Tonnes,1200.00,Rs./Quintal
Andhra Pradesh,Kurnool,Pattikonda APMC,Vegetables,Onion,01-05-2022,1.00,Metric Tonnes,1200.00,Rs./Quintal
Andhra Pradesh,Kurnool,Pattikonda APMC,Vegetables,Onion,02-05-2022,1.00,Metric Tonnes,1200.00,Rs./Quintal
Andhra Pradesh,Kurnool,Pattikonda APMC,Vegetables,Onion,06-05-2022,1.00,Metric Tonnes,1200.00,Rs./Quintal
Andhra Pradesh,Kurnool,Pattikonda APMC,Vegetables,Onion,07-05-2022,1.00,Metric Tonnes,1200.00,Rs./Quintal
Andhra Pradesh,Kurnool,Pattikonda APMC,Vegetables,Onion,08-05-2022,1.00,Metric Tonnes,1200.00,Rs./Quintal
Andhra Pradesh,Kurnool,Pattikonda APMC,Vegetables,Onion,09-05-2022,1.00,Metric Tonnes,1200.00,Rs./Quintal
Andhra Pradesh,Kurnool,Pattikonda APMC,Vegetables,Onion,10-05-2022,1.00,Metric Tonnes,1200.00,Rs./Quintal
Andhra Pradesh,Kurnool,Pattikonda APMC,Vegetables,Onion,11-05-2022,1.00,Metric Tonnes,1200.00,Rs./Quintal
Andhra Pradesh,Kurnool,Pattikonda APMC,Vegetables,Onion,12-05-2022,1.00,Metric Tonnes,1200.00,Rs./Quintal
Andhra Pradesh,Kurnool,Pattikonda APMC,Vegetables,Onion,13-05-2022,1.00,Metric Tonnes,1200.00,Rs./Quintal
Andhra Pradesh,Kurnool,Pattikonda APMC,Vegetables,Onion,14-05-2022,1.00,Metric Tonnes,1200.00,Rs./Quintal
Andhra Pradesh,Kurnool,Pattikonda APMC,Vegetables,Onion,15-05-2022,1.00,Metric Tonnes,1200.00,Rs./Quintal
Andhra Pradesh,Kurnool,Pattikonda APMC,Vegetables,Onion,16-05-2022,1.00,Metric Tonnes,1400.00,Rs./Quintal
Andhra Pradesh,Kurnool,Pattikonda APMC,Vegetables,Onion,17-05-2022,1.00,Metric Tonnes,1200.00,Rs./Quintal
Andhra Pradesh,Kurnool,Pattikonda APMC,Vegetables,Onion,18-05-2022,1.00,Metric Tonnes,1200.00,Rs./Quintal
Andhra Pradesh,Kurnool,Pattikonda APMC,Vegetables,Onion,19-05-2022,1.00,Metric Tonnes,1200.00,Rs./Quintal
Andhra Pradesh,Kurnool,Pattikonda APMC,Vegetables,Onion,20-05-2022,1.00,Metric Tonnes,1200.00,Rs./Quintal
Andhra Pradesh,Kurnool,Pattikonda APMC,Vegetables,Onion,21-05-2022,1.00,Metric Tonnes,1200.00,Rs./Quintal
Andhra Pradesh,Kurnool,Pattikonda APMC,Vegetables,Onion,22-05-2022,1.00,Metric Tonnes,1200.00,Rs./Quintal
Andhra Pradesh,Kurnool,Pattikonda APMC,Vegetables,Onion,23-05-2022,1.00,Metric Tonnes,1200.00,Rs./Quintal
Andhra Pradesh,Kurnool,Pattikonda APMC,Vegetables,Onion,24-05-2022,1.00,Metric Tonnes,1200.00,Rs./Quintal
Andhra Pradesh,Kurnool,Pattikonda APMC,Vegetables,Onion,25-05-2022,1.00,Metric Tonnes,1200.00,Rs./Quintal
Andhra Pradesh,Kurnool,Pattikonda APMC,Vegetables,Onion,26-05-2022,1.00,Metric Tonnes,1200.00,Rs./Quintal
Andhra Pradesh,Kurnool,Pattikonda APMC,Vegetables,Onion,28-05-2022,1.00,Metric Tonnes,1200.00,Rs./Quintal
Andhra Pradesh,Kurnool,Pattikonda APMC,Vegetables,Onion,29-05-2022,1.00,Metric Tonnes,1200.00,Rs./Quintal
Andhra Pradesh,Kurnool,Pattikonda APMC,Vegetables,Onion,30-05-2022,1.00,Metric Tonnes,1200.00,Rs./Quintal
Andhra Pradesh,Kurnool,Pattikonda APMC,Vegetables,Onion,31-05-2022,1.00,Metric Tonnes,1200.00,Rs./Quintal
Andhra Pradesh,Kurnool,Pattikonda APMC,Vegetables,Onion,02-06-2022,1.00,Metric Tonnes,1200.00,Rs./Quintal
Andhra Pradesh,Kurnool,Pattikonda APMC,Vegetables,Onion,03-06-2022,1.00,Metric Tonnes,1200.00,Rs./Quintal
Andhra Pradesh,Kurnool,Pattikonda APMC,Vegetables,Onion,04-06-2022,1.00,Metric Tonnes,1200.00,Rs./Quintal
Andhra Pradesh,Kurnool,Pattikonda APMC,Vegetables,Onion,05-06-2022,1.00,Metric Tonnes,1200.00,Rs./Quintal
Andhra Pradesh,Kurnool,Pattikonda APMC,Vegetables,Onion,06-06-2022,1.00,Metric Tonnes,1200.00,Rs./Quintal
Andhra Pradesh,Kurnool,Pattikonda APMC,Vegetables,Onion,07-06-2022,1.00,Metric Tonnes,1200.00,Rs./Quintal
Andhra Pradesh,Kurnool,Pattikonda APMC,Vegetables,Onion,10-06-2022,1.00,Metric Tonnes,1200.00,Rs./Quintal
Andhra Pradesh,Kurnool,Pattikonda APMC,Vegetables,Onion,11-06-2022,1.00,Metric Tonnes,1200.00,Rs./Quintal
Andhra Pradesh,Kurnool,Pattikonda APMC,Vegetables,Onion,12-06-2022,1.00,Metric Tonnes,1200.00,Rs./Quintal
Andhra Pradesh,Kurnool,Pattikonda APMC,Vegetables,Onion,13-06-2022,1.00,Metric Tonnes,1200.00,Rs./Quintal
Andhra Pradesh,Kurnool,Pattikonda APMC,Vegetables,Onion,14-06-2022,1.00,Metric Tonnes,1200.00,Rs./Quintal
Andhra Pradesh,Kurnool,Pattikonda APMC,Vegetables,Onion,15-06-2022,1.00,Metric Tonnes,1200.00,Rs./Quintal
Andhra Pradesh,Kurnool,Pattikonda APMC,Vegetables,Onion,16-06-2022,1.00,Metric Tonnes,1200.00,Rs./Quintal
Andhra Pradesh,Kurnool,Pattikonda APMC,Vegetables,Onion,17-06-2022,1.00,Metric Tonnes,1200.00,Rs./Quintal
Andhra Pradesh,Kurnool,Pattikonda APMC,Vegetables,Onion,18-06-2022,1.00,Metric Tonnes,1200.00,Rs./Quintal
Andhra Pradesh,Kurnool,Pattikonda APMC,Vegetables,Onion,19-06-2022,1.00,Metric Tonnes,1200.00,Rs./Quintal
Andhra Pradesh,Kurnool,Pattikonda APMC,Vegetables,Onion,20-06-2022,1.00,Metric Tonnes,1200.00,Rs./Quintal
Andhra Pradesh,Kurnool,Pattikonda APMC,Vegetables,Onion,21-06-2022,1.00,Metric Tonnes,1200.00,Rs./Quintal
Andhra Pradesh,Kurnool,Pattikonda APMC,Vegetables,Onion,22-06-2022,1.00,Metric Tonnes,1200.00,Rs./Quintal
Andhra Pradesh,Kurnool,Pattikonda APMC,Vegetables,Onion,23-06-2022,1.00,Metric Tonnes,1200.00,Rs./Quintal
Andhra Pradesh,Kurnool,Pattikonda APMC,Vegetables,Onion,25-06-2022,1.00,Metric Tonnes,1200.00,Rs./Quintal
Andhra Pradesh,Kurnool,Pattikonda APMC,Vegetables,Onion,26-06-2022,1.00,Metric Tonnes,1200.00,Rs./Quintal
Andhra Pradesh,Kurnool,Pattikonda APMC,Vegetables,Onion,27-06-2022,1.00,Metric Tonnes,1200.00,Rs./Quintal
Andhra Pradesh,Kurnool,Pattikonda APMC,Vegetables,Onion,28-06-2022,1.00,Metric Tonnes,1200.00,Rs./Quintal
Andhra Pradesh,Kurnool,Pattikonda APMC,Vegetables,Onion,29-06-2022,1.00,Metric Tonnes,1200.00,Rs./Quintal
Andhra Pradesh,Kurnool,Pattikonda APMC,Vegetables,Onion,30-06-2022,1.00,Metric Tonnes,1200.00,Rs./Quintal
Andhra Pradesh,Kurnool,Pattikonda APMC,Vegetables,Onion,01-07-2022,1.00,Metric Tonnes,1200.00,Rs./Quintal
Andhra Pradesh,Kurnool,Pattikonda APMC,Vegetables,Onion,03-07-2022,1.00,Metric Tonnes,2500.00,Rs./Quintal
Andhra Pradesh,Kurnool,Pattikonda APMC,Vegetables,Onion,04-07-2022,1.00,Metric Tonnes,2500.00,Rs./Quintal
Andhra Pradesh,Kurnool,Pattikonda APMC,Vegetables,Onion,05-07-2022,1.00,Metric Tonnes,2500.00,Rs./Quintal
Andhra Pradesh,Kurnool,Pattikonda APMC,Vegetables,Onion,06-07-2022,1.00,Metric Tonnes,2500.00,Rs./Quintal
Andhra Pradesh,Kurnool,Pattikonda APMC,Vegetables,Onion,07-07-2022,1.00,Metric Tonnes,2500.00,Rs./Quintal
Andhra Pradesh,Kurnool,Pattikonda APMC,Vegetables,Onion,08-07-2022,1.00,Metric Tonnes,2500.00,Rs./Quintal
Andhra Pradesh,Kurnool,Pattikonda APMC,Vegetables,Onion,09-07-2022,1.00,Metric Tonnes,2500.00,Rs./Quintal
Andhra Pradesh,Kurnool,Pattikonda APMC,Vegetables,Onion,10-07-2022,1.00,Metric Tonnes,1500.00,Rs./Quintal
Andhra Pradesh,Kurnool,Pattikonda APMC,Vegetables,Onion,11-07-2022,1.00,Metric Tonnes,2500.00,Rs./Quintal
Andhra Pradesh,Kurnool,Pattikonda APMC,Vegetables,Onion,12-07-2022,1.00,Metric Tonnes,2500.00,Rs./Quintal
Andhra Pradesh,Kurnool,Pattikonda APMC,Vegetables,Onion,13-07-2022,1.00,Metric Tonnes,2500.00,Rs./Quintal
Andhra Pradesh,Kurnool,Pattikonda APMC,Vegetables,Onion,14-07-2022,1.00,Metric Tonnes,2500.00,Rs./Quintal
Andhra Pradesh,Kurnool,Pattikonda APMC,Vegetables,Onion,15-07-2022,1.00,Metric Tonnes,3000.00,Rs./Quintal
Andhra Pradesh,Kurnool,Pattikonda APMC,Vegetables,Onion,16-07-2022,1.00,Metric Tonnes,3000.00,Rs./Quintal
Andhra Pradesh,Kurnool,Pattikonda APMC,Vegetables,Onion,17-07-2022,1.00,Metric Tonnes,3000.00,Rs./Quintal
Andhra Pradesh,Kurnool,Pattikonda APMC,Vegetables,Onion,18-07-2022,1.00,Metric Tonnes,3000.00,Rs./Quintal
Andhra Pradesh,Kurnool,Pattikonda APMC,Vegetables,Onion,19-07-2022,1.00,Metric Tonnes,2500.00,Rs./Quintal
Andhra Pradesh,Kurnool,Pattikonda APMC,Vegetables,Onion,20-07-2022,1.00,Metric Tonnes,2500.00,Rs./Quintal
Andhra Pradesh,Kurnool,Pattikonda APMC,Vegetables,Onion,21-07-2022,1.00,Metric Tonnes,2500.00,Rs./Quintal
Andhra Pradesh,Kurnool,Pattikonda APMC,Vegetables,Onion,22-07-2022,1.00,Metric Tonnes,2500.00,Rs./Quintal
Andhra Pradesh,Kurnool,Pattikonda APMC,Vegetables,Onion,23-07-2022,1.00,Metric Tonnes,2500.00,Rs./Quintal
Andhra Pradesh,Kurnool,Pattikonda APMC,Vegetables,Onion,25-07-2022,1.00,Metric Tonnes,2000.00,Rs./Quintal
Andhra Pradesh,Kurnool,Pattikonda APMC,Vegetables,Onion,28-07-2022,1.00,Metric Tonnes,2500.00,Rs./Quintal
Andhra Pradesh,Kurnool,Pattikonda APMC,Vegetables,Onion,29-07-2022,1.00,Metric Tonnes,2500.00,Rs./Quintal
Andhra Pradesh,Kurnool,Pattikonda APMC,Vegetables,Onion,30-07-2022,1.00,Metric Tonnes,2500.00,Rs./Quintal
Andhra Pradesh,Kurnool,Pattikonda APMC,Vegetables,Onion,31-07-2022,1.00,Metric Tonnes,2500.00,Rs./Quintal
Andhra Pradesh,Kurnool,Pattikonda APMC,Vegetables,Onion,01-08-2022,1.00,Metric Tonnes,2500.00,Rs./Quintal
Andhra Pradesh,Kurnool,Pattikonda APMC,Vegetables,Onion,02-08-2022,1.00,Metric Tonnes,2500.00,Rs./Quintal
Andhra Pradesh,Kurnool,Pattikonda APMC,Vegetables,Onion,03-08-2022,1.00,Metric Tonnes,2500.00,Rs./Quintal
Andhra Pradesh,Kurnool,Pattikonda APMC,Vegetables,Onion,04-08-2022,1.00,Metric Tonnes,2500.00,Rs./Quintal
Andhra Pradesh,Kurnool,Pattikonda APMC,Vegetables,Onion,05-08-2022,1.00,Metric Tonnes,2500.00,Rs./Quintal
Andhra Pradesh,Kurnool,Pattikonda APMC,Vegetables,Onion,06-08-2022,1.00,Metric Tonnes,2500.00,Rs./Quintal
Andhra Pradesh,Kurnool,Pattikonda APMC,Vegetables,Onion,07-08-2022,1.00,Metric Tonnes,2500.00,Rs./Quintal
Andhra Pradesh,Kurnool,Pattikonda APMC,Vegetables,Onion,08-08-2022,1.00,Metric Tonnes,2500.00,Rs./Quintal
Andhra Pradesh,Kurnool,Pattikonda APMC,Vegetables,Onion,09-08-2022,1.00,Metric Tonnes,2000.00,Rs./Quintal
Andhra Pradesh,Kurnool,Pattikonda APMC,Vegetables,Onion,10-08-2022,1.00,Metric Tonnes,1500.00,Rs./Quintal
Andhra Pradesh,Kurnool,Pattikonda APMC,Vegetables,Onion,11-08-2022,1.00,Metric Tonnes,2500.00,Rs./Quintal
Andhra Pradesh,Kurnool,Pattikonda APMC,Vegetables,Onion,12-08-2022,1.00,Metric Tonnes,2500.00,Rs./Quintal
Andhra Pradesh,Kurnool,Pattikonda APMC,Vegetables,Onion,13-08-2022,1.00,Metric Tonnes,2500.00,Rs./Quintal
Andhra Pradesh,Kurnool,Pattikonda APMC,Vegetables,Onion,15-08-2022,1.00,Metric Tonnes,2500.00,Rs./Quintal
Andhra Pradesh,Kurnool,Pattikonda APMC,Vegetables,Onion,16-08-2022,1.00,Metric Tonnes,2500.00,Rs./Quintal
Andhra Pradesh,Kurnool,Pattikonda APMC,Vegetables,Onion,17-08-2022,1.00,Metric Tonnes,2500.00,Rs./Quintal
Andhra Pradesh,Kurnool,Pattikonda APMC,Vegetables,Onion,18-08-2022,1.00,Metric Tonnes,2500.00,Rs./Quintal
Andhra Pradesh,Kurnool,Pattikonda APMC,Vegetables,Onion,20-08-2022,1.00,Metric Tonnes,2500.00,Rs./Quintal
Andhra Pradesh,Kurnool,Pattikonda APMC,Vegetables,Onion,21-08-2022,1.00,Metric Tonnes,2000.00,Rs./Quintal
Andhra Pradesh,Kurnool,Pattikonda APMC,Vegetables,Onion,22-08-2022,1.00,Metric Tonnes,2000.00,Rs./Quintal
Andhra Pradesh,Kurnool,Pattikonda APMC,Vegetables,Onion,23-08-2022,1.00,Metric Tonnes,1500.00,Rs./Quintal
Andhra Pradesh,Kurnool,Pattikonda APMC,Vegetables,Onion,24-08-2022,1.00,Metric Tonnes,1000.00,Rs./Quintal
Andhra Pradesh,Kurnool,Pattikonda APMC,Vegetables,Onion,25-08-2022,1.00,Metric Tonnes,2000.00,Rs./Quintal
Andhra Pradesh,Kurnool,Pattikonda APMC,Vegetables,Onion,26-08-2022,1.00,Metric Tonnes,1500.00,Rs./Quintal
Andhra Pradesh,Kurnool,Pattikonda APMC,Vegetables,Onion,27-08-2022,1.00,Metric Tonnes,1500.00,Rs./Quintal
Andhra Pradesh,Kurnool,Pattikonda APMC,Vegetables,Onion,28-08-2022,1.00,Metric Tonnes,2000.00,Rs./Quintal
Andhra Pradesh,Kurnool,Pattikonda APMC,Vegetables,Onion,29-08-2022,1.00,Metric Tonnes,2000.00,Rs./Quintal
Andhra Pradesh,Kurnool,Pattikonda APMC,Vegetables,Onion,30-08-2022,1.00,Metric Tonnes,2000.00,Rs./Quintal
Andhra Pradesh,Kurnool,Pattikonda APMC,Vegetables,Onion,31-08-2022,1.00,Metric Tonnes,1500.00,Rs./Quintal
Andhra Pradesh,Kurnool,Pattikonda APMC,Vegetables,Onion,01-09-2022,1.00,Metric Tonnes,1500.00,Rs./Quintal
Andhra Pradesh,Kurnool,Pattikonda APMC,Vegetables,Onion,02-09-2022,1.00,Metric Tonnes,1200.00,Rs./Quintal
Andhra Pradesh,Kurnool,Pattikonda APMC,Vegetables,Onion,03-09-2022,1.00,Metric Tonnes,1500.00,Rs./Quintal
Andhra Pradesh,Kurnool,Pattikonda APMC,Vegetables,Onion,04-09-2022,1.00,Metric Tonnes,1500.00,Rs./Quintal
Andhra Pradesh,Kurnool,Pattikonda APMC,Vegetables,Onion,05-09-2022,1.00,Metric Tonnes,1500.00,Rs./Quintal
Andhra Pradesh,Kurnool,Pattikonda APMC,Vegetables,Onion,06-09-2022,1.00,Metric Tonnes,1500.00,Rs./Quintal
Andhra Pradesh,Kurnool,Pattikonda APMC,Vegetables,Onion,07-09-2022,1.00,Metric Tonnes,1500.00,Rs./Quintal
Andhra Pradesh,Kurnool,Pattikonda APMC,Vegetables,Onion,08-09-2022,1.00,Metric Tonnes,1500.00,Rs./Quintal
Andhra Pradesh,Kurnool,Pattikonda APMC,Vegetables,Onion,09-09-2022,1.00,Metric Tonnes,1500.00,Rs./Quintal
Andhra Pradesh,Kurnool,Pattikonda APMC,Vegetables,Onion,10-09-2022,1.00,Metric Tonnes,1500.00,Rs./Quintal
Andhra Pradesh,Kurnool,Pattikonda APMC,Vegetables,Onion,11-09-2022,1.00,Metric Tonnes,1500.00,Rs./Quintal
Andhra Pradesh,Kurnool,Pattikonda APMC,Vegetables,Onion,12-09-2022,1.00,Metric Tonnes,1500.00,Rs./Quintal
Andhra Pradesh,Kurnool,Pattikonda APMC,Vegetables,Onion,16-09-2022,1.00,Metric Tonnes,1500.00,Rs./Quintal
Andhra Pradesh,Kurnool,Pattikonda APMC,Vegetables,Onion,17-09-2022,1.00,Metric Tonnes,1500.00,Rs./Quintal
Andhra Pradesh,Kurnool,Pattikonda APMC,Vegetables,Onion,18-09-2022,1.00,Metric Tonnes,1500.00,Rs./Quintal
Andhra Pradesh,Kurnool,Pattikonda APMC,Vegetables,Onion,19-09-2022,1.00,Metric Tonnes,1500.00,Rs./Quintal
Andhra Pradesh,Kurnool,Pattikonda APMC,Vegetables,Onion,20-09-2022,1.00,Metric Tonnes,1500.00,Rs./Quintal
Andhra Pradesh,Kurnool,Pattikonda APMC,Vegetables,Onion,21-09-2022,1.00,Metric Tonnes,1500.00,Rs./Quintal
Andhra Pradesh,Kurnool,Pattikonda APMC,Vegetables,Onion,22-09-2022,1.00,Metric Tonnes,1500.00,Rs./Quintal
Andhra Pradesh,Kurnool,Pattikonda APMC,Vegetables,Onion,23-09-2022,1.00,Metric Tonnes,1500.00,Rs./Quintal
Andhra Pradesh,Kurnool,Pattikonda APMC,Vegetables,Onion,24-09-2022,1.00,Metric Tonnes,1500.00,Rs./Quintal
Andhra Pradesh,Kurnool,Pattikonda APMC,Vegetables,Onion,25-09-2022,1.00,Metric Tonnes,1500.00,Rs./Quintal
Andhra Pradesh,Kurnool,Pattikonda APMC,Vegetables,Onion,26-09-2022,1.00,Metric Tonnes,1500.00,Rs./Quintal
Andhra Pradesh,Kurnool,Pattikonda APMC,Vegetables,Onion,27-09-2022,1.00,Metric Tonnes,1500.00,Rs./Quintal
Andhra Pradesh,Kurnool,Pattikonda APMC,Vegetables,Onion,28-09-2022,1.00,Metric Tonnes,1500.00,Rs./Quintal
Andhra Pradesh,Kurnool,Pattikonda APMC,Vegetables,Onion,29-09-2022,1.00,Metric Tonnes,1500.00,Rs./Quintal
Andhra Pradesh,Kurnool,Pattikonda APMC,Vegetables,Onion,30-09-2022,1.00,Metric Tonnes,1500.00,Rs./Quintal
Andhra Pradesh,Kurnool,Pattikonda APMC,Vegetables,Onion,01-10-2022,1.00,Metric Tonnes,1500.00,Rs./Quintal
Andhra Pradesh,Kurnool,Pattikonda APMC,Vegetables,Onion,07-10-2022,1.00,Metric Tonnes,1500.00,Rs./Quintal
Andhra Pradesh,Kurnool,Pattikonda APMC,Vegetables,Onion,08-10-2022,1.00,Metric Tonnes,1500.00,Rs./Quintal
Andhra Pradesh,Kurnool,Pattikonda APMC,Vegetables,Onion,09-10-2022,1.00,Metric Tonnes,1500.00,Rs./Quintal
Andhra Pradesh,Kurnool,Pattikonda APMC,Vegetables,Onion,10-10-2022,1.00,Metric Tonnes,1500.00,Rs./Quintal
Andhra Pradesh,Kurnool,Pattikonda APMC,Vegetables,Onion,11-10-2022,1.00,Metric Tonnes,1500.00,Rs./Quintal
Andhra Pradesh,Kurnool,Pattikonda APMC,Vegetables,Onion,12-10-2022,1.00,Metric Tonnes,1500.00,Rs./Quintal
Andhra Pradesh,Kurnool,Pattikonda APMC,Vegetables,Onion,14-10-2022,1.00,Metric Tonnes,1500.00,Rs./Quintal
Andhra Pradesh,Kurnool,Pattikonda APMC,Vegetables,Onion,15-10-2022,1.00,Metric Tonnes,1500.00,Rs./Quintal
Andhra Pradesh,Kurnool,Pattikonda APMC,Vegetables,Onion,16-10-2022,1.00,Metric Tonnes,1500.00,Rs./Quintal
Andhra Pradesh,Kurnool,Pattikonda APMC,Vegetables,Onion,17-10-2022,1.00,Metric Tonnes,1800.00,Rs./Quintal
Andhra Pradesh,Kurnool,Pattikonda APMC,Vegetables,Onion,18-10-2022,1.00,Metric Tonnes,1200.00,Rs./Quintal
Andhra Pradesh,Kurnool,Pattikonda APMC,Vegetables,Onion,19-10-2022,1.00,Metric Tonnes,1500.00,Rs./Quintal
Andhra Pradesh,Kurnool,Pattikonda APMC,Vegetables,Onion,20-10-2022,1.00,Metric Tonnes,1500.00,Rs./Quintal
Andhra Pradesh,Kurnool,Pattikonda APMC,Vegetables,Onion,21-10-2022,1.00,Metric Tonnes,1200.00,Rs./Quintal
Andhra Pradesh,Kurnool,Pattikonda APMC,Vegetables,Onion,22-10-2022,1.00,Metric Tonnes,1500.00,Rs./Quintal
Andhra Pradesh,Kurnool,Pattikonda APMC,Vegetables,Onion,23-10-2022,1.00,Metric Tonnes,1200.00,Rs./Quintal
Andhra Pradesh,Kurnool,Pattikonda APMC,Vegetables,Onion,24-10-2022,1.00,Metric Tonnes,1200.00,Rs./Quintal
Andhra Pradesh,Kurnool,Pattikonda APMC,Vegetables,Onion,25-10-2022,1.00,Metric Tonnes,1200.00,Rs./Quintal
Andhra Pradesh,Kurnool,Pattikonda APMC,Vegetables,Onion,26-10-2022,1.00,Metric Tonnes,1200.00,Rs./Quintal
Andhra Pradesh,Kurnool,Pattikonda APMC,Vegetables,Onion,27-10-2022,1.00,Metric Tonnes,1200.00,Rs./Quintal
Andhra Pradesh,Kurnool,Pattikonda APMC,Vegetables,Onion,28-10-2022,1.00,Metric Tonnes,1200.00,Rs./Quintal
Andhra Pradesh,Kurnool,Pattikonda APMC,Vegetables,Onion,29-10-2022,1.00,Metric Tonnes,1200.00,Rs./Quintal
Andhra Pradesh,Kurnool,Pattikonda APMC,Vegetables,Onion,30-10-2022,1.00,Metric Tonnes,1200.00,Rs./Quintal
Andhra Pradesh,Kurnool,Pattikonda APMC,Vegetables,Onion,31-10-2022,1.00,Metric Tonnes,1200.00,Rs./Quintal
Andhra Pradesh,Kurnool,Pattikonda APMC,Vegetables,Onion,01-11-2022,1.00,Metric Tonnes,1200.00,Rs./Quintal
Andhra Pradesh,Kurnool,Pattikonda APMC,Vegetables,Onion,04-11-2022,1.00,Metric Tonnes,1200.00,Rs./Quintal
Andhra Pradesh,Kurnool,Pattikonda APMC,Vegetables,Onion,05-11-2022,1.00,Metric Tonnes,1200.00,Rs./Quintal
Andhra Pradesh,Kurnool,Pattikonda APMC,Vegetables,Onion,06-11-2022,1.00,Metric Tonnes,1200.00,Rs./Quintal
Andhra Pradesh,Kurnool,Pattikonda APMC,Vegetables,Onion,07-11-2022,1.00,Metric Tonnes,1200.00,Rs./Quintal
Andhra Pradesh,Kurnool,Pattikonda APMC,Vegetables,Onion,08-11-2022,1.00,Metric Tonnes,1200.00,Rs./Quintal
Andhra Pradesh,Kurnool,Pattikonda APMC,Vegetables,Onion,09-11-2022,1.00,Metric Tonnes,1200.00,Rs./Quintal
Andhra Pradesh,Kurnool,Pattikonda APMC,Vegetables,Onion,10-11-2022,1.00,Metric Tonnes,1200.00,Rs./Quintal
Andhra Pradesh,Kurnool,Pattikonda APMC,Vegetables,Onion,11-11-2022,1.00,Metric Tonnes,1200.00,Rs./Quintal
Andhra Pradesh,Kurnool,Pattikonda APMC,Vegetables,Onion,12-11-2022,1.00,Metric Tonnes,1200.00,Rs./Quintal
Andhra Pradesh,Kurnool,Pattikonda APMC,Vegetables,Onion,13-11-2022,1.00,Metric Tonnes,1200.00,Rs./Quintal
Andhra Pradesh,Kurnool,Pattikonda APMC,Vegetables,Onion,14-11-2022,1.00,Metric Tonnes,1200.00,Rs./Quintal
Andhra Pradesh,Kurnool,Pattikonda APMC,Vegetables,Onion,15-11-2022,1.00,Metric Tonnes,1200.00,Rs./Quintal
Andhra Pradesh,Kurnool,Pattikonda APMC,Vegetables,Onion,16-11-2022,1.00,Metric Tonnes,1200.00,Rs./Quintal
Andhra Pradesh,Kurnool,Pattikonda APMC,Vegetables,Onion,17-11-2022,1.00,Metric Tonnes,1200.00,Rs./Quintal
Andhra Pradesh,Kurnool,Pattikonda APMC,Vegetables,Onion,18-11-2022,1.00,Metric Tonnes,1200.00,Rs./Quintal
Andhra Pradesh,Kurnool,Pattikonda APMC,Vegetables,Onion,19-11-2022,1.00,Metric Tonnes,1200.00,Rs./Quintal
Andhra Pradesh,Kurnool,Pattikonda APMC,Vegetables,Onion,20-11-2022,1.00,Metric Tonnes,1200.00,Rs./Quintal
Andhra Pradesh,Kurnool,Pattikonda APMC,Vegetables,Onion,21-11-2022,1.00,Metric Tonnes,1200.00,Rs./Quintal
Andhra Pradesh,Kurnool,Pattikonda APMC,Vegetables,Onion,22-11-2022,1.00,Metric Tonnes,1200.00,Rs./Quintal
Andhra Pradesh,Kurnool,Pattikonda APMC,Vegetables,Onion,23-11-2022,1.00,Metric Tonnes,1200.00,Rs./Quintal
Andhra Pradesh,Kurnool,Pattikonda APMC,Vegetables,Onion,24-11-2022,1.00,Metric Tonnes,1200.00,Rs./Quintal
Andhra Pradesh,Kurnool,Pattikonda APMC,Vegetables,Onion,25-11-2022,1.00,Metric Tonnes,1200.00,Rs./Quintal
Andhra Pradesh,Kurnool,Pattikonda APMC,Vegetables,Onion,26-11-2022,1.00,Metric Tonnes,1200.00,Rs./Quintal
Andhra Pradesh,Kurnool,Pattikonda APMC,Vegetables,Onion,27-11-2022,1.00,Metric Tonnes,1200.00,Rs./Quintal
Andhra Pradesh,Kurnool,Pattikonda APMC,Vegetables,Onion,28-11-2022,1.00,Metric Tonnes,1200.00,Rs./Quintal
Andhra Pradesh,Kurnool,Pattikonda APMC,Vegetables,Onion,29-11-2022,1.00,Metric Tonnes,1200.00,Rs./Quintal
Andhra Pradesh,Kurnool,Pattikonda APMC,Vegetables,Onion,30-11-2022,1.00,Metric Tonnes,1200.00,Rs./Quintal
Andhra Pradesh,Kurnool,Pattikonda APMC,Vegetables,Onion,01-12-2022,1.00,Metric Tonnes,1200.00,Rs./Quintal
Andhra Pradesh,Kurnool,Pattikonda APMC,Vegetables,Onion,02-12-2022,1.00,Metric Tonnes,1200.00,Rs./Quintal
Andhra Pradesh,Kurnool,Pattikonda APMC,Vegetables,Onion,03-12-2022,1.00,Metric Tonnes,1200.00,Rs./Quintal
Andhra Pradesh,Kurnool,Pattikonda APMC,Vegetables,Onion,04-12-2022,1.00,Metric Tonnes,1200.00,Rs./Quintal
Andhra Pradesh,Kurnool,Pattikonda APMC,Vegetables,Onion,05-12-2022,1.00,Metric Tonnes,1200.00,Rs./Quintal
Andhra Pradesh,Kurnool,Pattikonda APMC,Vegetables,Onion,06-12-2022,1.00,Metric Tonnes,1200.00,Rs./Quintal
Andhra Pradesh,Kurnool,Pattikonda APMC,Vegetables,Onion,07-12-2022,1.00,Metric Tonnes,1200.00,Rs./Quintal
Andhra Pradesh,Kurnool,Pattikonda APMC,Vegetables,Onion,08-12-2022,1.00,Metric Tonnes,1200.00,Rs./Quintal
Andhra Pradesh,Kurnool,Pattikonda APMC,Vegetables,Onion,09-12-2022,1.00,Metric Tonnes,900.00,Rs./Quintal
Andhra Pradesh,Kurnool,Pattikonda APMC,Vegetables,Onion,10-12-2022,1.00,Metric Tonnes,1200.00,Rs./Quintal
Andhra Pradesh,Kurnool,Pattikonda APMC,Vegetables,Onion,11-12-2022,1.00,Metric Tonnes,900.00,Rs./Quintal
Andhra Pradesh,Kurnool,Pattikonda APMC,Vegetables,Onion,12-12-2022,1.00,Metric Tonnes,900.00,Rs./Quintal
Andhra Pradesh,Kurnool,Pattikonda APMC,Vegetables,Onion,13-12-2022,1.00,Metric Tonnes,850.00,Rs./Quintal
Andhra Pradesh,Kurnool,Pattikonda APMC,Vegetables,Onion,14-12-2022,1.00,Metric Tonnes,900.00,Rs./Quintal
Andhra Pradesh,Kurnool,Pattikonda APMC,Vegetables,Onion,15-12-2022,1.00,Metric Tonnes,900.00,Rs./Quintal
Andhra Pradesh,Kurnool,Pattikonda APMC,Vegetables,Onion,16-12-2022,1.00,Metric Tonnes,900.00,Rs./Quintal
Andhra Pradesh,Kurnool,Pattikonda APMC,Vegetables,Onion,17-12-2022,1.00,Metric Tonnes,900.00,Rs./Quintal
Andhra Pradesh,Kurnool,Pattikonda APMC,Vegetables,Onion,18-12-2022,1.00,Metric Tonnes,900.00,Rs./Quintal
Andhra Pradesh,Kurnool,Pattikonda APMC,Vegetables,Onion,19-12-2022,1.00,Metric Tonnes,900.00,Rs./Quintal
Andhra Pradesh,Kurnool,Pattikonda APMC,Vegetables,Onion,20-12-2022,1.00,Metric Tonnes,900.00,Rs./Quintal
Andhra Pradesh,Kurnool,Pattikonda APMC,Vegetables,Onion,21-12-2022,1.00,Metric Tonnes,900.00,Rs./Quintal
Andhra Pradesh,Kurnool,Pattikonda APMC,Vegetables,Onion,22-12-2022,1.00,Metric Tonnes,900.00,Rs./Quintal
Andhra Pradesh,Kurnool,Pattikonda APMC,Vegetables,Onion,23-12-2022,1.00,Metric Tonnes,900.00,Rs./Quintal
Andhra Pradesh,Kurnool,Pattikonda APMC,Vegetables,Onion,24-12-2022,1.00,Metric Tonnes,900.00,Rs./Quintal
Andhra Pradesh,Kurnool,Pattikonda APMC,Vegetables,Onion,25-12-2022,1.00,Metric Tonnes,900.00,Rs./Quintal
Andhra Pradesh,Kurnool,Pattikonda APMC,Vegetables,Onion,26-12-2022,1.00,Metric Tonnes,900.00,Rs./Quintal
Andhra Pradesh,Kurnool,Pattikonda APMC,Vegetables,Onion,27-12-2022,1.00,Metric Tonnes,900.00,Rs./Quintal
Andhra Pradesh,Kurnool,Pattikonda APMC,Vegetables,Onion,28-12-2022,1.00,Metric Tonnes,800.00,Rs./Quintal
Andhra Pradesh,Kurnool,Pattikonda APMC,Vegetables,Onion,29-12-2022,1.00,Metric Tonnes,900.00,Rs./Quintal
Andhra Pradesh,Kurnool,Pattikonda APMC,Vegetables,Onion,30-12-2022,1.00,Metric Tonnes,900.00,Rs./Quintal
Andhra Pradesh,Kurnool,Pattikonda APMC,Vegetables,Onion,31-12-2022,1.00,Metric Tonnes,900.00,Rs./Quintal
Andhra Pradesh,Kurnool,Pattikonda APMC,Vegetables,Onion,01-01-2023,1.00,Metric Tonnes,900.00,Rs./Quintal
Andhra Pradesh,Kurnool,Pattikonda APMC,Vegetables,Onion,02-01-2023,1.00,Metric Tonnes,900.00,Rs./Quintal
Andhra Pradesh,Kurnool,Pattikonda APMC,Vegetables,Onion,03-01-2023,1.00,Metric Tonnes,900.00,Rs./Quintal
Andhra Pradesh,Kurnool,Pattikonda APMC,Vegetables,Onion,04-01-2023,1.00,Metric Tonnes,900.00,Rs./Quintal
Andhra Pradesh,Kurnool,Pattikonda APMC,Vegetables,Onion,05-01-2023,1.00,Metric Tonnes,900.00,Rs./Quintal
Andhra Pradesh,Kurnool,Pattikonda APMC,Vegetables,Onion,06-01-2023,1.00,Metric Tonnes,900.00,Rs./Quintal
Andhra Pradesh,Kurnool,Pattikonda APMC,Vegetables,Onion,07-01-2023,1.00,Metric Tonnes,900.00,Rs./Quintal
Andhra Pradesh,Kurnool,Pattikonda APMC,Vegetables,Onion,08-01-2023,1.00,Metric Tonnes,900.00,Rs./Quintal
Andhra Pradesh,Kurnool,Pattikonda APMC,Vegetables,Onion,09-01-2023,1.00,Metric Tonnes,900.00,Rs./Quintal
Andhra Pradesh,Kurnool,Pattikonda APMC,Vegetables,Onion,10-01-2023,1.00,Metric Tonnes,900.00,Rs./Quintal
Andhra Pradesh,Kurnool,Pattikonda APMC,Vegetables,Onion,11-01-2023,1.00,Metric Tonnes,900.00,Rs./Quintal
Andhra Pradesh,Kurnool,Pattikonda APMC,Vegetables,Onion,12-01-2023,1.00,Metric Tonnes,900.00,Rs./Quintal
Andhra Pradesh,Kurnool,Pattikonda APMC,Vegetables,Onion,20-01-2023,1.00,Metric Tonnes,1200.00,Rs./Quintal
Andhra Pradesh,Kurnool,Pattikonda APMC,Vegetables,Onion,21-01-2023,1.00,Metric Tonnes,1200.00,Rs./Quintal
Andhra Pradesh,Kurnool,Pattikonda APMC,Vegetables,Onion,22-01-2023,1.00,Metric Tonnes,1200.00,Rs./Quintal
Andhra Pradesh,Kurnool,Pattikonda APMC,Vegetables,Onion,23-01-2023,1.00,Metric Tonnes,1200.00,Rs./Quintal
Andhra Pradesh,Kurnool,Pattikonda APMC,Vegetables,Onion,24-01-2023,1.00,Metric Tonnes,1200.00,Rs./Quintal
Andhra Pradesh,Kurnool,Pattikonda APMC,Vegetables,Onion,25-01-2023,1.00,Metric Tonnes,1200.00,Rs./Quintal
Andhra Pradesh,Kurnool,Pattikonda APMC,Vegetables,Onion,26-01-2023,1.00,Metric Tonnes,1200.00,Rs./Quintal
Andhra Pradesh,Kurnool,Pattikonda APMC,Vegetables,Onion,27-01-2023,1.00,Metric Tonnes,1200.00,Rs./Quintal
Andhra Pradesh,Kurnool,Pattikonda APMC,Vegetables,Onion,28-01-2023,1.00,Metric Tonnes,1500.00,Rs./Quintal
Andhra Pradesh,Kurnool,Pattikonda APMC,Vegetables,Onion,29-01-2023,1.00,Metric Tonnes,1500.00,Rs./Quintal
Andhra Pradesh,Kurnool,Pattikonda APMC,Vegetables,Onion,30-01-2023,1.00,Metric Tonnes,1500.00,Rs./Quintal
Andhra Pradesh,Kurnool,Pattikonda APMC,Vegetables,Onion,31-01-2023,1.00,Metric Tonnes,1500.00,Rs./Quintal
Andhra Pradesh,Kurnool,Pattikonda APMC,Vegetables,Onion,01-02-2023,1.00,Metric Tonnes,1500.00,Rs./Quintal
Andhra Pradesh,Kurnool,Pattikonda APMC,Vegetables,Onion,02-02-2023,1.00,Metric Tonnes,1500.00,Rs./Quintal
Andhra Pradesh,Kurnool,Pattikonda APMC,Vegetables,Onion,04-02-2023,1.00,Metric Tonnes,1500.00,Rs./Quintal
Andhra Pradesh,Kurnool,Pattikonda APMC,Vegetables,Onion,05-02-2023,1.00,Metric Tonnes,1200.00,Rs./Quintal
Andhra Pradesh,Kurnool,Pattikonda APMC,Vegetables,Onion,06-02-2023,11.00,Metric Tonnes,1500.00,Rs./Quintal
Andhra Pradesh,Kurnool,Pattikonda APMC,Vegetables,Onion,07-02-2023,1.00,Metric Tonnes,1500.00,Rs./Quintal
Andhra Pradesh,Kurnool,Pattikonda APMC,Vegetables,Onion,08-02-2023,1.00,Metric Tonnes,1500.00,Rs./Quintal
Andhra Pradesh,Kurnool,Pattikonda APMC,Vegetables,Onion,09-02-2023,1.00,Metric Tonnes,1500.00,Rs./Quintal
Andhra Pradesh,Kurnool,Pattikonda APMC,Vegetables,Onion,10-02-2023,1.00,Metric Tonnes,1500.00,Rs./Quintal
Andhra Pradesh,Kurnool,Pattikonda APMC,Vegetables,Onion,11-02-2023,1.00,Metric Tonnes,1500.00,Rs./Quintal
Andhra Pradesh,Kurnool,Pattikonda APMC,Vegetables,Onion,12-02-2023,1.00,Metric Tonnes,1500.00,Rs./Quintal
Andhra Pradesh,Kurnool,Pattikonda APMC,Vegetables,Onion,14-02-2023,1.00,Metric Tonnes,1500.00,Rs./Quintal
Andhra Pradesh,Kurnool,Pattikonda APMC,Vegetables,Onion,15-02-2023,1.00,Metric Tonnes,1500.00,Rs./Quintal
Andhra Pradesh,Kurnool,Pattikonda APMC,Vegetables,Onion,16-02-2023,1.00,Metric Tonnes,1500.00,Rs./Quintal
Andhra Pradesh,Kurnool,Pattikonda APMC,Vegetables,Onion,18-02-2023,1.00,Metric Tonnes,1500.00,Rs./Quintal
Andhra Pradesh,Kurnool,Pattikonda APMC,Vegetables,Onion,19-02-2023,1.00,Metric Tonnes,1500.00,Rs./Quintal
Andhra Pradesh,Kurnool,Pattikonda APMC,Vegetables,Onion,20-02-2023,1.00,Metric Tonnes,1500.00,Rs./Quintal
Andhra Pradesh,Kurnool,Pattikonda APMC,Vegetables,Onion,21-02-2023,1.00,Metric Tonnes,1500.00,Rs./Quintal
Andhra Pradesh,Kurnool,Pattikonda APMC,Vegetables,Onion,24-02-2023,1.00,Metric Tonnes,1500.00,Rs./Quintal
Andhra Pradesh,Kurnool,Pattikonda APMC,Vegetables,Onion,25-02-2023,1.00,Metric Tonnes,1500.00,Rs./Quintal
Andhra Pradesh,Kurnool,Pattikonda APMC,Vegetables,Onion,26-02-2023,1.00,Metric Tonnes,1500.00,Rs./Quintal
Andhra Pradesh,Kurnool,Pattikonda APMC,Vegetables,Onion,27-02-2023,1.00,Metric Tonnes,1500.00,Rs./Quintal
Andhra Pradesh,Kurnool,Pattikonda APMC,Vegetables,Onion,28-02-2023,1.00,Metric Tonnes,1500.00,Rs./Quintal
Andhra Pradesh,Kurnool,Pattikonda APMC,Vegetables,Onion,01-03-2023,1.00,Metric Tonnes,1500.00,Rs./Quintal
Andhra Pradesh,Kurnool,Pattikonda APMC,Vegetables,Onion,02-03-2023,1.00,Metric Tonnes,1500.00,Rs./Quintal
Andhra Pradesh,Kurnool,Pattikonda APMC,Vegetables,Onion,03-03-2023,1.00,Metric Tonnes,1500.00,Rs./Quintal
Andhra Pradesh,Kurnool,Pattikonda APMC,Vegetables,Onion,04-03-2023,1.00,Metric Tonnes,1500.00,Rs./Quintal
Andhra Pradesh,Kurnool,Pattikonda APMC,Vegetables,Onion,05-03-2023,1.00,Metric Tonnes,1500.00,Rs./Quintal
Andhra Pradesh,Kurnool,Pattikonda APMC,Vegetables,Onion,06-03-2023,1.00,Metric Tonnes,1500.00,Rs./Quintal
Andhra Pradesh,Kurnool,Pattikonda APMC,Vegetables,Onion,07-03-2023,1.00,Metric Tonnes,1500.00,Rs./Quintal
Andhra Pradesh,Kurnool,Pattikonda APMC,Vegetables,Onion,08-03-2023,1.00,Metric Tonnes,1500.00,Rs./Quintal
Andhra Pradesh,Kurnool,Pattikonda APMC,Vegetables,Onion,09-03-2023,1.00,Metric Tonnes,1500.00,Rs./Quintal
Andhra Pradesh,Kurnool,Pattikonda APMC,Vegetables,Onion,10-03-2023,1.00,Metric Tonnes,1200.00,Rs./Quintal
Andhra Pradesh,Kurnool,Pattikonda APMC,Vegetables,Onion,11-03-2023,1.00,Metric Tonnes,1200.00,Rs./Quintal
Andhra Pradesh,Kurnool,Pattikonda APMC,Vegetables,Onion,12-03-2023,1.00,Metric Tonnes,1200.00,Rs./Quintal
Andhra Pradesh,Kurnool,Pattikonda APMC,Vegetables,Onion,13-03-2023,1.00,Metric Tonnes,1200.00,Rs./Quintal
Andhra Pradesh,Kurnool,Pattikonda APMC,Vegetables,Onion,14-03-2023,1.00,Metric Tonnes,1200.00,Rs./Quintal
Andhra Pradesh,Kurnool,Pattikonda APMC,Vegetables,Onion,15-03-2023,1.00,Metric Tonnes,1200.00,Rs./Quintal
Andhra Pradesh,Kurnool,Pattikonda APMC,Vegetables,Onion,10-04-2023,1.00,Metric Tonnes,1200.00,Rs./Quintal
Andhra Pradesh,Kurnool,Pattikonda APMC,Vegetables,Onion,11-04-2023,1.00,Metric Tonnes,1200.00,Rs./Quintal
Andhra Pradesh,Kurnool,Pattikonda APMC,Vegetables,Onion,12-04-2023,1.00,Metric Tonnes,1220.00,Rs./Quintal
Andhra Pradesh,Kurnool,Pattikonda APMC,Vegetables,Onion,13-04-2023,1.00,Metric Tonnes,1200.00,Rs./Quintal
Andhra Pradesh,Kurnool,Pattikonda APMC,Vegetables,Onion,14-04-2023,1.00,Metric Tonnes,1200.00,Rs./Quintal
Andhra Pradesh,Kurnool,Pattikonda APMC,Vegetables,Onion,16-04-2023,1.00,Metric Tonnes,1200.00,Rs./Quintal
Andhra Pradesh,Kurnool,Pattikonda APMC,Vegetables,Onion,17-04-2023,1.00,Metric Tonnes,1200.00,Rs./Quintal
Andhra Pradesh,Kurnool,Pattikonda APMC,Vegetables,Onion,18-04-2023,1.00,Metric Tonnes,1200.00,Rs./Quintal
Andhra Pradesh,Kurnool,Pattikonda APMC,Vegetables,Onion,19-04-2023,1.00,Metric Tonnes,1200.00,Rs./Quintal
Andhra Pradesh,Kurnool,Pattikonda APMC,Vegetables,Onion,20-04-2023,1.00,Metric Tonnes,1200.00,Rs./Quintal
Andhra Pradesh,Kurnool,Pattikonda APMC,Vegetables,Onion,22-04-2023,1.00,Metric Tonnes,1200.00,Rs./Quintal
Andhra Pradesh,Kurnool,Pattikonda APMC,Vegetables,Onion,23-04-2023,1.00,Metric Tonnes,1200.00,Rs./Quintal
Andhra Pradesh,Kurnool,Pattikonda APMC,Vegetables,Onion,24-04-2023,1.00,Metric Tonnes,1200.00,Rs./Quintal
Andhra Pradesh,Kurnool,Pattikonda APMC,Vegetables,Onion,25-04-2023,1.00,Metric Tonnes,1200.00,Rs./Quintal
Andhra Pradesh,Kurnool,Pattikonda APMC,Vegetables,Onion,26-04-2023,1.00,Metric Tonnes,1200.00,Rs./Quintal
Andhra Pradesh,Kurnool,Pattikonda APMC,Vegetables,Onion,27-04-2023,1.00,Metric Tonnes,1200.00,Rs./Quintal
Andhra Pradesh,Kurnool,Pattikonda APMC,Vegetables,Onion,28-04-2023,1.00,Metric Tonnes,1200.00,Rs./Quintal
Andhra Pradesh,Kurnool,Pattikonda APMC,Vegetables,Onion,29-04-2023,1.00,Metric Tonnes,1200.00,Rs./Quintal
Andhra Pradesh,Kurnool,Pattikonda APMC,Vegetables,Onion,30-04-2023,1.00,Metric Tonnes,1200.00,Rs./Quintal
Andhra Pradesh,Kurnool,Pattikonda APMC,Vegetables,Onion,01-05-2023,1.00,Metric Tonnes,1200.00,Rs./Quintal
Andhra Pradesh,Kurnool,Pattikonda APMC,Vegetables,Onion,02-05-2023,1.00,Metric Tonnes,1200.00,Rs./Quintal
Andhra Pradesh,Kurnool,Pattikonda APMC,Vegetables,Onion,03-05-2023,1.00,Metric Tonnes,1200.00,Rs./Quintal
Andhra Pradesh,Kurnool,Pattikonda APMC,Vegetables,Onion,04-05-2023,1.00,Metric Tonnes,1200.00,Rs./Quintal
Andhra Pradesh,Kurnool,Pattikonda APMC,Vegetables,Onion,05-05-2023,1.00,Metric Tonnes,1200.00,Rs./Quintal
Andhra Pradesh,Kurnool,Pattikonda APMC,Vegetables,Onion,26-05-2023,1.00,Metric Tonnes,1200.00,Rs./Quintal
Andhra Pradesh,Kurnool,Pattikonda APMC,Vegetables,Onion,27-05-2023,1.00,Metric Tonnes,1500.00,Rs./Quintal
Andhra Pradesh,Kurnool,Pattikonda APMC,Vegetables,Onion,28-05-2023,1.00,Metric Tonnes,1200.00,Rs./Quintal
Andhra Pradesh,Kurnool,Pattikonda APMC,Vegetables,Onion,29-05-2023,1.00,Metric Tonnes,1200.00,Rs./Quintal
Andhra Pradesh,Kurnool,Pattikonda APMC,Vegetables,Onion,30-05-2023,1.00,Metric Tonnes,1200.00,Rs./Quintal
Andhra Pradesh,Kurnool,Pattikonda APMC,Vegetables,Onion,31-05-2023,1.00,Metric Tonnes,1500.00,Rs./Quintal
Andhra Pradesh,Kurnool,Pattikonda APMC,Vegetables,Onion,03-06-2023,1.00,Metric Tonnes,1500.00,Rs./Quintal
Andhra Pradesh,Kurnool,Pattikonda APMC,Vegetables,Onion,04-06-2023,1.00,Metric Tonnes,1500.00,Rs./Quintal
Andhra Pradesh,Kurnool,Pattikonda APMC,Vegetables,Onion,05-06-2023,1.00,Metric Tonnes,1500.00,Rs./Quintal
Andhra Pradesh,Kurnool,Pattikonda APMC,Vegetables,Onion,06-06-2023,1.00,Metric Tonnes,1500.00,Rs./Quintal
Andhra Pradesh,Kurnool,Pattikonda APMC,Vegetables,Onion,07-06-2023,1.00,Metric Tonnes,1500.00,Rs./Quintal
Andhra Pradesh,Kurnool,Pattikonda APMC,Vegetables,Onion,09-06-2023,1.00,Metric Tonnes,1500.00,Rs./Quintal
Andhra Pradesh,Kurnool,Pattikonda APMC,Vegetables,Onion,10-06-2023,1.00,Metric Tonnes,1500.00,Rs./Quintal
Andhra Pradesh,Kurnool,Pattikonda APMC,Vegetables,Onion,11-06-2023,1.00,Metric Tonnes,1500.00,Rs./Quintal
Andhra Pradesh,Kurnool,Pattikonda APMC,Vegetables,Onion,12-06-2023,1.00,Metric Tonnes,1500.00,Rs./Quintal
Andhra Pradesh,Kurnool,Pattikonda APMC,Vegetables,Onion,13-06-2023,1.00,Metric Tonnes,1500.00,Rs./Quintal
Andhra Pradesh,Kurnool,Pattikonda APMC,Vegetables,Onion,14-06-2023,1.00,Metric Tonnes,1500.00,Rs./Quintal
Andhra Pradesh,Kurnool,Pattikonda APMC,Vegetables,Onion,15-06-2023,1.00,Metric Tonnes,1500.00,Rs./Quintal
Andhra Pradesh,Kurnool,Pattikonda APMC,Vegetables,Onion,16-06-2023,1.00,Metric Tonnes,1500.00,Rs./Quintal
Andhra Pradesh,Kurnool,Pattikonda APMC,Vegetables,Onion,17-06-2023,1.00,Metric Tonnes,1500.00,Rs./Quintal
Andhra Pradesh,Kurnool,Pattikonda APMC,Vegetables,Onion,18-06-2023,1.00,Metric Tonnes,1500.00,Rs./Quintal
Andhra Pradesh,Kurnool,Pattikonda APMC,Vegetables,Onion,19-06-2023,1.00,Metric Tonnes,1500.00,Rs./Quintal
Andhra Pradesh,Kurnool,Pattikonda APMC,Vegetables,Onion,20-06-2023,1.00,Metric Tonnes,1500.00,Rs./Quintal
Andhra Pradesh,Kurnool,Pattikonda APMC,Vegetables,Onion,21-06-2023,1.00,Metric Tonnes,1500.00,Rs./Quintal
Andhra Pradesh,Kurnool,Pattikonda APMC,Vegetables,Onion,22-06-2023,1.00,Metric Tonnes,1500.00,Rs./Quintal
Andhra Pradesh,Kurnool,Pattikonda APMC,Vegetables,Onion,23-06-2023,1.00,Metric Tonnes,1500.00,Rs./Quintal
Andhra Pradesh,Kurnool,Pattikonda APMC,Vegetables,Onion,24-06-2023,1.00,Metric Tonnes,1500.00,Rs./Quintal
Andhra Pradesh,Kurnool,Pattikonda APMC,Vegetables,Onion,25-06-2023,1.00,Metric Tonnes,1500.00,Rs./Quintal
Andhra Pradesh,Kurnool,Pattikonda APMC,Vegetables,Onion,26-06-2023,1.00,Metric Tonnes,1500.00,Rs./Quintal
Andhra Pradesh,Kurnool,Pattikonda APMC,Vegetables,Onion,27-06-2023,1.00,Metric Tonnes,1500.00,Rs./Quintal
Andhra Pradesh,Kurnool,Pattikonda APMC,Vegetables,Onion,29-12-2023,1.00,Metric Tonnes,3500.00,Rs./Quintal
Andhra Pradesh,Kurnool,Pattikonda APMC,Vegetables,Onion,30-12-2023,1.00,Metric Tonnes,3500.00,Rs./Quintal
Andhra Pradesh,Kurnool,Pattikonda APMC,Vegetables,Onion,16-01-2024,1.00,Metric Tonnes,2000.00,Rs./Quintal
Andhra Pradesh,Kurnool,Pattikonda APMC,Vegetables,Onion,17-01-2024,1.00,Metric Tonnes,2000.00,Rs./Quintal
Andhra Pradesh,Kurnool,Pattikonda APMC,Vegetables,Onion,18-01-2024,1.00,Metric Tonnes,1500.00,Rs./Quintal
Andhra Pradesh,Kurnool,Pattikonda APMC,Vegetables,Onion,19-01-2024,1.00,Metric Tonnes,2500.00,Rs./Quintal
Andhra Pradesh,Kurnool,Pattikonda APMC,Vegetables,Onion,20-01-2024,1.00,Metric Tonnes,2000.00,Rs./Quintal
Andhra Pradesh,Kurnool,Pattikonda APMC,Vegetables,Onion,21-01-2024,1.00,Metric Tonnes,2500.00,Rs./Quintal
Andhra Pradesh,Kurnool,Pattikonda APMC,Vegetables,Onion,22-01-2024,1.00,Metric Tonnes,2500.00,Rs./Quintal
Andhra Pradesh,Kurnool,Pattikonda APMC,Vegetables,Onion,23-01-2024,1.00,Metric Tonnes,2500.00,Rs./Quintal
Andhra Pradesh,Kurnool,Pattikonda APMC,Vegetables,Onion,24-01-2024,1.00,Metric Tonnes,2500.00,Rs./Quintal
Andhra Pradesh,Kurnool,Pattikonda APMC,Vegetables,Onion,25-01-2024,1.00,Metric Tonnes,2500.00,Rs./Quintal
Andhra Pradesh,Kurnool,Pattikonda APMC,Vegetables,Onion,27-01-2024,1.00,Metric Tonnes,2500.00,Rs./Quintal
Andhra Pradesh,Kurnool,Pattikonda APMC,Vegetables,Onion,28-01-2024,1.00,Metric Tonnes,2500.00,Rs./Quintal
Andhra Pradesh,Kurnool,Pattikonda APMC,Vegetables,Onion,29-01-2024,1.00,Metric Tonnes,2500.00,Rs./Quintal
Andhra Pradesh,Kurnool,Pattikonda APMC,Vegetables,Onion,30-01-2024,1.00,Metric Tonnes,2500.00,Rs./Quintal
Andhra Pradesh,Kurnool,Pattikonda APMC,Vegetables,Onion,31-01-2024,1.00,Metric Tonnes,1500.00,Rs./Quintal
Andhra Pradesh,Kurnool,Pattikonda APMC,Vegetables,Onion,01-02-2024,1.00,Metric Tonnes,1500.00,Rs./Quintal
Andhra Pradesh,Kurnool,Pattikonda APMC,Vegetables,Onion,02-02-2024,1.00,Metric Tonnes,1200.00,Rs./Quintal
Andhra Pradesh,Kurnool,Pattikonda APMC,Vegetables,Onion,03-02-2024,1.00,Metric Tonnes,1200.00,Rs./Quintal
Andhra Pradesh,Kurnool,Pattikonda APMC,Vegetables,Onion,04-02-2024,1.00,Metric Tonnes,1200.00,Rs./Quintal
Andhra Pradesh,Kurnool,Pattikonda APMC,Vegetables,Onion,05-02-2024,1.00,Metric Tonnes,1200.00,Rs./Quintal
Andhra Pradesh,Kurnool,Pattikonda APMC,Vegetables,Onion,06-02-2024,1.00,Metric Tonnes,1200.00,Rs./Quintal
Andhra Pradesh,Kurnool,Pattikonda APMC,Vegetables,Onion,07-02-2024,1.00,Metric Tonnes,1200.00,Rs./Quintal
Andhra Pradesh,Kurnool,Pattikonda APMC,Vegetables,Onion,08-02-2024,1.00,Metric Tonnes,1200.00,Rs./Quintal
Andhra Pradesh,Kurnool,Pattikonda APMC,Vegetables,Onion,09-02-2024,1.00,Metric Tonnes,1200.00,Rs./Quintal
Andhra Pradesh,Kurnool,Pattikonda APMC,Vegetables,Onion,10-02-2024,1.00,Metric Tonnes,1200.00,Rs./Quintal
Andhra Pradesh,Kurnool,Pattikonda APMC,Vegetables,Onion,11-02-2024,1.00,Metric Tonnes,1200.00,Rs./Quintal
Andhra Pradesh,Kurnool,Pattikonda APMC,Vegetables,Onion,12-02-2024,1.00,Metric Tonnes,1200.00,Rs./Quintal
Andhra Pradesh,Kurnool,Pattikonda APMC,Vegetables,Onion,13-02-2024,1.00,Metric Tonnes,1200.00,Rs./Quintal
Andhra Pradesh,Kurnool,Pattikonda APMC,Vegetables,Onion,14-02-2024,1.00,Metric Tonnes,1200.00,Rs./Quintal
Andhra Pradesh,Kurnool,Pattikonda APMC,Vegetables,Onion,15-02-2024,1.00,Metric Tonnes,1200.00,Rs./Quintal
Andhra Pradesh,Kurnool,Pattikonda APMC,Vegetables,Onion,16-02-2024,1.00,Metric Tonnes,1200.00,Rs./Quintal
Andhra Pradesh,Kurnool,Pattikonda APMC,Vegetables,Onion,17-02-2024,1.00,Metric Tonnes,1200.00,Rs./Quintal
Andhra Pradesh,Kurnool,Pattikonda APMC,Vegetables,Onion,18-02-2024,1.00,Metric Tonnes,1200.00,Rs./Quintal
Andhra Pradesh,Kurnool,Pattikonda APMC,Vegetables,Onion,19-02-2024,1.00,Metric Tonnes,1200.00,Rs./Quintal
Andhra Pradesh,Kurnool,Pattikonda APMC,Vegetables,Onion,20-02-2024,1.00,Metric Tonnes,1200.00,Rs./Quintal
Andhra Pradesh,Kurnool,Pattikonda APMC,Vegetables,Onion,21-02-2024,1.00,Metric Tonnes,1500.00,Rs./Quintal
Andhra Pradesh,Kurnool,Pattikonda APMC,Vegetables,Onion,22-02-2024,1.00,Metric Tonnes,1200.00,Rs./Quintal
Andhra Pradesh,Kurnool,Pattikonda APMC,Vegetables,Onion,23-02-2024,1.00,Metric Tonnes,900.00,Rs./Quintal
Andhra Pradesh,Kurnool,Pattikonda APMC,Vegetables,Onion,24-02-2024,1.00,Metric Tonnes,1000.00,Rs./Quintal
Andhra Pradesh,Kurnool,Pattikonda APMC,Vegetables,Onion,25-02-2024,1.00,Metric Tonnes,1000.00,Rs./Quintal
Andhra Pradesh,Kurnool,Pattikonda APMC,Vegetables,Onion,26-02-2024,1.00,Metric Tonnes,1200.00,Rs./Quintal
Andhra Pradesh,Kurnool,Pattikonda APMC,Vegetables,Onion,27-02-2024,1.00,Metric Tonnes,1000.00,Rs./Quintal
Andhra Pradesh,Kurnool,Pattikonda APMC,Vegetables,Onion,28-02-2024,1.00,Metric Tonnes,1200.00,Rs./Quintal
Andhra Pradesh,Kurnool,Pattikonda APMC,Vegetables,Onion,29-02-2024,1.00,Metric Tonnes,1200.00,Rs./Quintal
Andhra Pradesh,Kurnool,Pattikonda APMC,Vegetables,Onion,01-03-2024,1.00,Metric Tonnes,1200.00,Rs./Quintal
Andhra Pradesh,Kurnool,Pattikonda APMC,Vegetables,Onion,02-03-2024,1.00,Metric Tonnes,1200.00,Rs./Quintal
Andhra Pradesh,Kurnool,Pattikonda APMC,Vegetables,Onion,03-03-2024,1.00,Metric Tonnes,1200.00,Rs./Quintal
Andhra Pradesh,Kurnool,Pattikonda APMC,Vegetables,Onion,04-03-2024,1.00,Metric Tonnes,1200.00,Rs./Quintal
Andhra Pradesh,Kurnool,Pattikonda APMC,Vegetables,Onion,05-03-2024,1.00,Metric Tonnes,1200.00,Rs./Quintal
Andhra Pradesh,Kurnool,Pattikonda APMC,Vegetables,Onion,06-03-2024,1.00,Metric Tonnes,1200.00,Rs./Quintal
Andhra Pradesh,Kurnool,Pattikonda APMC,Vegetables,Onion,07-03-2024,1.00,Metric Tonnes,1200.00,Rs./Quintal
Andhra Pradesh,Kurnool,Pattikonda APMC,Vegetables,Onion,08-03-2024,1.00,Metric Tonnes,1200.00,Rs./Quintal
Andhra Pradesh,Kurnool,Pattikonda APMC,Vegetables,Onion,09-03-2024,1.00,Metric Tonnes,1500.00,Rs./Quintal
Andhra Pradesh,Kurnool,Pattikonda APMC,Vegetables,Onion,10-03-2024,1.00,Metric Tonnes,1200.00,Rs./Quintal
Andhra Pradesh,Kurnool,Pattikonda APMC,Vegetables,Onion,11-03-2024,1.00,Metric Tonnes,1800.00,Rs./Quintal
Andhra Pradesh,Kurnool,Pattikonda APMC,Vegetables,Onion,12-03-2024,1.00,Metric Tonnes,1700.00,Rs./Quintal
Andhra Pradesh,Kurnool,Pattikonda APMC,Vegetables,Onion,13-03-2024,1.00,Metric Tonnes,1200.00,Rs./Quintal
Andhra Pradesh,Kurnool,Pattikonda APMC,Vegetables,Onion,14-03-2024,1.00,Metric Tonnes,1200.00,Rs./Quintal
Andhra Pradesh,Kurnool,Pattikonda APMC,Vegetables,Onion,15-03-2024,1.00,Metric Tonnes,1200.00,Rs./Quintal
Andhra Pradesh,Kurnool,Pattikonda APMC,Vegetables,Onion,16-03-2024,1.00,Metric Tonnes,1200.00,Rs./Quintal
Andhra Pradesh,Kurnool,Pattikonda APMC,Vegetables,Onion,17-03-2024,1.00,Metric Tonnes,1200.00,Rs./Quintal
Andhra Pradesh,Kurnool,Pattikonda APMC,Vegetables,Onion,18-03-2024,1.00,Metric Tonnes,1200.00,Rs./Quintal
Andhra Pradesh,Kurnool,Pattikonda APMC,Vegetables,Onion,19-03-2024,1.00,Metric Tonnes,1200.00,Rs./Quintal
Andhra Pradesh,Kurnool,Pattikonda APMC,Vegetables,Onion,20-03-2024,1.00,Metric Tonnes,1200.00,Rs./Quintal
Andhra Pradesh,Kurnool,Pattikonda APMC,Vegetables,Onion,21-03-2024,1.00,Metric Tonnes,1200.00,Rs./Quintal
Andhra Pradesh,Kurnool,Pattikonda APMC,Vegetables,Onion,22-03-2024,1.00,Metric Tonnes,1200.00,Rs./Quintal
Andhra Pradesh,Kurnool,Pattikonda APMC,Vegetables,Onion,23-03-2024,1.00,Metric Tonnes,1500.00,Rs./Quintal
Andhra Pradesh,Kurnool,Pattikonda APMC,Vegetables,Onion,02-04-2024,1.00,Metric Tonnes,1200.00,Rs./Quintal
Andhra Pradesh,Kurnool,Pattikonda APMC,Vegetables,Onion,03-04-2024,1.00,Metric Tonnes,1200.00,Rs./Quintal
Andhra Pradesh,Kurnool,Pattikonda APMC,Vegetables,Onion,12-04-2024,1.00,Metric Tonnes,1800.00,Rs./Quintal
Andhra Pradesh,Kurnool,Pattikonda APMC,Vegetables,Onion,13-04-2024,1.00,Metric Tonnes,1800.00,Rs./Quintal
Andhra Pradesh,Kurnool,Pattikonda APMC,Vegetables,Onion,14-04-2024,1.00,Metric Tonnes,1700.00,Rs./Quintal
Andhra Pradesh,Kurnool,Pattikonda APMC,Vegetables,Onion,15-04-2024,1.00,Metric Tonnes,1700.00,Rs./Quintal
Andhra Pradesh,Kurnool,Pattikonda APMC,Vegetables,Onion,16-04-2024,1.00,Metric Tonnes,1200.00,Rs./Quintal
Andhra Pradesh,Kurnool,Pattikonda APMC,Vegetables,Onion,17-04-2024,1.00,Metric Tonnes,1200.00,Rs./Quintal
Andhra Pradesh,Kurnool,Pattikonda APMC,Vegetables,Onion,18-04-2024,1.00,Metric Tonnes,1200.00,Rs./Quintal
Andhra Pradesh,Kurnool,Pattikonda APMC,Vegetables,Onion,19-04-2024,1.00,Metric Tonnes,1200.00,Rs./Quintal
Andhra Pradesh,Kurnool,Pattikonda APMC,Vegetables,Onion,20-04-2024,1.00,Metric Tonnes,1200.00,Rs./Quintal
Andhra Pradesh,Kurnool,Pattikonda APMC,Vegetables,Onion,21-04-2024,1.00,Metric Tonnes,1200.00,Rs./Quintal
Andhra Pradesh,Kurnool,Pattikonda APMC,Vegetables,Onion,22-04-2024,1.00,Metric Tonnes,1200.00,Rs./Quintal
Andhra Pradesh,Kurnool,Pattikonda APMC,Vegetables,Onion,23-04-2024,1.00,Metric Tonnes,1200.00,Rs./Quintal
Andhra Pradesh,Kurnool,Pattikonda APMC,Vegetables,Onion,26-04-2024,1.00,Metric Tonnes,1200.00,Rs./Quintal
Andhra Pradesh,Kurnool,Pattikonda APMC,Vegetables,Onion,27-04-2024,1.00,Metric Tonnes,1200.00,Rs./Quintal
Andhra Pradesh,Kurnool,Pattikonda APMC,Vegetables,Onion,28-04-2024,1.00,Metric Tonnes,1200.00,Rs./Quintal
Andhra Pradesh,Kurnool,Pattikonda APMC,Vegetables,Onion,29-04-2024,1.00,Metric Tonnes,1200.00,Rs./Quintal
Andhra Pradesh,Kurnool,Pattikonda APMC,Vegetables,Onion,30-04-2024,1.00,Metric Tonnes,1200.00,Rs./Quintal
Andhra Pradesh,Kurnool,Pattikonda APMC,Vegetables,Onion,01-05-2024,1.00,Metric Tonnes,1200.00,Rs./Quintal
Andhra Pradesh,Kurnool,Pattikonda APMC,Vegetables,Onion,02-05-2024,1.00,Metric Tonnes,1200.00,Rs./Quintal
Andhra Pradesh,Kurnool,Pattikonda APMC,Vegetables,Onion,03-05-2024,1.00,Metric Tonnes,1200.00,Rs./Quintal
Andhra Pradesh,Kurnool,Pattikonda APMC,Vegetables,Onion,04-05-2024,1.00,Metric Tonnes,1200.00,Rs./Quintal
Andhra Pradesh,Kurnool,Pattikonda APMC,Vegetables,Onion,05-05-2024,1.00,Metric Tonnes,1200.00,Rs./Quintal
Andhra Pradesh,Kurnool,Pattikonda APMC,Vegetables,Onion,06-05-2024,1.00,Metric Tonnes,1500.00,Rs./Quintal
Andhra Pradesh,Kurnool,Pattikonda APMC,Vegetables,Onion,07-05-2024,1.00,Metric Tonnes,1200.00,Rs./Quintal
Andhra Pradesh,Kurnool,Pattikonda APMC,Vegetables,Onion,09-05-2024,1.00,Metric Tonnes,1200.00,Rs./Quintal
Andhra Pradesh,Kurnool,Pattikonda APMC,Vegetables,Onion,10-05-2024,1.00,Metric Tonnes,1200.00,Rs./Quintal
Andhra Pradesh,Kurnool,Pattikonda APMC,Vegetables,Onion,13-05-2024,1.00,Metric Tonnes,1200.00,Rs./Quintal
Andhra Pradesh,Kurnool,Pattikonda APMC,Vegetables,Onion,14-05-2024,1.00,Metric Tonnes,1200.00,Rs./Quintal
Andhra Pradesh,Kurnool,Pattikonda APMC,Vegetables,Onion,15-05-2024,1.00,Metric Tonnes,2500.00,Rs./Quintal
Andhra Pradesh,Kurnool,Pattikonda APMC,Vegetables,Onion,16-05-2024,1.00,Metric Tonnes,3000.00,Rs./Quintal
Andhra Pradesh,Kurnool,Pattikonda APMC,Vegetables,Onion,17-05-2024,1.00,Metric Tonnes,3000.00,Rs./Quintal
Andhra Pradesh,Kurnool,Pattikonda APMC,Vegetables,Onion,18-05-2024,1.00,Metric Tonnes,2800.00,Rs./Quintal
Andhra Pradesh,Kurnool,Pattikonda APMC,Vegetables,Onion,19-05-2024,1.00,Metric Tonnes,2800.00,Rs./Quintal
Andhra Pradesh,Kurnool,Pattikonda APMC,Vegetables,Onion,20-05-2024,1.00,Metric Tonnes,2500.00,Rs./Quintal
Andhra Pradesh,Kurnool,Pattikonda APMC,Vegetables,Onion,21-05-2024,1.00,Metric Tonnes,2500.00,Rs./Quintal
Andhra Pradesh,Kurnool,Pattikonda APMC,Vegetables,Onion,22-05-2024,1.00,Metric Tonnes,2500.00,Rs./Quintal
Andhra Pradesh,Kurnool,Pattikonda APMC,Vegetables,Onion,23-05-2024,1.00,Metric Tonnes,2800.00,Rs./Quintal
Andhra Pradesh,Kurnool,Pattikonda APMC,Vegetables,Onion,24-05-2024,1.00,Metric Tonnes,2800.00,Rs./Quintal
Andhra Pradesh,Kurnool,Pattikonda APMC,Vegetables,Onion,25-05-2024,1.00,Metric Tonnes,3400.00,Rs./Quintal
Andhra Pradesh,Kurnool,Pattikonda APMC,Vegetables,Onion,26-05-2024,1.00,Metric Tonnes,3200.00,Rs./Quintal
Andhra Pradesh,Kurnool,Pattikonda APMC,Vegetables,Onion,27-05-2024,1.00,Metric Tonnes,3500.00,Rs./Quintal
Andhra Pradesh,Kurnool,Pattikonda APMC,Vegetables,Onion,28-05-2024,1.00,Metric Tonnes,3200.00,Rs./Quintal
Andhra Pradesh,Kurnool,Pattikonda APMC,Vegetables,Onion,29-05-2024,1.00,Metric Tonnes,3200.00,Rs./Quintal
Andhra Pradesh,Kurnool,Pattikonda APMC,Vegetables,Onion,30-05-2024,1.00,Metric Tonnes,3400.00,Rs./Quintal
Andhra Pradesh,Kurnool,Pattikonda APMC,Vegetables,Onion,31-05-2024,1.00,Metric Tonnes,3400.00,Rs./Quintal
Andhra Pradesh,Kurnool,Pattikonda APMC,Vegetables,Onion,01-06-2024,1.00,Metric Tonnes,3400.00,Rs./Quintal
Andhra Pradesh,Kurnool,Pattikonda APMC,Vegetables,Onion,02-06-2024,1.00,Metric Tonnes,3300.00,Rs./Quintal
Andhra Pradesh,Kurnool,Pattikonda APMC,Vegetables,Onion,03-06-2024,1.00,Metric Tonnes,3200.00,Rs./Quintal
Andhra Pradesh,Kurnool,Pattikonda APMC,Vegetables,Onion,13-06-2024,1.00,Metric Tonnes,3400.00,Rs./Quintal
Andhra Pradesh,Kurnool,Pattikonda APMC,Vegetables,Onion,14-06-2024,1.00,Metric Tonnes,3200.00,Rs./Quintal
Andhra Pradesh,Kurnool,Pattikonda APMC,Vegetables,Onion,15-06-2024,1.00,Metric Tonnes,3200.00,Rs./Quintal
Andhra Pradesh,Kurnool,Pattikonda APMC,Vegetables,Onion,19-06-2024,1.00,Metric Tonnes,3700.00,Rs./Quintal
Andhra Pradesh,Kurnool,Pattikonda APMC,Vegetables,Onion,20-06-2024,1.00,Metric Tonnes,3500.00,Rs./Quintal
Andhra Pradesh,Kurnool,Pattikonda APMC,Vegetables,Onion,21-06-2024,1.00,Metric Tonnes,3500.00,Rs./Quintal
Andhra Pradesh,Kurnool,Pattikonda APMC,Vegetables,Onion,22-06-2024,1.00,Metric Tonnes,4500.00,Rs./Quintal
Andhra Pradesh,Kurnool,Pattikonda APMC,Vegetables,Onion,23-06-2024,1.00,Metric Tonnes,4800.00,Rs./Quintal
Andhra Pradesh,Kurnool,Pattikonda APMC,Vegetables,Onion,24-06-2024,1.00,Metric Tonnes,4800.00,Rs./Quintal
Andhra Pradesh,Kurnool,Pattikonda APMC,Vegetables,Onion,25-06-2024,1.00,Metric Tonnes,4800.00,Rs./Quintal
Andhra Pradesh,Kurnool,Pattikonda APMC,Vegetables,Onion,26-06-2024,1.00,Metric Tonnes,4800.00,Rs./Quintal
Andhra Pradesh,Kurnool,Pattikonda APMC,Vegetables,Onion,28-06-2024,1.00,Metric Tonnes,4800.00,Rs./Quintal
Andhra Pradesh,Kurnool,Pattikonda APMC,Vegetables,Onion,29-06-2024,1.00,Metric Tonnes,4800.00,Rs./Quintal
Andhra Pradesh,Kurnool,Pattikonda APMC,Vegetables,Onion,30-06-2024,1.00,Metric Tonnes,4700.00,Rs./Quintal
Andhra Pradesh,Kurnool,Pattikonda APMC,Vegetables,Onion,01-07-2024,1.00,Metric Tonnes,4500.00,Rs./Quintal
Andhra Pradesh,Kurnool,Pattikonda APMC,Vegetables,Onion,02-07-2024,1.00,Metric Tonnes,4800.00,Rs./Quintal
Andhra Pradesh,Kurnool,Pattikonda APMC,Vegetables,Onion,03-07-2024,1.00,Metric Tonnes,4800.00,Rs./Quintal
Andhra Pradesh,Kurnool,Pattikonda APMC,Vegetables,Onion,04-07-2024,1.00,Metric Tonnes,4800.00,Rs./Quintal
Andhra Pradesh,Kurnool,Pattikonda APMC,Vegetables,Onion,05-07-2024,1.00,Metric Tonnes,4800.00,Rs./Quintal
Andhra Pradesh,Kurnool,Pattikonda APMC,Vegetables,Onion,06-07-2024,1.00,Metric Tonnes,4800.00,Rs./Quintal
Andhra Pradesh,Kurnool,Pattikonda APMC,Vegetables,Onion,07-07-2024,1.00,Metric Tonnes,4800.00,Rs./Quintal
Andhra Pradesh,Kurnool,Pattikonda APMC,Vegetables,Onion,08-07-2024,1.00,Metric Tonnes,4800.00,Rs./Quintal
Andhra Pradesh,Kurnool,Pattikonda APMC,Vegetables,Onion,09-07-2024,1.00,Metric Tonnes,4500.00,Rs./Quintal
Andhra Pradesh,Kurnool,Pattikonda APMC,Vegetables,Onion,10-07-2024,1.00,Metric Tonnes,3500.00,Rs./Quintal
Andhra Pradesh,Kurnool,Pattikonda APMC,Vegetables,Onion,11-07-2024,1.00,Metric Tonnes,4800.00,Rs./Quintal
Andhra Pradesh,Kurnool,Pattikonda APMC,Vegetables,Onion,12-07-2024,1.00,Metric Tonnes,4800.00,Rs./Quintal
Andhra Pradesh,Kurnool,Pattikonda APMC,Vegetables,Onion,13-07-2024,1.00,Metric Tonnes,4500.00,Rs./Quintal
Andhra Pradesh,Kurnool,Pattikonda APMC,Vegetables,Onion,14-07-2024,1.00,Metric Tonnes,4500.00,Rs./Quintal
Andhra Pradesh,Kurnool,Pattikonda APMC,Vegetables,Onion,15-07-2024,1.00,Metric Tonnes,4800.00,Rs./Quintal
Andhra Pradesh,Kurnool,Pattikonda APMC,Vegetables,Onion,16-07-2024,1.00,Metric Tonnes,4800.00,Rs./Quintal
Andhra Pradesh,Kurnool,Pattikonda APMC,Vegetables,Onion,19-07-2024,1.00,Metric Tonnes,4800.00,Rs./Quintal
Andhra Pradesh,Kurnool,Pattikonda APMC,Vegetables,Onion,20-07-2024,1.00,Metric Tonnes,4800.00,Rs./Quintal
Andhra Pradesh,Kurnool,Pattikonda APMC,Vegetables,Onion,21-07-2024,1.00,Metric Tonnes,4800.00,Rs./Quintal
Andhra Pradesh,Kurnool,Pattikonda APMC,Vegetables,Onion,22-07-2024,1.00,Metric Tonnes,4800.00,Rs./Quintal
Andhra Pradesh,Kurnool,Pattikonda APMC,Vegetables,Onion,23-07-2024,1.00,Metric Tonnes,4800.00,Rs./Quintal
Andhra Pradesh,Kurnool,Pattikonda APMC,Vegetables,Onion,24-07-2024,1.00,Metric Tonnes,4800.00,Rs./Quintal
Andhra Pradesh,Kurnool,Pattikonda APMC,Vegetables,Onion,29-07-2024,1.00,Metric Tonnes,4800.00,Rs./Quintal
Andhra Pradesh,Kurnool,Pattikonda APMC,Vegetables,Onion,30-07-2024,1.00,Metric Tonnes,4800.00,Rs./Quintal
Andhra Pradesh,Kurnool,Pattikonda APMC,Vegetables,Onion,31-07-2024,1.00,Metric Tonnes,4800.00,Rs./Quintal
Andhra Pradesh,Kurnool,Pattikonda APMC,Vegetables,Onion,03-08-2024,1.00,Metric Tonnes,4800.00,Rs./Quintal
Andhra Pradesh,Kurnool,Pattikonda APMC,Vegetables,Onion,04-08-2024,1.00,Metric Tonnes,4800.00,Rs./Quintal
Andhra Pradesh,Kurnool,Pattikonda APMC,Vegetables,Onion,05-08-2024,1.00,Metric Tonnes,4800.00,Rs./Quintal
Andhra Pradesh,Kurnool,Pattikonda APMC,Vegetables,Onion,06-08-2024,1.00,Metric Tonnes,4800.00,Rs./Quintal
Andhra Pradesh,Kurnool,Pattikonda APMC,Vegetables,Onion,07-08-2024,1.00,Metric Tonnes,4800.00,Rs./Quintal
Andhra Pradesh,Kurnool,Pattikonda APMC,Vegetables,Onion,08-08-2024,1.00,Metric Tonnes,4800.00,Rs./Quintal
Andhra Pradesh,Kurnool,Pattikonda APMC,Vegetables,Onion,09-08-2024,1.00,Metric Tonnes,4800.00,Rs./Quintal
Andhra Pradesh,Kurnool,Pattikonda APMC,Vegetables,Onion,10-08-2024,1.00,Metric Tonnes,4800.00,Rs./Quintal
Andhra Pradesh,Kurnool,Pattikonda APMC,Vegetables,Onion,11-08-2024,1.00,Metric Tonnes,4800.00,Rs./Quintal
Andhra Pradesh,Kurnool,Pattikonda APMC,Vegetables,Onion,12-08-2024,1.00,Metric Tonnes,4800.00,Rs./Quintal
Andhra Pradesh,Kurnool,Pattikonda APMC,Vegetables,Onion,14-08-2024,1.00,Metric Tonnes,4800.00,Rs./Quintal
Andhra Pradesh,Kurnool,Pattikonda APMC,Vegetables,Onion,27-08-2024,1.00,Metric Tonnes,4800.00,Rs./Quintal
Andhra Pradesh,Kurnool,Pattikonda APMC,Vegetables,Onion,28-08-2024,1.00,Metric Tonnes,4800.00,Rs./Quintal
Andhra Pradesh,Kurnool,Pattikonda APMC,Vegetables,Onion,29-08-2024,1.00,Metric Tonnes,4800.00,Rs./Quintal
Andhra Pradesh,Kurnool,Pattikonda APMC,Vegetables,Onion,30-08-2024,1.00,Metric Tonnes,4800.00,Rs./Quintal
Andhra Pradesh,Kurnool,Pattikonda APMC,Vegetables,Onion,31-08-2024,1.00,Metric Tonnes,4800.00,Rs./Quintal
Andhra Pradesh,Kurnool,Pattikonda APMC,Vegetables,Onion,03-09-2024,1.00,Metric Tonnes,4800.00,Rs./Quintal
Andhra Pradesh,Kurnool,Pattikonda APMC,Vegetables,Onion,04-09-2024,1.00,Metric Tonnes,4800.00,Rs./Quintal
Andhra Pradesh,Kurnool,Pattikonda APMC,Vegetables,Onion,05-09-2024,1.00,Metric Tonnes,4800.00,Rs./Quintal
Andhra Pradesh,Kurnool,Pattikonda APMC,Vegetables,Onion,06-09-2024,1.00,Metric Tonnes,5500.00,Rs./Quintal
Andhra Pradesh,Kurnool,Pattikonda APMC,Vegetables,Onion,07-09-2024,1.00,Metric Tonnes,4800.00,Rs./Quintal
Andhra Pradesh,Kurnool,Pattikonda APMC,Vegetables,Onion,08-09-2024,1.00,Metric Tonnes,4800.00,Rs./Quintal
Andhra Pradesh,Kurnool,Pattikonda APMC,Vegetables,Onion,09-09-2024,1.00,Metric Tonnes,4800.00,Rs./Quintal
Andhra Pradesh,Kurnool,Pattikonda APMC,Vegetables,Onion,10-09-2024,1.00,Metric Tonnes,4800.00,Rs./Quintal
Andhra Pradesh,Kurnool,Pattikonda APMC,Vegetables,Onion,11-09-2024,1.00,Metric Tonnes,4800.00,Rs./Quintal
Andhra Pradesh,Kurnool,Pattikonda APMC,Vegetables,Onion,12-09-2024,1.00,Metric Tonnes,4800.00,Rs./Quintal
Andhra Pradesh,Kurnool,Pattikonda APMC,Vegetables,Onion,13-09-2024,1.00,Metric Tonnes,4800.00,Rs./Quintal
Andhra Pradesh,Kurnool,Pattikonda APMC,Vegetables,Onion,16-09-2024,1.00,Metric Tonnes,4800.00,Rs./Quintal
Andhra Pradesh,Kurnool,Pattikonda APMC,Vegetables,Onion,17-09-2024,1.00,Metric Tonnes,4800.00,Rs./Quintal
Andhra Pradesh,Kurnool,Pattikonda APMC,Vegetables,Onion,18-09-2024,1.00,Metric Tonnes,4800.00,Rs./Quintal
Andhra Pradesh,Kurnool,Pattikonda APMC,Vegetables,Onion,19-09-2024,1.00,Metric Tonnes,4800.00,Rs./Quintal
Andhra Pradesh,Kurnool,Pattikonda APMC,Vegetables,Onion,20-09-2024,1.00,Metric Tonnes,4800.00,Rs./Quintal
Andhra Pradesh,Kurnool,Pattikonda APMC,Vegetables,Onion,22-09-2024,1.00,Metric Tonnes,4800.00,Rs./Quintal
Andhra Pradesh,Kurnool,Pattikonda APMC,Vegetables,Onion,23-09-2024,1.00,Metric Tonnes,4800.00,Rs./Quintal
Andhra Pradesh,Kurnool,Pattikonda APMC,Vegetables,Onion,25-09-2024,1.00,Metric Tonnes,4800.00,Rs./Quintal
Andhra Pradesh,Kurnool,Pattikonda APMC,Vegetables,Onion,26-09-2024,1.00,Metric Tonnes,4800.00,Rs./Quintal
Andhra Pradesh,Kurnool,Pattikonda APMC,Vegetables,Onion,27-09-2024,1.00,Metric Tonnes,4800.00,Rs./Quintal
Andhra Pradesh,Kurnool,Pattikonda APMC,Vegetables,Onion,28-09-2024,1.00,Metric Tonnes,4800.00,Rs./Quintal
Andhra Pradesh,Kurnool,Pattikonda APMC,Vegetables,Onion,29-09-2024,1.00,Metric Tonnes,4800.00,Rs./Quintal
Andhra Pradesh,Kurnool,Pattikonda APMC,Vegetables,Onion,30-09-2024,1.00,Metric Tonnes,4800.00,Rs./Quintal
Andhra Pradesh,Kurnool,Pattikonda APMC,Vegetables,Onion,01-10-2024,1.00,Metric Tonnes,4800.00,Rs./Quintal
Andhra Pradesh,Kurnool,Pattikonda APMC,Vegetables,Onion,02-10-2024,1.00,Metric Tonnes,4800.00,Rs./Quintal
Andhra Pradesh,Kurnool,Pattikonda APMC,Vegetables,Onion,03-10-2024,1.00,Metric Tonnes,4800.00,Rs./Quintal
Andhra Pradesh,Kurnool,Pattikonda APMC,Vegetables,Onion,04-10-2024,1.00,Metric Tonnes,4800.00,Rs./Quintal
Andhra Pradesh,Kurnool,Pattikonda APMC,Vegetables,Onion,05-10-2024,1.00,Metric Tonnes,4800.00,Rs./Quintal
Andhra Pradesh,Kurnool,Pattikonda APMC,Vegetables,Onion,06-10-2024,1.00,Metric Tonnes,4800.00,Rs./Quintal
Andhra Pradesh,Kurnool,Pattikonda APMC,Vegetables,Onion,07-10-2024,1.00,Metric Tonnes,4800.00,Rs./Quintal
Andhra Pradesh,Kurnool,Pattikonda APMC,Vegetables,Onion,15-10-2024,1.00,Metric Tonnes,4800.00,Rs./Quintal
Andhra Pradesh,Kurnool,Pattikonda APMC,Vegetables,Onion,16-10-2024,1.00,Metric Tonnes,4800.00,Rs./Quintal
Andhra Pradesh,Kurnool,Pattikonda APMC,Vegetables,Onion,17-10-2024,1.00,Metric Tonnes,4800.00,Rs./Quintal
Andhra Pradesh,Kurnool,Pattikonda APMC,Vegetables,Onion,18-10-2024,1.00,Metric Tonnes,4800.00,Rs./Quintal
Andhra Pradesh,Kurnool,Pattikonda APMC,Vegetables,Onion,19-10-2024,1.00,Metric Tonnes,4800.00,Rs./Quintal
Andhra Pradesh,Kurnool,Pattikonda APMC,Vegetables,Onion,20-10-2024,1.00,Metric Tonnes,4800.00,Rs./Quintal
Andhra Pradesh,Kurnool,Pattikonda APMC,Vegetables,Onion,21-10-2024,1.00,Metric Tonnes,4800.00,Rs./Quintal
Andhra Pradesh,Kurnool,Pattikonda APMC,Vegetables,Onion,22-10-2024,1.00,Metric Tonnes,4800.00,Rs./Quintal
Andhra Pradesh,Kurnool,Pattikonda APMC,Vegetables,Onion,23-10-2024,1.00,Metric Tonnes,4800.00,Rs./Quintal
Andhra Pradesh,Kurnool,Pattikonda APMC,Vegetables,Onion,24-10-2024,1.00,Metric Tonnes,4800.00,Rs./Quintal
Andhra Pradesh,Kurnool,Pattikonda APMC,Vegetables,Onion,25-10-2024,1.00,Metric Tonnes,4800.00,Rs./Quintal
Andhra Pradesh,Kurnool,Pattikonda APMC,Vegetables,Onion,26-10-2024,1.00,Metric Tonnes,3500.00,Rs./Quintal
Andhra Pradesh,Kurnool,Pattikonda APMC,Vegetables,Onion,27-10-2024,1.00,Metric Tonnes,3500.00,Rs./Quintal
Andhra Pradesh,Kurnool,Pattikonda APMC,Vegetables,Onion,28-10-2024,1.00,Metric Tonnes,3500.00,Rs./Quintal
Andhra Pradesh,Kurnool,Pattikonda APMC,Vegetables,Onion,29-10-2024,1.00,Metric Tonnes,3200.00,Rs./Quintal
Andhra Pradesh,Kurnool,Pattikonda APMC,Vegetables,Onion,30-10-2024,1.00,Metric Tonnes,2800.00,Rs./Quintal
Andhra Pradesh,Kurnool,Pattikonda APMC,Vegetables,Onion,01-11-2024,1.00,Metric Tonnes,2800.00,Rs./Quintal
Andhra Pradesh,Kurnool,Pattikonda APMC,Vegetables,Onion,02-11-2024,1.00,Metric Tonnes,2800.00,Rs./Quintal
Andhra Pradesh,Kurnool,Pattikonda APMC,Vegetables,Onion,03-11-2024,1.00,Metric Tonnes,2800.00,Rs./Quintal
Andhra Pradesh,Kurnool,Pattikonda APMC,Vegetables,Onion,04-11-2024,1.00,Metric Tonnes,2800.00,Rs./Quintal
Andhra Pradesh,Kurnool,Pattikonda APMC,Vegetables,Onion,05-11-2024,1.00,Metric Tonnes,2800.00,Rs./Quintal
Andhra Pradesh,Kurnool,Pattikonda APMC,Vegetables,Onion,06-11-2024,1.00,Metric Tonnes,2800.00,Rs./Quintal
Andhra Pradesh,Kurnool,Pattikonda APMC,Vegetables,Onion,08-11-2024,1.00,Metric Tonnes,2800.00,Rs./Quintal
Andhra Pradesh,Kurnool,Pattikonda APMC,Vegetables,Onion,09-11-2024,1.00,Metric Tonnes,2800.00,Rs./Quintal
Andhra Pradesh,Kurnool,Pattikonda APMC,Vegetables,Onion,10-11-2024,1.00,Metric Tonnes,2800.00,Rs./Quintal
Andhra Pradesh,Kurnool,Pattikonda APMC,Vegetables,Onion,11-11-2024,1.00,Metric Tonnes,2800.00,Rs./Quintal
Andhra Pradesh,Kurnool,Pattikonda APMC,Vegetables,Onion,12-11-2024,1.00,Metric Tonnes,2500.00,Rs./Quintal
Andhra Pradesh,Kurnool,Pattikonda APMC,Vegetables,Onion,13-11-2024,1.00,Metric Tonnes,1800.00,Rs./Quintal
Andhra Pradesh,Kurnool,Pattikonda APMC,Vegetables,Onion,14-11-2024,1.00,Metric Tonnes,1800.00,Rs./Quintal
Andhra Pradesh,Kurnool,Pattikonda APMC,Vegetables,Onion,15-11-2024,1.00,Metric Tonnes,1800.00,Rs./Quintal
Andhra Pradesh,Kurnool,Pattikonda APMC,Vegetables,Onion,22-11-2024,1.00,Metric Tonnes,2500.00,Rs./Quintal
Andhra Pradesh,Kurnool,Pattikonda APMC,Vegetables,Onion,23-11-2024,1.00,Metric Tonnes,2500.00,Rs./Quintal
Andhra Pradesh,Kurnool,Pattikonda APMC,Vegetables,Onion,24-11-2024,1.00,Metric Tonnes,2500.00,Rs./Quintal
Andhra Pradesh,Kurnool,Pattikonda APMC,Vegetables,Onion,25-11-2024,1.00,Metric Tonnes,2500.00,Rs./Quintal
Andhra Pradesh,Kurnool,Pattikonda APMC,Vegetables,Onion,27-11-2024,1.00,Metric Tonnes,2800.00,Rs./Quintal
Andhra Pradesh,Kurnool,Pattikonda APMC,Vegetables,Onion,28-11-2024,1.00,Metric Tonnes,2800.00,Rs./Quintal
Andhra Pradesh,Kurnool,Pattikonda APMC,Vegetables,Onion,29-11-2024,1.00,Metric Tonnes,3800.00,Rs./Quintal
Andhra Pradesh,Kurnool,Pattikonda APMC,Vegetables,Onion,30-11-2024,1.00,Metric Tonnes,3800.00,Rs./Quintal
Andhra Pradesh,Kurnool,Pattikonda APMC,Vegetables,Onion,02-12-2024,1.00,Metric Tonnes,4500.00,Rs./Quintal
Andhra Pradesh,Kurnool,Pattikonda APMC,Vegetables,Onion,03-12-2024,1.00,Metric Tonnes,4000.00,Rs./Quintal
Andhra Pradesh,Kurnool,Pattikonda APMC,Vegetables,Onion,04-12-2024,1.00,Metric Tonnes,4800.00,Rs./Quintal
Andhra Pradesh,Kurnool,Pattikonda APMC,Vegetables,Onion,05-12-2024,1.00,Metric Tonnes,4800.00,Rs./Quintal
Andhra Pradesh,Kurnool,Pattikonda APMC,Vegetables,Onion,06-12-2024,1.00,Metric Tonnes,4800.00,Rs./Quintal
Andhra Pradesh,Kurnool,Pattikonda APMC,Vegetables,Onion,07-12-2024,1.00,Metric Tonnes,4800.00,Rs./Quintal
Andhra Pradesh,Kurnool,Pattikonda APMC,Vegetables,Onion,08-12-2024,1.00,Metric Tonnes,4800.00,Rs./Quintal
Andhra Pradesh,Kurnool,Pattikonda APMC,Vegetables,Onion,09-12-2024,1.00,Metric Tonnes,4800.00,Rs./Quintal
Andhra Pradesh,Kurnool,Pattikonda APMC,Vegetables,Onion,10-12-2024,1.00,Metric Tonnes,4800.00,Rs./Quintal
Andhra Pradesh,Kurnool,Pattikonda APMC,Vegetables,Onion,11-12-2024,1.00,Metric Tonnes,4800.00,Rs./Quintal
Andhra Pradesh,Kurnool,Pattikonda APMC,Vegetables,Onion,12-12-2024,1.00,Metric Tonnes,4800.00,Rs./Quintal
Andhra Pradesh,Kurnool,Pattikonda APMC,Vegetables,Onion,13-12-2024,1.00,Metric Tonnes,5500.00,Rs./Quintal
Andhra Pradesh,Kurnool,Pattikonda APMC,Vegetables,Onion,14-12-2024,1.00,Metric Tonnes,5500.00,Rs./Quintal
Andhra Pradesh,Kurnool,Pattikonda APMC,Vegetables,Onion,15-12-2024,1.00,Metric Tonnes,6000.00,Rs./Quintal
Andhra Pradesh,Kurnool,Pattikonda APMC,Vegetables,Onion,16-12-2024,1.00,Metric Tonnes,6000.00,Rs./Quintal
Andhra Pradesh,Kurnool,Pattikonda APMC,Vegetables,Onion,17-12-2024,1.00,Metric Tonnes,6500.00,Rs./Quintal
Andhra Pradesh,Kurnool,Pattikonda APMC,Vegetables,Onion,18-12-2024,1.00,Metric Tonnes,6500.00,Rs./Quintal
Andhra Pradesh,Kurnool,Pattikonda APMC,Vegetables,Onion,19-12-2024,1.00,Metric Tonnes,6000.00,Rs./Quintal
Andhra Pradesh,Kurnool,Pattikonda APMC,Vegetables,Onion,20-12-2024,1.00,Metric Tonnes,6000.00,Rs./Quintal
Andhra Pradesh,Kurnool,Pattikonda APMC,Vegetables,Onion,21-12-2024,1.00,Metric Tonnes,6000.00,Rs./Quintal
Andhra Pradesh,Kurnool,Pattikonda APMC,Vegetables,Onion,22-12-2024,1.00,Metric Tonnes,1400.00,Rs./Quintal
Andhra Pradesh,Kurnool,Pattikonda APMC,Vegetables,Onion,23-12-2024,1.00,Metric Tonnes,4800.00,Rs./Quintal
Andhra Pradesh,Kurnool,Pattikonda APMC,Vegetables,Onion,26-12-2024,1.00,Metric Tonnes,4800.00,Rs./Quintal
Andhra Pradesh,Kurnool,Pattikonda APMC,Vegetables,Onion,27-12-2024,1.00,Metric Tonnes,4800.00,Rs./Quintal
Andhra Pradesh,Kurnool,Pattikonda APMC,Vegetables,Onion,28-12-2024,1.00,Metric Tonnes,4800.00,Rs./Quintal
Andhra Pradesh,Kurnool,Pattikonda APMC,Vegetables,Onion,29-12-2024,1.00,Metric Tonnes,4800.00,Rs./Quintal
Andhra Pradesh,Kurnool,Pattikonda APMC,Vegetables,Onion,30-12-2024,1.00,Metric Tonnes,4800.00,Rs./Quintal
Andhra Pradesh,Kurnool,Pattikonda APMC,Vegetables,Onion,31-12-2024,1.00,Metric Tonnes,4800.00,Rs./Quintal
Andhra Pradesh,Kurnool,Pattikonda APMC,Vegetables,Onion,15-01-2025,1.00,Metric Tonnes,4200.00,Rs./Quintal
Andhra Pradesh,Kurnool,Pattikonda APMC,Vegetables,Onion,16-01-2025,1.00,Metric Tonnes,4200.00,Rs./Quintal
Andhra Pradesh,Kurnool,Pattikonda APMC,Vegetables,Onion,22-01-2025,1.00,Metric Tonnes,3200.00,Rs./Quintal
Andhra Pradesh,Kurnool,Pattikonda APMC,Vegetables,Onion,23-01-2025,1.00,Metric Tonnes,4000.00,Rs./Quintal
Andhra Pradesh,Kurnool,Pattikonda APMC,Vegetables,Onion,24-01-2025,1.00,Metric Tonnes,4800.00,Rs./Quintal
Andhra Pradesh,Kurnool,Pattikonda APMC,Vegetables,Onion,25-01-2025,1.00,Metric Tonnes,3800.00,Rs./Quintal
Andhra Pradesh,Kurnool,Pattikonda APMC,Vegetables,Onion,26-01-2025,1.00,Metric Tonnes,3800.00,Rs./Quintal
Andhra Pradesh,Kurnool,Pattikonda APMC,Vegetables,Onion,27-01-2025,1.00,Metric Tonnes,3500.00,Rs./Quintal
Andhra Pradesh,Kurnool,Pattikonda APMC,Vegetables,Onion,28-01-2025,1.00,Metric Tonnes,3800.00,Rs./Quintal
Andhra Pradesh,Kurnool,Pattikonda APMC,Vegetables,Onion,29-01-2025,1.00,Metric Tonnes,3800.00,Rs./Quintal
Andhra Pradesh,Kurnool,Pattikonda APMC,Vegetables,Onion,30-01-2025,1.00,Metric Tonnes,3800.00,Rs./Quintal
Andhra Pradesh,Kurnool,Pattikonda APMC,Vegetables,Onion,31-01-2025,1.00,Metric Tonnes,3500.00,Rs./Quintal
Andhra Pradesh,Kurnool,Pattikonda APMC,Vegetables,Onion,01-02-2025,1.00,Metric Tonnes,3800.00,Rs./Quintal
Andhra Pradesh,Kurnool,Pattikonda APMC,Vegetables,Onion,02-02-2025,1.00,Metric Tonnes,3200.00,Rs./Quintal
Andhra Pradesh,Kurnool,Pattikonda APMC,Vegetables,Onion,03-02-2025,1.00,Metric Tonnes,3500.00,Rs./Quintal
Andhra Pradesh,Kurnool,Pattikonda APMC,Vegetables,Onion,04-02-2025,1.00,Metric Tonnes,3200.00,Rs./Quintal
Andhra Pradesh,Kurnool,Pattikonda APMC,Vegetables,Onion,05-02-2025,1.00,Metric Tonnes,3200.00,Rs./Quintal
Andhra Pradesh,Kurnool,Pattikonda APMC,Vegetables,Onion,06-02-2025,1.00,Metric Tonnes,3200.00,Rs./Quintal
Andhra Pradesh,Kurnool,Pattikonda APMC,Vegetables,Onion,07-02-2025,1.00,Metric Tonnes,3200.00,Rs./Quintal
Andhra Pradesh,Kurnool,Pattikonda APMC,Vegetables,Onion,08-02-2025,1.00,Metric Tonnes,3200.00,Rs./Quintal
Andhra Pradesh,Kurnool,Pattikonda APMC,Vegetables,Onion,09-02-2025,1.00,Metric Tonnes,3200.00,Rs./Quintal
Andhra Pradesh,Kurnool,Pattikonda APMC,Vegetables,Onion,10-02-2025,1.00,Metric Tonnes,3200.00,Rs./Quintal
Andhra Pradesh,Kurnool,Pattikonda APMC,Vegetables,Onion,11-02-2025,1.00,Metric Tonnes,3200.00,Rs./Quintal
Andhra Pradesh,Kurnool,Pattikonda APMC,Vegetables,Onion,12-02-2025,1.00,Metric Tonnes,3200.00,Rs./Quintal
Andhra Pradesh,Kurnool,Pattikonda APMC,Vegetables,Onion,13-02-2025,1.00,Metric Tonnes,3200.00,Rs./Quintal
Andhra Pradesh,Kurnool,Pattikonda APMC,Vegetables,Onion,14-02-2025,1.00,Metric Tonnes,3200.00,Rs./Quintal
Andhra Pradesh,Kurnool,Pattikonda APMC,Vegetables,Onion,15-02-2025,1.00,Metric Tonnes,3200.00,Rs./Quintal

Note:
Weighted Average Price = ∑(arrival quantity * modal price) / ∑arrival quantity

